email,status,user_id,error
rhulani.maluleke@wits.ac.za,skipped,,A user with this email address has already been registered
2588649@students.wits.ac.za,skipped,,A user with this email address has already been registered
thato.mog19@gmail.com,skipped,,A user with this email address has already been registered
3055089@students.wits.ac.za,created,1e2563cc-fc62-452e-ba76-c10c7d986cbe,
2877792@students.wits.ac.za,created,0416bed5-4eff-407e-a0d4-75883dd5e940,
2709761@students.wits.ac.za,created,469d2584-733c-4553-8810-5378667e18cc,
3036850@students.wits.ac.za,created,4b2c8f35-33c2-4e8e-acee-00ea5e210dd5,
fortunemabote4@gmail.com,created,e10f35bb-d1e3-426c-8924-5733e6e9c954,
2427047@students.wits.ac.za,created,71a1cb41-854e-45f3-babb-a11ee49d36e8,
2626845@students.wits.ac.za,created,4452fc76-28c0-4574-b27e-c50c798d0268,
2684986@students.wits.ac.za,created,a5d36665-0949-499a-8c45-dd5e577e2f55,
2467246@students.wits.ac.za,created,629905ad-45fb-4b7e-ba1c-5f59cd8675f3,
3003122@Students.wits.ac.za,created,3f523dec-4714-4c3f-9d20-764f2274c0cb,
2566152@students.wits.ac.za,created,a65407f0-7899-4776-9585-ee9334e2b29f,
2669307@students.wits.ac.za,created,44fe1cef-a433-4949-a194-13e67b1797e4,
roserosinah26@icloud.com,created,fc3b56f4-06e6-4ec6-a178-f8fddddbc092,
2541496@students.wits.ac.za,created,d3c1561d-582d-4bc1-a6c7-d9b7ef86e6ae,
2702343@students.wits.ac.za,created,f3410e7f-4d85-4a6b-a048-c8dce3d3bd9e,
cebisilebanda@gmail.com,created,3632ed56-3a6a-41d0-a617-410ea81d08d9,
2456556@students.wits.ac.za,created,39912f14-a8fa-4db6-b096-e9a84dc4bd21,
2549151@students.wits.ac.za,created,da9d4eef-ea57-47bb-b7d5-0b72e37250f0,
vocosiyabulela7@gmail.com,created,5b7fefed-0e81-4bdb-a914-336bc3e23ada,
2857850@students.wits.ac.za,created,4690433e-4979-4d3f-b13e-54a009dea564,
2446760@students.wits.ac.za,created,c1058835-ec5e-4ada-9e98-7692e635158a,
2427355@students.wits.ac.za,created,e56f0c1f-d2d6-4fe7-9d47-0af7af0dc459,
2764610@students.wits.ac.za,created,2871d3aa-155a-4d36-8382-4ea911d378e3,
2558377@students.wits.ac.za,created,fcd95531-1992-43bd-8354-f1405e4dc956,
2509216@students.wits.ac.za,created,6c3528e3-f033-4049-8773-a1e9149f175d,
2686147@students.wits.ac.za,created,d74a2fe7-0510-4905-9437-aa7699126de8,
2740710@students.wits.ac.za,created,18bb80e3-a295-42f3-9837-388cc21b046a,
2683959@stidents.wits.ac.za,created,c746d08c-8e71-44ac-b09c-3f3a5c2cba97,
2688072@students.wits.ac.za,created,a193299c-420d-4e46-a19a-e15cb9c98898,
A0078164@wits.ac.za,created,2106dbfd-538a-496b-82c1-bc434fd966ed,
2718876@students.wits.ac.za,created,07950e0c-cb0f-4b15-8c57-4a2a9cda93e1,
2660590@students.wits.ac.za,created,3bcab4ec-96aa-43c0-bd42-176da89e4a9c,
2953106@students.wits.co.za,created,215cf0ce-2e92-4051-9d47-4a716129fa1b,
2972847@students.wits.ac.za,created,6279e5fe-2ed3-4e5e-9293-4d1556e9e484,
2719396@students.wits.ac.za,created,70379863-ffa3-4388-b29c-db8635b3ab9c,
Anthonyakueche@gmail.com,created,e8edb016-6039-4f28-ae45-7e562c185bbe,
2698305@students.wits.ac.za,created,4ab4e031-3d26-4e15-954b-7d312dd5d85b,
3028538@students.wits.ac.za,created,c9c77bcf-20a8-4ef2-b87b-5af5674725fe,
2719085@students.wits.ac.za,created,cf79c038-7325-4413-bad2-e1f8b0b27662,
3038733@students.wits.ac.za,created,3efae792-ad8b-4023-a66f-599cb76c1c49,
karabolegodi799@gmail.com,created,34e84b57-2462-41a2-a010-b03c74875e73,
2657247@students.wits.ac.za,created,09b4e397-86de-4dbe-a8de-2f598f1054c6,
2672018@students.wits,created,e6197bd2-e996-41a8-b650-7034164d66c6,
2953373@students.wits.ac.za,created,bd40ea05-7ad0-486b-b1af-386423aadea7,
2942528@students.wits.ac.za,created,09c139b4-da94-4f0a-9164-bf473b0225bd,
Ndamulelophalanndwa177@gmail.com,created,4b3ec9a3-4714-4ebd-a28a-55d2ded07691,
2702566@students.wits.ac.za,created,761d95a1-06ad-4584-9a17-8195d734126f,
2846670@students.wits.ac.za,created,68979652-e980-4517-9b64-2e2d6a442baf,
818826@students.wits.ac.za,created,794c19c0-85a3-4fae-8947-7a1d89ce59e7,
2429708@students.wits.ac.za,created,a0ca34f9-cd33-4107-b7b2-200daf823245,
2550538@students.wits.ac.za,created,6a349308-80fb-4c31-bb46-3b3138ebc460,
3125645@students.wits.ac.za,created,dca33fb4-c7b2-480b-a3f9-73af299a2534,
3171537@students.wits.ac.za,created,659683cc-d93b-4d27-9a59-7d8f3547e3be,
2693820@students.wits.ac.za,created,e53a1f3e-11be-4ca0-a3ea-5cd8e2788229,
2805348@students.wits.ac.za,created,3010fd1d-16ee-41c2-ada6-6e8cd1f4a418,
2734198@students.wits.ac.za,created,5e9d0fad-6cc7-4442-a019-14709a5e1ec1,
2940729@students.wits.ac.za,created,6d53095d-0d3b-48eb-b1cd-9c764dd1e4a1,
1041568@students.wits.ac.za,created,e0e90ca7-e283-4cdf-8d2e-c678d7948f38,
ramulondinonhlanhla@gmail.com,created,a526f4d1-79b4-443a-a2c1-c0aebb00d3ed,
vuyo.mthethwa98@gmail.com,created,df83d3e1-882e-48e6-a1d8-a76b3f17682c,
2670290@students.wits.ac.za,created,d73591a2-e565-47e5-a0d9-882ba2955794,
bernard74y@gmail.com,created,0f68503f-af6f-4a03-aecc-9d5be646fe02,
2565433@students.wits.ac.za,created,f4ab8354-7d98-4429-819b-807a16779aa9,
2804387@students.wits.ac.za,created,1f44e9ac-4021-4f62-bc2c-8e8feb1ffcff,
ajilogbademilade@gmail.com,created,33361553-9c93-4ed3-9197-fcc067c39c6e,
2961927@students.wits.ac.za,created,c130c5a1-5587-4337-bb32-19d04d189e61,
2728021@students.wits.ac.za,created,0cad3ccf-4279-4669-b1a1-a3e3c62b9776,
2942745@students.wits.ac.za,created,20995ab8-c82b-4f84-9d3e-061368d18044,
2820163@students.wits.ac.za,created,e6c2313a-80b2-4bda-9881-6f28a34df46c,
2432646@students.wits.ac.za,created,f8a49151-3c04-4efe-98ea-a7847cba4384,
1814614@students.wits.ac.za,created,b6bd2cf3-50fe-40d2-b8fe-548ba903e3ce,
2483931@students.wits.ac.za,created,032c339c-2fcd-418f-a96d-37f217f74af7,
2821003@students.wits.ac.za,created,4f1e874f-7c9e-4e79-a8de-88536b58222e,
2869096@students.wits.ac.za,created,bd780981-f92e-4760-bdb1-31b2ce2cb7d6,
bahulasmt@gmail.com,created,99f396bc-9e79-4d38-a841-d1e8de715ace,
Salomemokumo183@gmail.com,created,6ec4ad50-e3f2-4335-9ae9-8d4111b3e374,
3031635@students.wits.ac.za,created,2fabf594-81a6-4318-bd14-f2f4508ed593,
2324241@students.wits.ac.za,created,2634d595-9686-4863-86fd-f54d4934cb2b,
2660735@students.wits.ac.za,created,24277d62-8325-4792-baaf-ff80de41cd6e,
2691750@students.wits.ac.za,created,c00c5be1-faf6-4012-8793-a311a28dcbc2,
2542420@students.wits.ac.za,created,4a8846fb-8a59-46f0-a3d4-3da073c2125b,
nkosingiphilemkhaliphi0@gmail.com,created,aa2f05a9-e0ad-40d5-8531-b3df944b6539,
2848838@students.wits.ac.za,created,ec6a971b-77b0-4c4a-8502-42be5486e27a,
2967987@students.wits.ac.za,created,b96ffd90-b2a4-47e5-9daa-85fb42a30254,
2879362@students.wits.ac.za,created,e0bc42ff-13d8-40cb-bf92-d785bc0447f8,
2350967@students.wits.ac.za,created,6301e06e-f6f1-452f-a329-8fedfe7c535c,
Dlaminy22@gmail.com,created,1fde3ad1-8ff4-402f-9abb-c72f7c5e8dff,
1098564@students.wits.ac.za,created,a3d093d0-84b3-4f60-8bf2-6007df98ba33,
2559317@students.wits.ac.za,created,8ee57be8-ed93-4e03-900f-c26dabf5e47a,
2698021@students.wits.ac.za,created,e2c64335-b423-4f43-b335-cdb5d7d6df78,
Aphelelemlungu03@gmail.com,created,30b84f11-da83-40cc-b5db-0be56708a64b,
2738813@students.wits.ac.za,created,7a35efcf-8eec-403c-993b-8aa75b99ac19,
2720268@students.wits.ac.za,created,10465f7c-01dc-4188-9654-87be28a80223,
2801525@students.wits.ac.za,created,012426d7-549d-4f30-8a72-f50211fa0762,
2995258@students.wits.ac.za,created,54ca80a6-4e96-47d5-bc5f-becce0da3d14,
2661595@students.wits.ac.za,created,33d04a2a-12c7-44b2-a584-b11d395ba8e7,
2734916@students.wits.ac.za,created,b316987c-2cf5-426e-9f58-c5c7cd868d24,
2826389@students.wits.ac.za,created,60a982d6-6f12-4a11-962f-536df455464e,
2594871@students.wits.ac.za,created,e619f994-76fb-44d2-8ac5-934c12202e25,
khomotsoprecious98@gmail.com,created,7edc5530-8de3-4d78-a50a-988e184e088f,
2951455@students.wits.ac.za,created,bf0745dc-f444-4f1b-ace6-518a6efcad5e,
2591282@students.wits.ac.za,created,ecbfe000-33ae-463f-90d8-ca32943ff97e,
2588631@students.wits.ac.za,created,78bbe546-a8cb-4707-8510-f8bc98499551,
3136420@students.wits.ac.za,created,9f8c6858-2424-4fb0-ab35-360e3e4ba9bd,
2487517@students.wits.ac.za,created,3c60f8b4-951c-4b29-92fb-0562be027532,
3024631@students.wits.ac.za,created,1d3af4b7-9ecf-4600-8b1b-b3ee01f22c93,
1631460@students.wits.ac.za,created,780cfd28-0e73-417d-b4f9-6795584f107f,
2809038@students.wits.ac.za,created,31913e93-2768-44c2-97f0-2fead1c0923a,
sphamandlavilakazi926@gmail.com,created,5e098bed-dd77-43d5-9d11-4be782e17d27,
2683604@students.wits.ac.za,created,00227f7f-2dd2-40b0-b40b-4ccfd1ff7f44,
3083243@students.wits.ac.za,created,86efb32b-edb0-4da6-a9df-d6da42a3d41a,
2807006@students.wits.ac.za,created,60f4b469-10c3-421f-8bd7-11b4f983f41b,
2835637@students.wits.ac.za,created,0ed3f883-2914-4ef4-aa0e-cb0d5aba8d02,
anitangubevana@gmail.com,created,eabe54ee-e90a-4827-892f-f1b3a4231e22,
2436438@students.wits.ac.za,created,422e3a14-273f-4285-89a3-b4fd5da93d49,
2802418@students.wits.ac.za,created,87946820-4b01-41f6-baf6-6d5e522ec812,
2815188@students.wits.ac.za,created,262b922e-b43b-46ec-9605-70e2e78ab8a4,
sitholesanele53@gmail.com,created,a17a90b6-89cc-4205-9830-13505946c7ac,
3119288@students.wits.ac.za,created,b82b5b82-83c7-4d7e-9c35-7581296fe59e,
3084369@students.wits.ac.za,created,05ec263b-dbd2-488c-8f6e-52d8164f4c9a,
3066923@students.wits.ac.za,created,52bec15c-fb5f-48ac-b16d-c6b52c0bc3f1,
kgomotsorefiloe25102005@gmail.com,created,55e75538-1840-421b-90bd-977e0ac70521,
3038286@students.wits.ac.za,created,ea8b5f47-7540-46ad-96e5-7342979807da,
3001754@students.wits.ac.za,created,8adfcbac-bab1-4a5c-b90e-855177efe6f9,
3096683@students.wits.ac.za,created,9f7a0535-2064-4d88-89b0-7091ed31f7ca,
3136948@students.wits.ac.za,created,5078955e-156b-4d3e-8a4d-09bd44c8761b,
3148315@students.wits.ac.za,created,39c4ce89-b3f9-49f9-8c54-be892c7f9889,
masekohawa6@gmail.com,created,ebfaee00-3711-4287-8529-c064f70330c3,
2697900@students.wits.ac.za,created,7eddd028-2306-4971-a821-c7b84c527a91,
2965013@students.wits.ac.za,created,9f833095-dc80-4976-9c21-439ef1732b57,
3070016@students.wits.ac.za,created,41645f9c-8341-4235-b2d2-339f9a904635,
3133566@students.wits.ac.za,created,89987269-a578-4976-b909-17955a2971da,
2946447@students.wits.ac.za,created,1835ae57-d0cc-48b4-9524-4f7cc132f96f,
3062628@students.wits.za,created,ea453bf4-9a0f-46d8-a9de-108597fd6cb2,
2894786@students.wits.ac.za,created,c62702dd-ea7e-47b7-b0ae-9d6b69465647,
3062734@students.wits.ac.za,created,35d49d04-edd2-48e6-a9f3-5cb441d0c81a,
3175311@students.wits.ac.za,created,32e7bc4c-62a2-4411-b7f4-f87184c3bc1d,
3123572@students.wits.ac.za,created,7a1c4a72-a961-43b8-9515-6e306ec6e920,
3036960@wits.ac.za,created,7875c98f-fce1-4cb6-8492-430d709ee154,
2556974@students.wits.ac.za,created,048cfebf-92d8-492b-9d38-10327259f855,
3060751@students.wits.ac.za,created,560e5bf7-e8aa-4fd8-8dd4-4b570d455513,
3090474@students.wits.ac,created,d61804b3-f87e-4b2b-a7f3-a2b35d8d48e8,
3106957@students.wits.ac.za,created,17723194-e36a-46a8-a43a-0a09af662c87,
3085433@students.wits.ac.za,created,adcd0204-bd85-4adb-9630-2e9ef726adb6,
3084293@students.wits.ac.za,created,4424afd3-24d4-4160-80f9-08ea99aca1ac,
3089241@students.wits.ac.za,created,4c5c08e8-2900-40b0-854c-abe30d072c13,
3093926@students.wits.ac.za,created,0c3a6156-6874-435d-9d69-16be0ad77d17,
3062621@students.wits.ac.za,created,3e52166d-4c4b-4e26-a543-ba161bd16517,
3091098@students.wits.ac.za,created,6cf5f4d7-bb5e-4c00-807a-487dc393456a,
2969291@students.wits.ac.za,created,a2da083c-4998-4dc0-89d0-cccc2109b7e0,
3147794@students.co.za,created,ed6274df-78d3-421d-98f3-0de4005bd8ed,
sokalamatshitshi@gmail.com,created,bbae3468-74e6-427f-bcb3-ca235df83bf6,
3106797@students.wits.ac.za,created,19855c63-f24a-4331-be5b-abf4ae430982,
3175700@students.wits.ac.za,created,94d82529-7f53-436b-97cb-394023ee6487,
neofranschilengue@gmail.com,created,2d8e483b-8e9e-4122-85cb-7e061a989f0c,
3130910@students.wits.co.za,created,c4206900-9c7b-44ca-80b4-9f70c68b11aa,
3119765@students.wits.ac.za,created,a1ca8084-7f46-46a7-92e9-1ac27e3d3f89,
2993948@students.wits.ac.za,created,d01314e7-55df-438e-b557-3507eb2ab218,
3099902@students.wits.ac.za,created,681b6ce0-3233-4e7f-b8e5-91db7bdf77d6,
2948084@students.wits.ac.za,created,1332918c-dede-4546-9cb9-b4cefca6a419,
2830927@students.wits.ac.za,created,bb9f2268-f56f-41b8-be56-a4c8100e4397,
2799935@students.wits.ac.za,created,2bacd177-f30f-4e54-bf87-80f1943eff65,
3085677@students.wits.ac.za,created,1e0d14cd-cfd8-4873-8382-331c5d930817,
2974524@wits.ac.za,created,55ce6dbd-b373-495a-9f90-07a0269e690e,
2799394@students.wits.ac.za,created,20b0ab6f-c082-4ed2-9b68-0f4f30b20e9a,
3147722@students.wits.ac.za,created,ff2756b6-62e9-4537-b00f-2ba31aeb6c0a,
3145104@students.wits.ac.za,created,097029fb-a4df-4480-91f4-ebe9e710f3fb,
2833052@students.wits.ac.za,created,29869717-2443-4b32-a07b-7ea1b670900f,
2818068@students.wits.ac.za,created,2219a4be-d34a-4d58-9c73-ac5cb2fcf3f9,
3112095@students.wits.ac.za,created,76cd5317-5de6-4525-8955-0143662ccc9e,
3116988@students.wits.ac.za,created,f37d7040-218a-4660-9069-8e1e8faa8d88,
2981779@students.wits.ac.za,created,b3a3f64b-b516-4e83-a37e-9f684cef3499,
2965902@students.wits.ac.za,created,7f8d643b-785b-465e-9c42-49289385d26d,
3007279@students.wits.ac.za,created,9125dfff-c9a3-46af-843a-6c11047be1a6,
3071652@students.wits.ac.za,created,137f7f17-9fb0-4787-bfdd-e14db522c1f5,
3117967@students.wits.ac.za,created,f5e369f1-94dd-4e47-86d2-09e02abec3ec,
3132584@students.ac.za,created,27f12f88-df11-4248-ab9c-795566022981,
3093023@students.wits.ac.za,created,3be03059-fde4-428a-abba-ec900ce68ac7,
3137733@students.wits.ac.za,created,3100c755-8ede-4b28-93db-38f6705ff0f9,
2975987@students.wits.ac.za,created,07af96ea-6041-4039-8743-88def537daac,
2808282@students.wits.ac.za,created,6aa8952e-4582-4103-b1aa-06bdc8e13a61,
2858459@students.wits.ac.za,created,e056084b-7514-4197-8fe1-b013ff581111,
2666413@students.wits.ac.za,created,939b99b9-1abb-4964-a03c-d4f46413da23,
2874937@students.wits.ac.za,created,0f928937-57b3-4c08-9624-6849711318db,
2555451@students.wits.ac.za,created,bebf601d-7ea4-4d62-af1e-235c0b993d6c,
2542031@students.wits.ac.za,created,685830ad-9a88-42ae-921c-7958f1d6da76,
2813883@students.wits.ac.za,created,48c91b77-1e58-4cd7-9fdd-14fba5e88785,
3104425@students.wits.ac.za,created,dcec9d34-d124-4a28-b70a-13ec7464e3ae,
2844875@students.wits.ac.za,created,315a14ee-1d7e-49a7-839b-26130b44061e,
2873287@students.wits.ac.za,created,a505bfc8-5a14-4d58-aa0f-9a9fc34efeed,
3009220@students.wits.ac.za,created,eb1d03f9-e9a7-4ab2-bd65-d13af3bf4a64,
3013370@icloud.com,created,88c8cab1-1206-4143-9eae-e9a6d9072f08,
2572561@students.wits.ac.za,created,b8b8c6c5-243d-4b9e-84f7-478362c72826,
3154098@students.wits.ac.za,created,109631ab-6061-4ba1-8ea6-40bfb7216b58,
2975990@students.wits.ac.za,created,1b2a379a-a3da-4198-8fc0-c9e09d919b97,
3107306@students.wits.ac.za,created,cd77bc7c-1085-4160-bba8-d7115fab7ac4,
3106375@students.wits.ac.za,created,8fcfcbe2-f2db-4576-ae3b-d445e8ec33eb,
2674141@students.wits.ac.za,created,fdd9ee88-9b0a-4683-adb7-634bd9c455f7,
3129092@students.wits.ac.za,created,6d316765-3c15-422d-8128-ea03cd663360,
3001281@students.wits.ac.za,created,848a8de1-26ba-449e-8651-3957b6607929,
2687229@students.wits.ac.za,created,b35d3c89-6bff-47d5-82c6-54649d7fe076,
muanomulega58@gmail.comm,created,ce16fbb7-1fbb-47d1-9fce-e7d218281241,
2690505@students.wits.ac.za,created,29ae46ec-765b-4e0d-a8f1-a1dc05795909,
2868965@students.wits.ac.za,created,b57a8514-216b-400c-b632-348cafcc0f9f,
3126291@students.wits.ac.za,created,a650747a-5863-4225-bf67-86724293ead6,
3127047@students.wits.ac.za,created,8f176eea-7cb1-43ef-a1ff-ef185299bd76,
3134549@students.wits.ac.za,created,490685f6-7c03-4e49-bba4-bf76f1e9d7b6,
2467251@students.wits.ac.za,created,4d31996a-5df6-4f53-bbe6-54fbb59bceec,
2612950@students.wits.ac.za,created,0085e553-d624-44d5-aaff-0e03f3a02785,
3112109@students.wits.ac.za,created,480ba506-b790-4943-8fa5-b436cf78b1ff,
Mmaswimakobe244@gmail.com,created,d456861d-7582-4ac4-8775-74b2ffcff2b3,
Mokonyanemakobe1@gmail.com,created,8227abae-5cd7-4b82-816c-fb0e9f439bf3,
3132807@students.wits.ac.za,created,1b525e50-2e82-4592-9cc0-7808e092e7d8,
anitaci.obi@gmail.com,created,1ad30144-0ef8-4276-8419-a97b5926e532,
3093704@students.wits.ac.za,created,8cfaaf7d-f663-4b8d-9e2d-01ba68adb2cf,
2834057@students.wits.ac.za,created,f0519d3e-2412-44e0-b274-42caa6ab0623,
2548081@students.wits.ac.za,created,387e78fb-d083-4084-a1f9-ff4710e2a7cc,
3137864@students.wits.ac.za,created,a38eaa06-5b97-48c3-bc50-ec5a5fef7bdd,
2955875@students.wits.ac.za,created,200158f4-e5c2-4747-9bbe-1d3068a4d24d,
3092804@students.wits.ac.za,created,3662ab76-024c-4f34-81bf-a5d594dd7cd2,
3093226@students.wits.ac.za,created,57c4fca3-dbf5-41bb-b232-4075fddaf513,
3149571@students.wits.ac.za,created,dd8d8ba5-a56f-489b-9db4-4fdd4916e2b5,
2556211@students.wits.ac.za,created,d6651777-05ab-42b9-879a-e025a6bb49d6,
3094692@students.wits.ac.za,created,32c2a8df-668f-4f68-b89d-4f208609f101,
2805874@students.wits.ac.za,created,4285026b-b1f5-4cdf-b7bc-43ff4d8f0569,
2431658@students.wits.ac.za,created,15fb6888-2408-4038-b7c4-982a7d16e485,
3117033@students.wits.ac.za,created,9f045713-f942-4a78-80e4-761e4a0776c9,
3142911@wits.students.ac.za,created,ad47a306-3349-48f7-9a98-ef0177d03a64,
2580548@students.wits.ac.za,created,9c5da5fd-adf8-41b8-bbd6-81a0fdd2536f,
2801257@students.wits.ac.za,created,7e4d6767-b2be-461b-8e50-feb3c3962779,
2964067@students.wits.ac.za,created,0630e591-5605-4a89-88e5-91bd7c63e228,
3073227@students.wits.ac.za,created,fe5e75d1-60d2-4e7c-8eb7-d6b861685ef8,
2999311@students.wits.ac.za,created,b2797d28-6330-4d09-9864-20e693f6171f,
2074660@students.wits.ac.za,created,02e226e0-1987-4123-b067-41ece06b8902,
3097045@students.wits.ac.za,created,1afa0685-6e9b-411d-9f26-37b63490687d,
2326190@students.wits.ac.za,created,b466ed27-03d5-4aaf-99e4-ddff0c89056c,
2210392@students.wits.ac.za,created,0b3988aa-4407-4560-918b-6e0b0e00f4a3,
2658852@students.wits.ac.za,created,62036cae-e265-448b-81ea-52fe1ece6e8a,
3077573@students.wits.ac.za,created,c4fd2450-9164-4f24-a465-ad28c0e63f30,
2913955@students.wits.ac.za,created,195cafb3-7a8b-4600-b129-af1a6fe90472,
2539990@students.wits.ac.za,created,d0bc4d54-f0bd-48c3-b600-b8dfda75669a,
192477@students.wits.ac.za,created,3fb30572-f172-472a-8bbf-980e89ad3c70,
2355291@students.wits.ac.za,created,e7308f78-b2e1-48eb-9541-072f3f69381f,
2447034@students.wits.ac.za,created,60e11c9f-309d-4508-bd81-cd5863370448,
3072887@students.wits.ac.za,created,82c10ebc-1e21-4caa-8503-9c23b62bab11,
3085885@students.wits.ac.za,created,238bc113-c9f3-4374-9605-142682063c13,
ledigathatohatsi@gmail.com,created,2adb6602-4e7d-49b6-9fc3-7833423775fb,
2941295@students.wits.ac.za,created,a9b44753-47e3-46d8-afae-15b2bd248072,
ManqobaZwane1@students.wits.ac.za,created,775b1802-ae79-46b1-b315-92fbf11370d6,
2626376@students.wits.ac.za,created,05fd23e7-42f5-4409-bd32-0933f21e865f,
dlambewunl@gmail.com,created,3bd6dc82-82ba-4d04-9322-e2cabce63e96,
1876781@students.wits.ac.za,created,ae1a83fe-582a-4d88-8188-7c9b4a24ceb5,
2987458@students.wits.ac.za,created,06ab3489-8076-49b8-9063-415613b4484b,
3080513@students.wits.ac.za,created,d1e82006-ed01-4550-89f5-2dec8f203b9f,
2668247@students.wits.ac.za,created,b4ce3509-90ac-4482-9d37-ce3904417699,
mahlalelam005@gmail.com,created,3450c7f3-7bef-4fec-a34a-de70c5ce3de6,
2809764@students.wits.ac.za,created,0cfb4122-cdd4-4257-bf69-d7ee726cc173,
2975171@students.wits.ac.za,created,0524b81c-e406-439f-a603-ea52b407d2a0,
3137951@students.wits.ac.za,created,416a803f-5dd9-40e3-bf3d-941e49d90541,
2967457@students.wits.ac.za,created,24fdd667-0682-4653-b5b4-06cb94e60ab7,
2849889@students.wits.ac.za,created,6241d273-8aea-48e5-938f-f2954d45a6ab,
2927823@students.wits.ac.za,created,4ad9b47c-a33f-4bf6-99e6-311fbab156b0,
2437931@students.wits.ac.za,created,2aceffeb-e96c-4333-a740-232a9085c2a1,
2362923@students.wits.ac.za,created,ea651466-74d5-487c-aa12-56847bb3c8dd,
2558858@students.wits.ac.za,created,367a19b2-9333-43de-84ef-d2bae4435cc6,
3034924@students.wits.ac.za,created,36acc8e1-0f51-4c07-ba9c-bada861676ee,
2442974@students.wits.ac.za,created,39635dae-dced-4d14-a3d6-879dc1dff39f,
2965102@students.wits.ac.za,created,b3511bfa-0843-4e9b-a21a-c4cdea24fedc,
2663767@students.wits.ac.za,created,8df20ec2-5311-4093-87f1-7d2d3262edbf,
2432004@students.wits.ac.za,created,0f0e5236-cce5-4f45-a080-08a333996e0b,
3061439@students.wits.ac.za,created,0b6b144d-e69b-4df8-a18d-ab77618833b6,
3042733@students.wits.ac.za,created,cf5ff568-ce4b-4ba3-be21-25a680c945ef,
2551019@students.wits.ac.za,created,1ae7ecb5-f6c4-4226-ac38-b44403d12f6e,
1477664@students.wits.ac.za,created,c43009c4-3055-4157-9238-854d999c1660,
2553233@students.wits.ac.za,created,52a5195b-1f43-4add-9be1-440e7dfc8904,
2456473@students.wits.ac.za,created,fd55f38e-b6a1-445d-a2d7-596d61f85ecb,
3171894@students.wits.ac.za,created,4b18a5ff-68f3-42cd-828d-33fddbd3811c,
2361133@students.wits.ac.za,created,7ca5f7e9-06dc-454c-bf8c-654d813ebcc3,
1868471@students.wits.ac.za,created,1bb8be5c-e26a-47c0-9923-25bd4e690a0c,
3114705@students.wits.ac.za,created,bc8d4075-3402-402e-bce8-66be332717d2,
2201055@students.wits.ac.za,created,7f18318d-f41a-488f-b50a-65d9bd8e120f,
2708717@students.wits.ac.za,created,71ff84ff-4655-4394-ad14-3df6b6d85041,
2689257@students.wits.ac.za,created,a5a9d9b6-d42d-40d1-b777-695e5e6ddf8a,
2550301@students.wits.ac.za,created,8a599237-a0db-4e34-b275-776b7d614f33,
3019752@students.wits.ac.za,created,3049a51d-1865-4e4a-b181-9be9aab9cbb3,
2799889@students.wits.ac.za,created,a79a7879-9bf7-4c82-9968-bae4305c27d0,
2798695@students.wits.ac.za,created,18e7e1be-af5f-4a50-a1dc-ac646f9c04af,
2853453@students.wits.ac.za,created,6486423a-78d7-4d3a-87e1-bd1b0cdc2ba8,
2610695@students.wits.ac.za,created,1748779c-b979-4b2b-832d-7af7fb639b72,
1888623@students.wits.ac.za,created,d49c2529-350a-4e9a-bb65-778306ad039d,
Siyamthanda.Mashicila@wits.ac.za,created,57c09598-e8df-48e4-ac2a-fd8c9e9f0221,
3012856@students.wits.ac.za,created,2122a96c-9d66-4436-a8ff-a85d720ecef6,
2960526@students.wits.ac.za,created,76dd0fbd-6549-40af-8dff-7722be8b4e78,
2852077@students.wits.ac.za,created,bb282827-a75d-4c1c-a712-16cffbd324aa,
2709961@students.wits.ac.za,created,9f928037-910f-436b-8d1f-2a0c560b3629,
2963893@students.wits.ac.za,created,b872d892-4561-47f1-96da-01884c2ef9df,
2608733@students.wits.ac.za,created,b296bf55-e8a6-4833-a222-b2bdb5279542,
2199592@students.wits.ac.za,created,0598cbfc-a0f0-4922-9721-acdcefdcfcc4,
2141637@students.wits.ac.za,created,fd89922e-b3a1-4ca0-987e-11bfd11d9da4,
3111358@students.wits.ac.za,created,62828765-16f1-43db-bdf7-22ca5bf92f51,
3121068@students.wits.ac.za,created,48fdd09e-5f61-4a13-9022-31f3bf1cc00f,
3036716@students.wits.ac.za,created,413d9fdc-192f-4f72-af8d-f845f4285efd,
2983107@students.wits.ac.za,created,dade56f3-49a8-461d-a930-a6ad40c82f36,
2875250@students.wits.ac.za,created,3ae0a0b3-a149-40ea-9ba0-ee44ef326f4b,
matanhirefadzai@gmail.com,created,88e613b6-18eb-4420-95a7-7b82feb7aaf3,
2586692@students.wits.ac.za,created,d2857785-8785-4c74-b8f1-53f16fa90506,
2660449@students.wits.ac.za,created,61576987-1240-4b04-a0bd-c2af794946a9,
patiencechiloane12@gmail.com,created,6f84c2ad-8f0b-4468-b369-1160c9b04aa1,
3064257@students.wits.ac.za,created,817957b3-4273-40e0-affc-7cbe0700e7d2,
2799954@students.wits.ac.za,created,3c60e4a0-75f7-4dca-9b8a-18ca0e403e7b,
2834969@students.wits.ac.za,created,ea863c1d-bf0c-4f22-af1b-d6578e889ec5,
2803955@students.wits.ac.za,created,ba3631a6-c02d-4a91-9253-964bd7658bcc,
lungamaye@gmail.com,created,e44b1e34-4c96-49ad-86c6-a161e454506b,
2802807@students.wits.ac.za,created,e36ba95b-1feb-4eb9-94bd-e3b759648f3c,
2819880@students.wits.ac.za,created,886d88b1-512f-4230-976e-456193d88961,
2972384@students.wits.ac.za,created,e9a40c3b-5006-4e2d-9d26-cc88287f0447,
2701117@students.wits.ac.za,created,887d4c02-b299-486e-bb35-fc8ebed418b1,
2940787@students.wits.ac.za,created,90d02ccc-7c8f-4e40-a797-95208d11bedc,
1606806@students.wits.ac.za,created,81d68ed7-9c4b-40fb-a0ca-ae6b4ed60109,
ngwenyajohane@gmail.com,created,2fc9b9a1-9aa9-4b33-a2f9-2132ce3224e9,
2703301@students.wits.ac.za,created,7a4cf761-1ac8-4393-a71b-3ff6a1c391b0,
nomcebonjomeni27@gmail.com,created,715da6e9-329a-482d-a036-ec70b16ff9d9,
2849101@students.wits.ac.za,created,4d53532e-7f02-453c-9112-cff5430d10f2,
3098659@wits.students.ac.za,created,0f8a890a-ec7f-4768-8eae-348bd5dca9d4,
2876058@students.wits.ac.za,created,32225191-455d-42c2-8f40-042fb04dc869,
2602871@students.wits.ac.za,created,21081b59-1157-441f-82ce-66dc1ddcd22c,
2859517@students.wits.ac.za,created,88fc1e52-af8f-4eb6-b190-b9dc1fd8be77,
3148719@students.wits.ac.za,created,18f06de5-140a-47a9-a0f5-6c1c67349a8d,
2564928@students.wits.ac.za,created,7d3b88c3-1e7d-4345-8330-3fe70d9e81bd,
2989308@students.wits.ac.za,created,893bff1f-ff58-453f-a4a3-29f4d13b071a,
2850252@students.wits.ac.za,created,bba6753d-2e39-4c2e-ab1b-c5f43831a220,
2577355@students.wits.ac.za,created,b01a530b-569a-4837-b8ff-4574837e4922,
karabo.mapohoshe@icloud.com,created,6eefc96a-5587-4119-9f76-60e16fb03125,
3040803@students.wits.ac.za,created,8858bda4-06fd-4e0b-a5d0-d548caaf20f5,
2540106@students.wits.ac.za,created,53920ad6-59c9-4944-acac-1c71745ef3ad,
3038652@students.wits.ac.za,created,a5bec1f5-0b2b-4dd7-be51-63902473d981,
298367@students.wits.ac.za,created,21a4df0e-17e9-4480-b3af-0c26b924f8dd,
3075644@students.wits.ac.za,created,fe9fa599-cd02-4255-9e1b-cfb6dfbea17f,
2973526@stundents.wits.ac.za,created,854f3571-b80c-49f6-bad9-c04ff07575bb,
3001902@students.wits.ac.za,created,78537fd1-b58a-4653-9d68-e3ac0083403a,
lebosethosa1@gmail.com,created,0493f7a0-edab-4f27-8eca-efaa741c7677,
3037985@students.wits.ac.za,created,ab19cb80-79e4-41f2-ba0e-3aed6c9dae34,
2991842@students.wits.ac.za,created,d99deba6-f4a3-4293-bf31-b21afcb542c1,
mandisasedia@gmail.com,created,8db28172-5073-4e46-b87c-ce5b43a80e41,
2995079@students.wits.ac.za,created,e493fec6-79a1-4290-a9bd-68bb51f598af,
2846129@students.wits.ac.za,created,9a9fbc5d-386d-4c79-ba26-50db7df2d100,
2662943@students.wits.ac.za,created,de628bbf-5666-4425-a455-e9ef18bbef83,
lesedikwanini@gmail.com,created,db9831fb-ee8d-4fbe-a123-ed89753f2de0,
3126756@students.wits.ac.za,created,b54934f6-e6af-42e3-8859-0738215b678c,
3012944@students.wits.ac.za,created,bd8ee382-6c5a-4c48-bc0b-563f9255632f,
3062906@students.wits.ac.za,created,fc4aa18f-f359-43da-b88b-2ab0a622dd3b,
magorokamogelo5@gmail.com,created,8366171a-4e46-40c2-b030-7144fd35b913,
andiswasnobuhle@gmail.com,created,c49a5ecb-145a-4712-a56f-ba32feb89ec1,
ambesiwefatyi04@gmail.com,created,6e0f998c-7ddd-4c3b-95d2-6976e85780d1,
3162724@students.wits.ac.za,created,c2376cbb-3fe8-43df-92a3-6fc1da7dd47f,
2438514@students.wits.ac.za,created,ea42c391-4c2d-4857-82eb-277166ced01a,
mdlelenisimthembile@gmail.com,created,8be278ae-79d6-494e-866f-a5a3fa5f39ab,
2975192@students.wits.ac.za,created,046b02e6-ea83-43eb-8287-e7eb03157570,
3021770@students.wits.ac.za,created,0d1f9785-8bec-4adb-bfe1-0c56dd99e714,
2981320@students.wits.ac.za,created,ca7adfd5-f766-4234-bd9b-f5845b08a101,
2465135@students.wits.ac.za,created,a3edf053-af7e-4f25-b749-7d276080593c,
2544132@students.wits.ac.za,created,99ec9add-df27-423e-9770-c24aa6f03e6b,
2940842@students.wits.ac.za,created,6812113e-bd6a-4178-b464-48f8a2fc7220,
2973116@students.wits.ac.za,created,01cf6664-80be-43d3-b617-9dff03f08db0,
2841350@students.wits.ac.za,created,12a8eda6-749e-4f70-aacf-53da4cfc007a,
2905579@students.wits.ac.za,created,7e8fa948-4c8d-4116-9eff-c5c2431b3d87,
2341423@students.wits.ac.za,created,3a14f09e-f72d-4bac-b323-7b7b3476a5f1,
2708203@students.wits.ac.za,created,d16a9fe1-2ae7-4fa2-b96d-44771d949fca,
3074707@students.wits.ac.za,created,df5b379a-7bce-49ce-b346-072dd074b4ec,
2962397@students.wits.ac.za,created,19596800-4e07-4798-88ce-8d8f23c3644e,
2692546@students.wits.ac.za,created,612ad539-98f0-40de-86ef-7d752686b24b,
2615237@students.wits.ac.za,created,9ad572a1-4949-4d07-a263-aaa8df8f7678,
2854637@students.wits.ac.za,created,707a7969-f3ce-440c-bdeb-f6f89bd1e017,
2351910@students.wits.ac.za,created,bd47559a-bbdf-487a-a8ea-67762cc44721,
3126230@students.wits.ac.za,created,6461602f-0e58-4a22-9052-758f6ed31b6d,
3008210@students.wits.ac.za,created,40558909-1f92-4bd4-9cf5-1580ed2b53fb,
2614729@students.wits.ac.za,created,2f47a9fa-e993-4cfc-8e98-0b5444c003eb,
ndlovusean08@gmail.com,created,4008c6c4-df33-43bd-b41c-602fb5b3de31,
2597651@students.wits.ac.za,created,cc6cd9cf-26a4-4ede-88d0-b6fa790ada3e,
2655081@students.wits.ac.za,created,e625a53b-89e5-4e59-92c3-70ccc56ec1a4,
2660588@students.wits.ac.za,created,eba46b41-19f8-4cb6-95c6-83bb5f07ec19,
3153963@students.wits.ac.za,created,38acc7c5-01f1-42dc-8232-844dde1c2c4a,
abigailsekwati69@gmail.com,created,cfe86655-26fd-46c9-b03e-08923a3872be,
2364564@students.wits.ac.za,created,50b8f7a5-9953-499b-a361-96fd8b14319a,
2437232@students.wits.ac.za,created,6b746c0b-5d79-49d5-846b-0dce023398e0,
3008846@students.ac.za,created,c7103aa7-ff27-46ec-bead-75b6a462a2bc,
3139035@students.wits.ac.za,created,f645ab40-4cbf-4e8c-9e1e-3d3dcf559682,
3142143@students.wits.ac.za,created,8157fdf2-5153-4a7f-98e2-457fed5aaceb,
2431011@students.wits.ac.za,created,ac3bd23a-731b-4f79-bd78-c8879ba52c9c,
3139012@students.wits.ac.za,created,8f9a1a30-bbee-4163-a545-f6c4f2d587a5,
202429899@spu.ac,created,ddcd576c-04c3-4963-a3da-918b11adcc1b,
2050427@students.wits.ac.za,created,6561dbc3-127c-4a99-9dfd-9883c024a23c,
rethabileliphoko02@gmail.com,created,9e7d6118-b438-4c21-a435-c9297befcf29,
2437058@students.wits.ca.za,created,e752e8bd-8e95-4779-862c-9c1ab6c80a1a,
2717838@students.wits.ac.za,created,44f35d08-0711-4a9c-881f-666a666ba11b,
tembaluyanda@gmail.com,created,5d5ebd59-4791-423d-b4ec-53ec9183d5fb,
2968090@students.wits.ac.za,created,1a6914c7-71a1-472d-b52a-110f20077636,
302728@students.wits.ac.za,created,44d9eee0-eb69-45e8-972f-baac837f97d6,
2972729@students.wits.ac.za,created,f9616c62-0974-48c1-9e79-905fa8f655be,
2666904@students.wits.ac.za,created,730fc7a3-a3c8-43c6-b01c-6e3df77068e8,
2955881@students.wits.ac.za,created,b449e1aa-3d01-4a5a-a414-b96921df924b,
2947867@students.wits.wits.ac.za,created,95098fcf-a2d5-4d0c-8a9b-b464c8c8681b,
2805646@students.wits.ac.za,created,3533e25d-25e7-4999-b8c5-9d8888882a20,
2622921@students.wits.ac.za,created,c4f5f8d8-2bd5-4cd2-97ee-df67fe975010,
2983191@students.wits.ac.za,created,35efc273-3a7e-43cf-b260-7e6cecec698b,
2557748@students.wits.ac.za,created,598f20ed-5616-42af-9421-a951f68c2a83,
2835612@students.wits.ac.za,created,e8da30bb-ef3d-4d8e-9f97-456ead345395,
makhosazana.msibi@wits.ac.za,created,817e06d8-3d0c-49fc-b191-afae317c5e32,
2763955@students.wits.ac.za,created,95e13abe-6d6c-4e27-8ad2-6148c632e841,
2800294@students.wits.ac.za,created,f8f1fb66-ed1c-4076-9c25-6f14814a4f0c,
Amyolindalo526@gmail.com,created,c99f7dda-0e2b-4999-863f-85466fe7b95d,
3093328@students.wits.ac.za,created,f2bc24c6-90aa-4e10-b4ac-7ce3dfc6a581,
683048@students.wits.ac.za,created,d152dd97-e99b-4d48-9ec3-48b9984aed9e,
2839558@students.wits.ac.za,created,1b30b459-440b-4a75-9fe2-6aff1acf6b69,
2940351@wits.students.ac.za,created,b754dd89-0748-4fd9-b797-ead496e3a4dc,
2991807@students.wits.ac.za,created,9b82a74b-a1dd-45ec-80cd-f89af58363d1,
2993307@students.wits.ac.za,created,a9e2e37f-cba5-48d7-a0fc-370c6481d577,
yeveguruwo1@gmail.com,created,53f231f5-33c4-4f86-8af6-89b08f50a5d7,
Naledimakhetha98@gmail.com,created,a2688616-f72d-441a-a8ac-6e94d22e021d,
2950305@students.wits.ac.za,created,66a6f301-5f2d-4d00-95f7-0c9f8f04240f,
Anothandojabane@gmail.com,created,69212175-9106-492e-b6cf-687611400a1e,
Thabomuofhe@gmail.com,created,3bd0a002-5976-469f-911b-a25ec2211f49,
2845450@students.wits.ac.za,created,58b5e440-b1e2-4101-8ac9-6df29688dbd8,
2835836@students.wits.ac.za,created,dc8a4e2e-b1c3-4923-bcf0-1af2abe7757e,
2914881@students.wits.ac.za,created,9a94b647-7cff-471b-89e5-92566a71e9c8,
2864226@students.wits.ac.za,created,48c03631-8363-4a86-8f6f-8630474fa180,
2984878@students.wits.ac.za,created,e83969ce-b668-4eca-be5b-e7d9c1851c24,
moremipertunia16@gmail.com,created,88a88b84-121e-4668-a41a-9e965a28b8b3,
3171348@students.wits.ac.za,created,c238669f-3692-45c8-ab75-2d49d33feb5d,
2664284@students.wits.ac.za,created,1b577085-16a0-4b71-b044-be3b1ddb1a34,
1055398@students.wits.ac.za,created,622c902a-4d98-4402-ad67-2cd75b85beaa,
khubonirefiwe@gmail.com,created,b277199e-d4f6-4f90-9b9e-ed33aeef348f,
3007680@students.wits.ac.za,created,99c8ab07-121c-408d-9aa2-0b562633f702,
2955363@students.wits.ac.za,created,8cea8426-761c-4254-bab4-1efbe3b06b19,
2692769@students.wits.ac.za,created,c59bc383-b6f6-49e4-81d5-c8d53f254875,
2824980@students.wits.ac.za,created,3bd47463-c32f-45dc-982b-cbb028302e49,
2401042@students.wits.ac.za,created,03708851-ca7c-4490-bb7d-5f33f78eea26,
2978520@students.wits.ac.za,created,4092be01-05b1-4300-8d97-ce40511e8e5d,
thabisile.tshumaa@icloud.com,created,b5a10eac-be3e-474f-9f51-abc19691d53d,
3113323@students.wits.ac.za,created,496718bb-e71b-4d0f-9cc4-2c0b47565bde,
amahlemjoli.06@gmail.com,created,8973a221-7f53-4e7c-a151-fb1a2f888ba1,
temosonkogatse@gmail.com,created,29acb65f-a83e-458f-bc9e-dbf81350ab0f,
2674070@students.wits.ac.za,created,f580919c-271e-446c-a1f5-cf088a5f354c,
3088931@students.ac.za,created,e9bae0f4-7759-4bb8-b733-55584da5e526,
3104459@students.wits.ac.za,created,84d78fbd-5128-4220-83e8-422839d08034,
2970023@students.wits.ac.za,created,2743544b-f880-46fe-8e04-238397972268,
2955285@students.wits.ac.za,created,8cb2ee62-d31a-43c7-b704-6b2dd3a547d6,
2816775@students.wits.ac.za,created,cd1f5e56-678e-4d7d-97bd-6fdb9ab8ffd1,
2344508@students.wits.ac.za,created,cf000594-418f-4572-ae6c-7fa2bb811a12,
2117136@students.wits.ac.za,created,8885ddbd-eed1-49de-9b05-d58c56f91a93,
2281627@students.wits.ac.za,created,3c32ad54-dfdd-4ea1-b4ab-6f73bc46eded,
2696121@students.wits.ac.za,created,7a893e14-8c8d-4204-aa3c-e9f3c5b277fc,
2671920@students.wits.ac.za,created,e7d26c96-1f7a-4d88-a4f1-76971f360bcb,
2555500@students.wits.ac.za,created,97c2f616-cfde-4e27-9241-7904255b1cdf,
2820892@students.wits.ac.za,created,de6d7603-958f-415d-ac1b-c8c73c556204,
2965129@students.wits.ac.za,created,44af7fce-1be7-43be-9310-7e6e226565ca,
karabot487@gmail.com,created,4a18fc4d-0fa3-4b66-9293-f1ba374ba245,
3030701@students.wits.ac.za,created,7add485a-58d0-4c40-a892-37085d81dd23,
2952950@students.wits.ac.za,created,48358bd5-b9b2-41b3-92a1-479ac2503a04,
2509389@students.wits.ac.za,created,0c054ff0-e6c5-44df-a78e-3f398dce9695,
3029777@students.wits.ac.za,created,1e087c04-3c3f-43c5-9d31-3cc84fbb7fcd,
2729773@students.wits.ac.za,created,e9738835-9231-45ff-8351-9e0e4245009d,
2883050@students.wits.ac.za,created,6b722cd9-c735-4e21-9b48-42d715d04f51,
2676735@students.wits.ac.za,created,4586c512-b189-4971-b6cf-58e70e4332af,
2869945@students.wits.ac.za,created,39796576-9f93-4a98-a15a-a6dce4db524d,
2551574@students.wits.ac.za,created,14d805d7-855f-4a16-93d3-022836b4b8b3,
2836870@students.wits.ac.za,created,34a518c2-d2ac-4b78-924a-16ef726bc23c,
2655031@students.wits.ac.za,created,2d92aa53-ccb2-4342-b229-b30bb68bdbd1,
2851811@students.wits.ac.za,created,f29a1472-7b47-44dc-ba1d-5c79d026659a,
2654507@students.wits.ac.za,created,fbfdaf58-f251-47e6-a182-51c7b775aaee,
3007312@students.wits.ac.za,created,aeb15853-6375-4c57-813c-6c6083889880,
1260544@students.wits.ac.za,created,6c0d6e45-bf1b-4e5a-9169-3bf9aafbe38f,
3001484@students.wits.ac.za,created,286445c0-1fea-4db6-a125-0893d787dea6,
2918209@students.wits.ac.za,created,83ba2b07-f86a-4211-9e3a-58d3c4783d81,
1862838@students.wits.ac.za,created,59d79cbc-9e04-420e-9560-9ad30cea05f9,
2600519@students.wits.ac.za,created,7f07e599-fc9e-4536-8460-a1f41bb3fee8,
2593906@students.wits.ac.za,created,9df08afd-383a-4563-8f35-c99465efe51a,
2587557@students.wits.ac.za,created,08a37ecb-b799-4afb-975f-a57957ada648,
2554840@students.wits.ac.za,created,a2ae0093-78a6-458f-a6db-086057522782,
2591885@students.wits.ac.za,created,798abaaf-f45e-4202-9b90-810187391162,
3129505@students.wits.ac.za,created,dd63ca00-c5e2-4e50-b274-8819094c5ed1,
2678110@students.wits.ac.za,created,368a7b83-b637-4200-8ba3-3ec66e60307e,
2942066@students.wits.ac.za,created,eabaf026-f704-42cc-bbc5-da93a8f9cee5,
3091155@students.wits.ac.za,created,e0d8835a-17f0-4809-9b7c-8b3a20a7cf89,
2699309@students.wits.ac.za,created,ddfb008d-863b-47e6-9442-a3bb514183d6,
mfenyanangcali@gmail.com,created,35d3794f-e01f-4b76-aa72-e588fd17a349,
2940604@students.wits.ac.za,created,23d952ff-96da-4fe4-a68b-4ad0f5be97cf,
2983566@students.wits.ac.za,created,95874d81-5bfa-495d-8cf8-7bea37635e8a,
amahlemafumisa938@gmail.com,created,0bfad8b2-268f-42ec-b6a1-b62e1b9b1f7b,
2946468@wits.students.ac.za,created,58389edc-72d1-4670-a612-1cb789c62b53,
2676266@students.wits.ac.za,created,85918ba6-b7d7-410f-a2b0-2f92ff5f4031,
3083517@students.wits.ac.za,created,1787079a-ef22-4aef-934a-fcb6b2ecd78d,
2545336@students.wits.ac.za,created,be30a5ad-e247-4a76-a074-a1a37fc567d1,
2722591@students.wits.ac.za,created,6206acbb-1a44-4426-9238-47a994b3b889,
Ggasebuse@gmail.com,created,da297cf6-ed20-4809-b860-4e2b4f531c6c,
3082906@student.wits.ac.za,created,1d337414-61f9-4a7a-bcef-46f91df99c79,
2375062@students.ac.za,created,45a930e2-a000-473a-ba33-a0529045abb8,
2484567@students.wits.ac.za,created,f10f0cf6-0253-45fb-8eb9-ede88f83838e,
2671817@students.wits.ac.za,created,32eadc64-a92d-43d4-9dd2-6fededbe609c,
2658232@students.wits.ac.za,created,21b3fb87-f2ff-4dff-82cc-c806d5d9ae9d,
2571802@students.wits.ac.za,created,102ba87c-d7df-490e-ac77-6fec962df64b,
2715311@students.wits.ac.za,created,d58ca304-532c-4c72-ab45-a462da6d433e,
2447281@students.wits.ac.za,created,5525370d-e7e0-47d8-9a79-fd3341d4b14e,
2703354@students.wits.ac.za,created,6b2cd904-56a7-4a40-8711-b79fe589e3df,
2714277@students.wits.ac.za,created,1a54ddec-ae4f-44ae-a002-f65dc6e80d6f,
3012925@students.wits.ac.za,created,00832f28-57a4-4b6f-a8b9-36551cc3d851,
andani.thathani@wits.ac.za,created,439e9281-bf61-49dd-88cf-d27bae51a757,
2504085@students.wits.ac.za,created,cf19af3d-53e1-422e-867d-6bfe5e09c7de,
2690077@students.wits.ac.za,created,d0dd38be-7a0d-4ba1-aebf-f8cffed15619,
3064653@students.wits.ac.za,created,cb1f66c6-d11a-451d-add8-cb0a1901ee81,
2940871@students.wits.ac.za,created,45c6d694-c282-49d4-aa35-25d0dd534744,
2472905@students.wits.ac.za,created,8ad38b08-bc79-45d1-8cbd-951d40908dff,
2866959@students.wits.ac.za,created,cf9be3c1-9f7b-4256-b9eb-0f568b165435,
2567809@students.wits.ac.za,created,3a076c90-fced-4d4c-89cb-e5f2144af527,
1441294@students.wits.ac.za,created,867e759c-9f7a-44f6-9e14-a9384e341190,
2443217@students.wits.ac.za,created,0f8f2cf5-e29f-4719-bbbf-ce4eb91ce78c,
2821689@students.wits.ac.za,created,37a0de8f-8178-4883-97df-29e37738200a,
3085678@students.wits.ac.za,created,284438a8-ab4a-4b43-8e42-d04799231709,
simanyemnembe8@gmail.com,created,7d75f26e-6de0-4d87-acba-aa143b0504d0,
3159605@students.wits.ac.za,created,68c538e5-8e85-4007-8edf-863a520df539,
2563712@students.wits.ac.za,created,9b3db4dc-18f4-4409-857e-8e579f57c27e,
2662371@students.wits.ac.za,created,3832aa94-471d-45af-93c6-ef2aa2434580,
2663643@students.wits.ac.za,created,db35e1f4-d041-4853-9265-af9d9a469c29,
2816322@students.wits.ac.za,created,b92c0c4c-1354-4da1-949f-775b0de19228,
3175253@students.wits.ac.za,created,3fea954c-5c8e-417a-ae2c-6647abd7571e,
2878969@students.wits.ac.za,created,9a1b5898-c4eb-4290-abcd-a0ffca4fda66,
2653622@students.wits.ac.za,created,ca54f9d7-aa7e-4569-b21a-217b2f9e3eac,
2980515@students.wits.ac.za,created,14e652f3-05f3-4c06-a3cf-19d87a7aa97f,
2809558@students.wits.ac.za,created,208216ba-410b-4e23-a110-50d3d365c949,
2737285@students.wits.ac.za,created,762e5124-2ea7-49b2-8a98-81f3b2d9c477,
2504475@students.wits.ac.za,created,3ab95079-ca57-4990-982b-2d9068b09990,
2654213@students.wits.ac.za,created,df6497ab-c79d-4002-b425-4629a2b368d9,
2434977@students.wits.ac.za,created,8c252208-b6ba-4857-bae6-3632635cd7a6,
2563434@students.wits.ac.za,created,5a3c1477-ebaa-4863-9d53-34b65f298372,
2887830@students.wits.ac.za,created,4d842d62-8d5b-4fac-8f13-0ac14e0fb38c,
cakataahlumile@gmail.com,created,0f79fd0e-c7e3-428e-b719-e3685e38762f,
monaledikarabo88@gmail.com,created,c7243f02-4641-4378-bcd5-aff516e2961c,
2994359@students.wits.co.za,created,2b85c012-7a27-40f1-9046-cb629dfe862a,
2962143@students.wits.ac.za,created,1fef3dfb-ca07-400e-972b-340f2f456383,
Zawanalindokuhle99@gmail.com,created,12cc807f-81ad-469f-b8c7-b95833a1ebee,
2700155@students.wits.ac.za,created,0e62b5ef-2f2f-4ecc-98b4-a85498e0e590,
2998879@students.wits.ac.za,created,31bbc627-a72f-4afc-bc8e-ca78a1257cd9,
2965106@students.wits.ac.za,created,b8be950a-5875-490c-b08a-263e6b9ac92d,
2561625@students.wits.ac.za,created,1be4fd44-2f2e-4019-914c-dafcfe35f50e,
3061108@students.wits.ac.za,created,9af12dcc-2745-4137-a4c2-b1e71f0eb37b,
2952784@students.wits.ac.za,created,29c1ec38-cb93-4bc0-93d6-4ce1c30b0eca,
2852299@students.wits.ac.za,created,64a382bc-1402-4919-881a-0e8040d364a3,
bontlemogoje5@gmail.com,created,5da3b224-335e-4db9-945c-f718aec7b362,
2942851@students.wits.ac.za,created,ca747dfa-a3e5-4835-991d-7252e8341ddf,
2594735@students.wits.ac.za,created,af4e4424-e4ae-45bd-96dc-c064b686e515,
2672567@students.wits.ac.za,created,c138fee3-04f6-43bf-b17b-78449f99cc4e,
2876802@students.wits.ac.za,created,56d354df-489b-4313-ada7-56c5ac3ee134,
2974625@students.wits.ac.za,created,01617495-196c-4da2-8d01-5fb8b2895bb9,
zandilemashaba89@gmail.com,created,2ee6ea25-a679-4e4b-b43e-b75bee4b1ec5,
2459266@students.wits.ac.za,created,e9b39ddc-5fea-4a11-87ff-5ae819032f3a,
2660833@students.wits.ac.za,created,a942acaa-0e8a-4a3c-ab61-f13c9e78d0b4,
2583617@students.wits.ac.za,created,4f5f3a63-9d84-4d6e-ad78-39132f153054,
1972629@students.wits.ac.za,created,77d9b080-5d0e-4eca-aa96-f95761d9e53a,
2989704@students.wits.ac.za,created,292c0b5d-0b93-4609-999f-1c8e8bec6b30,
2832945@students.wits.ac.za,created,9e085707-2d7d-49e7-85a2-1e115aa9de51,
2917804@students.wits.ac.za,created,d201c25d-52af-484f-a217-1a24cb0350bd,
2680568@students.wits.ac.za,created,6be86b53-2278-4062-9f33-837ae85aeb63,
2558178@students.wits.ac.za,created,1f91e29d-792c-4a0d-ab35-3d010dc4f7ab,
2870793@students.wits.ac.za,created,1ff1d4ec-54ef-41a2-bd06-f57cd37fab13,
njabulobanda1@students.wits.ac.za,created,c57df912-4040-47e7-9332-49d39c20b0ab,
2691419@students.wits.ac.za,created,e6a581fd-fd34-4b73-a1b9-f39b0bc6e805,
2727664@students.wits.ac.za,created,c5b8a123-6dd7-4fa0-b8f9-8b538529e03b,
2837771@students.wits.ac.za,created,e558ec1f-d265-485b-9003-c5a56d2e6709,
2667594@students.wits.ac.za,created,90fa90d9-1d35-44c1-8ca2-1c0e1638a5a4,
2979757@students.wits.ac.za,created,f8baeb59-badf-47d0-89fc-9d835b1a5b80,
2621099@students.wits.ac.za,created,7559af70-d14a-438d-b682-c9d5f0238dae,
2691293@students.wits.ac.za,created,58a7c4a3-3023-4071-95fb-9d92cad5a77c,
2855422@students.wits.ac.za,created,a835e327-ae40-4a38-b8c0-51824ec0403b,
2840668@students.wits.ac.za,created,bf6746a7-0905-4e43-96ab-852dfcb501cd,
2820246@students.ac.za,created,15046ece-49d0-4fe3-a0c3-ce18c931990a,
2917841@students.wits.ac.za,created,48750943-9b61-4377-8339-79adf119b755,
2907620@students.wits.ac.za,created,b54a462a-fdfd-425d-bdbd-c38deb738fb6,
2856947@students.wits.ac.za,created,2862c0ab-3c58-49fc-8214-dbd37c563c01,
Mkhutshwaathi88@gmail.com,created,1b37e4db-4893-4cbe-8fc9-8253dc600d04,
amandamasondo123@gmail.com,created,34a502da-3a80-4441-add5-6e2eafda51c5,
sotyatoayola4@gmail.com,created,89ff4b82-ea37-4578-b152-1170dd5350ef,
3022114@students.wits.ac.za,created,30c9c799-e79b-4c28-a83a-2083b9ec48be,
2731011@students.wits.ac.za,created,63247ad2-3455-45c5-a957-24263c0889fd,
2867359@students.wits.ac.za,created,d9cd55f0-5a2d-47c7-b1ec-6daec89045e5,
kgomotsomarleeo@gmail.com,created,dd564383-1ef7-438f-a0e8-a059e02925dc,
2846044@students.wits.ac.za,created,c1cdc3ed-5bab-47b4-81af-1396952c0e31,
emmanuel.motlhabane15@gmail.com,created,d6bee5fb-b041-446a-8630-21ba9ac8ae56,
2971371@students.wits.ac.za,created,5960bd99-33c2-41b1-8b0b-6d38cb64f23e,
2553135@students.wits.ac.za,created,a3203e9d-d2fc-4323-9041-4c499c17b616,
2713235@students.wits.ac.za,created,4cd437d6-26e7-4a80-aa75-81137adf7c93,
2444550@students.wits.ac.za,created,79321378-9e29-4ec7-b367-11dd6e411abd,
3000159@students.wits.ac.za,created,f3cd4d9a-dfc8-4f9c-b5e0-1797c8ee7501,
2799713@students.wits.ac.za,created,34fe6e69-38be-45ee-a7a6-277c42b50c93,
mojalefajiane@gmail.com,created,7de3c6f0-b565-4509-88f9-414973be88c7,
3011833@wits.students.ac.za,created,46c9f3ed-00ae-4760-a9de-f565de2dfb5c,
Raymond.Gordon0912@gmail.com,created,afb9384d-d4de-4619-bdb3-b5d59f38362e,
2982111@students.wits.ac.za,created,400b10c3-c1cc-4b6a-a12f-945308bd107a,
2973344@students.wits.ac.za,created,1539af61-de32-48c6-864e-f29ffc42134a,
2613455@students.wits.ac.za,created,451795ad-dc48-42a7-916e-8f900fbd2d13,
2551273@students.wits.ac.za,created,769e8ee3-58c3-4235-8e1f-7c7b7fa63cce,
2656403@students.wits.ac.za,created,cff5a9e4-40a9-48a7-be4c-6a4dc4be1985,
1656766@students.wits.ac.za,created,09945293-50e3-4753-a138-fb7dfd97124e,
2719447@students.wits.ac.za,created,e51f6176-9060-4255-a9b0-d2d609371c11,
2940978@students.wits.ac.za,created,7f43610f-afa4-420e-a717-79aa1a4f8b78,
2738517@students.wits.ac.za,created,ad1de475-b8f2-40f1-9b1c-3e576c60f7fa,
2551868@students.wits.ac.za,created,77380fb6-1288-40f2-b9cc-22727764e4c5,
2681343@students.wits.ac.za,created,965fbcde-e803-4a5a-a3a6-2e1c23674443,
2863485@students.wits.ac.za,created,be7c2e06-8666-43bb-8136-f9bc9b6b7594,
maseoganeklaas20@gmail.com,created,f30354dc-c73a-4bd8-af96-05de0caff4a0,
ayolamangcotywa@gmail.com,created,d093a74f-f111-4c5f-9f5e-80e80634338e,
2661099@students.wits.ac.za,created,cc161cb3-2cb2-4bfc-9386-c2a0930aca3e,
2725735@students.wits.ac.za,created,1c4aefc5-adb8-4fbf-b69f-f53e7aa42ecb,
162654@students.ac.za,created,9762fe54-1f4c-49f9-b862-4f2cc43a5122,
2751133@students.wits.ac.za,created,a2ede59d-2b89-44de-a377-e7fff1b5bfc3,
2947158@students.wits.ac.za,created,4c38a233-7091-47b3-8783-8a4edc8a42f6,
2698425@students.wits.ac.za,created,d482582c-cb01-4571-99f7-527e49c68a16,
2662901@students.wits.ac.za,created,a689f770-8fdd-406a-aa76-2a068ba32681,
2723832@students.wits.ac.za,created,eca6e07d-2bca-4871-a57b-ebeb0152e430,
3062832@students.wits.ac.za,created,fee2b68a-dbd1-4535-a227-0ec3f163965d,
2943836@students.wits.ac.za,created,d249dfbf-5374-4482-a479-c8ff8902c301,
2682868@students.wits.ac.za,created,9ea52bff-52fb-48fa-a37b-57eee4ae70c7,
2941000@students.wits.ac.za,created,ed4f52e2-fc19-4147-a98b-916a8fe20d75,
Tshiamomolati18@gmail.com,created,a464acc4-26b5-419d-81c1-38a80c735287,
3059368@students.wits.ac.za,created,80331fca-5564-493f-b45c-b297ccd8e78f,
2825869@stidents.wits.ac.za,created,68618702-c670-4233-8897-fe332125cd9f,
2556202@students.wits.ac.za,created,b842ed07-4885-4f8c-856e-3ecfc0a12954,
3065676@students.wits.ac.za,created,a75b365c-ef59-4ba5-9599-bd9dddd07c85,
1925130@students.wits.ac.za,created,9df43bed-df09-4f1f-9793-9c672438d601,
2688288@students.wits.ac.za,created,86f70746-bdd8-4631-ba74-9f25858a725d,
2969580@students.wits.ac.za,created,08141347-f416-4930-bbdb-3c14f7ebc162,
khatisanimongwe@gmail.com,created,deeddce8-6ce0-49b1-ab6b-2a637e6d4778,
Kbmphekgwane@gmail.com,created,67c70912-8fd0-4a05-abc1-0518799399fe,
2973116@students.ac.za,created,e30dcfe4-582b-43e8-986f-2f025d0450d3,
2839335@students.wits.ac.za,created,dfe774c3-1625-4f6d-9a80-1987f55928e0,
2866716@students.wits.ac.za,created,7c9cd8d3-5b3e-42f9-bd45-aa3bf3f37149,
2840684@students.wits.ac.za,created,7d59b49a-9e61-474b-bc0a-0b3f5c962d47,
2846625@students.wits.ac.za,created,cd277937-bb63-4d62-a18c-16f895efa665,
2759535@students.wits.ac.za,created,9b467be5-baac-441b-a088-0baabb8c0b9e,
2765021@students.wits.ac.za,created,f8b57ea3-86bc-49aa-a3ac-2beb505a9256,
2828258@students.wits.ac.za,created,4c3f19a0-caf4-423a-9b58-6d7427cb7600,
2317212@students.wits.ac.za,created,3571bc9c-fd37-477b-9827-c90adb1e7a55,
3074450@students.wits.ac.za,created,ce7e296b-cc4b-4aab-9bc2-4c9b20729c20,
2684981@students.wits.ac.za,created,8580ab74-2e42-4282-b9c1-506aade18f3e,
3068632@students.wits.ac.za,created,9524525b-7fd7-4225-9d5f-91bba6856796,
3151382@students.wits.ac.za,created,d3d67d50-7293-4857-b620-2a78943d8450,
2720036@students.wits.ac.za,created,bedb6b27-e75c-482f-8a15-4676806d10a3,
2940621@students.wits.ac.za,created,333e6d8d-641a-4990-b13a-8b688d63828f,
3003965@students.wits.ac.za,created,01d46019-1efe-4acf-859b-4c365d339190,
2371970@students.wits.ac.za,created,98cc01b9-a3b2-4cb2-b3c5-66464f932256,
2884706@students.wits.ac.za,created,2b253131-0b5b-41ce-9916-fa2c2936749a,
2894516@students.wits.ac.za,created,4baa8548-76a8-427e-8224-fdf978d901e7,
Zaneledira11@gmail.com,created,b89e8957-c8ee-4189-b31b-a73fd53dcd13,
2540206@students.wits.ac.za,created,c16366a4-6ac8-4525-a550-fe1d815b4d29,
3020237@students.wits.ac.za,created,4631ab0e-8c4f-41a8-ad86-c7e72255bb74,
2103957@students.wits.ac.za,created,3c18e91c-7159-402d-9bf8-c5bdb4756328,
2955284@students.ac.za,created,4674cb3e-1e77-4680-bd82-7e09a24c85d2,
2943114@students.wits.ac.za,created,ddad65fe-3945-4fe5-b873-dd526acd5b7b,
2538520@students.wits.ac.za,created,34eecbd1-a2d1-4053-b5da-5133f9975cac,
2853493@students.wits.ac.za,created,fa80c3aa-025d-4570-94ff-103fc957ebeb,
871888@students.wits.ac.za,created,fc77d855-359d-49e3-a5d3-3760cea65691,
2862854@students.wits.ac.za,created,b39c61a7-7f6a-4033-afae-56c4f1347ded,
a0094419@wits.ac.za,created,db9e23cf-1427-4b21-b6fb-ddb02a968009,
2800180@students.wits.ac.za,created,d2eaaf4b-1c08-4dc5-b2ce-db454f13d201,
cmngxekeza@gmail.com,created,f8db1b1c-edf7-428d-9082-86af45dc62a5,
2685318@students.wits.ac.za,created,71ffd5c6-9dc0-420b-9883-0e6f42636aed,
2658081@students.wits.ac.za,created,a289fa56-4254-48a2-bd20-2602008d7afa,
2343640@students.wits.ac.za,created,4ddc74ac-be7e-4aa1-ae23-12e720af8efc,
2808739@students.wits.ac.za,created,e5693e84-4100-4e17-89eb-e87c5cbae307,
Uslmaxham450@gmail.com,created,94fb0034-e01e-4e21-a05f-ccb07c540ba1,
2808201@students.wits.ac.za,created,99a4bcc3-f024-4d19-8292-d900772ce34b,
2947685@students.wits.ac.za,created,1689f70f-5197-4aee-bf0c-7f11ae5aaa22,
3155540@students.wits.ac.za,created,eaef8780-45c4-476a-a82a-b51ab0eb396e,
2711308@students.wits.ac.za,created,1c8da082-c5b4-426d-9543-30203d3e519e,
tloubatlakgaogelo@gmail.com,created,097b20f7-5de7-4c6a-9f2b-ec7def85588d,
2807497@students.wits.ac.za,created,148a3ff6-2bb3-4d88-a4ce-f4aac7ba5528,
2673839@students.wits.ac.za,created,a810f195-b55c-4835-ad99-1443a2ce58e5,
2839689@students.wits.ac.za,created,6bad51c3-af14-4e08-944c-d88de19d08e7,
2348751@students.wits.ac.za,created,c54ed919-e57d-4b33-a27f-1fc4572c8baf,
2667656@students.wits.ac.za,created,9eddcead-ce9c-428c-b065-57a112572762,
2615612@students.wits.ac.za,created,89a1fd0f-5527-48d3-a798-97c4c92b948c,
mokgethilorato5@gmail.com,created,d840b9f2-a806-4a7d-b492-6fe1e21e890e,
mokgaetsimadiba1@gmail.com,created,48976597-2325-4bda-8830-f883fb707d64,
2964695@students.wits.ac.za,created,5bd1f592-2bdd-4716-bbdc-0b6cd41abfb0,
2328225@students.wits.ac.za,created,3c4f8c8c-2fa7-43ed-9371-a28a2f1a102f,
2803235@students.wits.ac.za,created,a2d49e35-bfd5-4485-aedc-66995a61073c,
LuzukoBooi12@gmail.com,created,0c354a1d-aefc-4ca1-ae01-23a45f9ba94c,
2957813@students.wits.ac.za,created,6b6b6030-24f1-4a04-90ba-524a8fd148b6,
2995313@students.wits.ac.za,created,8545c04c-2d03-4ea0-b0b7-c15393ccac46,
3103577@students.wits.ac.za,created,21b159e6-53af-4d68-96d5-e21d69680637,
3093008@students.wits.ac.za,created,6450166b-447f-46f0-bc04-1a21dd918129,
2970092@students.wits.ac.za,created,ffdb6c02-ab31-4044-a829-e9c3bc82e66b,
2816139@students.wits.ac.za,created,a82bf799-932a-4197-a1ae-6cb36e9dab78,
senzik888@gmail.com,created,6c3641b2-77f1-4b12-8fbe-a087f612e7a3,
2708852@students.wits.ac.za,created,ce285cd9-ddd0-4cbd-a389-1794b7acdcf1,
3154530@students.wits.ac.za,created,a6be5b51-b147-46f4-bd62-1cedc406b0de,
Nokuthulakabini26@gmail.com,created,8620be60-820d-4c1d-93e5-7607b637b9b8,
3172290@students.wits.ac.za,created,f79ab525-8e94-43f9-a57d-355d5dc2053c,
2975547@students.wits.ac.za,created,e765320b-8483-4d54-a3a3-4eb5159900df,
noma.thamzile@icloud.com,created,6ce3b029-3001-49f7-a9fa-36ca774c2d7b,
2827911@students.wits.ac.za,created,b7e36ee0-91e9-4c41-873c-242016c739b8,
3077047@students.wits.ac.za,created,d062acf5-b9db-4522-a173-a48ba6437aeb,
2488193@students.wits.ac.za,created,30c459c6-f9cb-45c7-b736-280ca585e294,
2625078@students.wits.ac.za,created,564d2531-f7ac-431d-9b78-9d96ea51f8e6,
2855735@students.wits.ac.za,created,1fc03fea-c2c8-42e8-8b99-a7822839019d,
oratilemokonyana68@gmail.com,created,aba4c6cd-82a0-4b64-bcd4-fcb93a5f241f,
3023402@students.wits.ac.za,created,bc7f46a7-1a12-49a1-9bdf-143f8f40707c,
katmgomezulu06@gmail.com,created,61186d1e-3537-45d7-8bed-b84e830ab0a6,
adonisbhebhe77@gmail.com,created,d4f1e589-7378-48f8-a5de-c67785a9c1a0,
lebogangpearl0@gmail.com,created,285606e2-2eb2-42b4-bc86-7eb70e2e7f53,
2691432@students.wits.ac.za,created,4f9607ab-d633-4041-8cc7-e16eedc0cf59,
2952732@students.wits.ac.za,created,4fad047b-369e-4681-94be-f069c3512c30,
2974843@students.wits.ac.za,created,70efca2f-51e4-451a-bac9-6a5ec2681e1b,
3024548@students.wits.ac.za,created,67fc2f26-7317-4723-a40e-cdbf44039405,
3273738@students.wits.ac.za,created,4d1f85f4-b924-45b3-b725-1f08818edc1c,
2954390@students.wits.ac.za,created,82a945ab-0c54-440f-9d1e-346bcabcb14e,
2872036@students.wits.ac.za,created,6dcb2b40-bbfc-4413-8fd3-e8574e80a1bc,
2224751@students.wits.ac.za,created,f72971df-339e-49b6-bd25-a046e28a5254,
2702947@students.wits.ac.za,created,c06433ee-be86-4c8a-b010-017b3cb60145,
3070116@students.wits.ac.za,created,9835a850-1296-4440-9eae-7dc5bea4cc11,
2816393@students.wits.ac.za,created,ab14d7cd-482f-48ab-bce3-e4db1fa8e079,
2953164@students.wits.ac.za,created,0b4dd29a-dc30-4951-8040-709c334d4fc0,
ngemaandisiwe@gmail.com,created,4f845f76-e546-4f64-99ef-03aa45dbf3ed,
3135016@students.wits.ac.za,created,2d0121c1-78bb-46aa-9b4d-2429f4074ab2,
seipzanaldo@gmail.com,created,5f3e4c55-bd81-4c1f-9b06-5c07a59c0c4e,
2939747@students.wits.ac.za,created,cf91fd3c-696e-4ce5-8a92-677b38c89676,
2685242@students.wits.ac.za,created,ce21e68e-bd59-4874-9608-4b41bfb48f0a,
2965643@students.wits.ac.za,created,bfb6f93f-1d4c-411f-a168-2d01fad96ecf,
2686005@students.wits.ac.za,created,80f96f61-15ec-405e-bc12-30aa9e88cd7a,
2487516@students.wits.ac.za,created,066ff99e-c1fa-4524-b6bf-8c69d88c06e6,
Blu2k6zey@gmail.com,created,635a8c94-1db2-441f-81b2-677be3630044,
2962073@students.wits.ac.za,created,a3fa2941-3d94-42eb-9575-25bdcc286281,
khumaloprk@gmail.com,created,eb048ba2-abc6-4ce8-89d7-85d84412a3c2,
2872679@students.wits.ac.za,created,a2327a13-5cba-4089-bcf9-7e1b518a8b57,
eveliny.phiri@wits.ac.za,created,69e02f7e-df57-451e-b1bc-50ea190563ec,
3187822@students.wits.ac.za,created,429856aa-4e01-4f29-9c6f-5a851bf8c8b6,
2817013@students.wits.ac.za,created,4b73e8f8-21e4-4ef3-a628-0a5c7fa7c308,
3080626@students.wits.ac.za,created,f1e68d93-bcf3-4341-b927-9f5d5f5a9548,
moilwemalatsi@gmail.com,created,ab271126-7812-4cb3-9c39-ae5cd7eb7740,
2984573@students.wits.ac.za,created,8e747f99-6086-4827-8958-36a2f4f0f1c5,
2907376@students.wits.ac.za,created,1b9b4dfb-06a6-4759-bf01-361e829896ad,
katlegomapea2510@gmail.com,created,3c4929e0-2520-4ed4-91d6-4e35d2d742c8,
2943934@student.wits.ac.za,created,912a9b03-c9c2-4948-9752-c4d392fd438f,
2461259@students.wits.ac.za,created,5cef2e16-766d-4daa-8224-e614b335ef8d,
zaluvuno@gmail.com,created,3587e1d4-c0e8-4037-ba35-d92a4f69ca26,
2700132@students.wits.ac.za,created,9539a338-1892-42a6-8e0a-c404f9b02355,
2709352@students.wits.ac.za,created,ceb106be-c62c-48e4-b37a-773bab0685da,
2854541@students.wits.ac.za,created,af9fa150-1b4a-46ce-a530-7de1128791bb,
neothekisho18@gmail.com,created,15ac0abc-10fb-4647-a3da-92b906098463,
2111745@students.wits.ac.za,created,b9e7b5e6-50bf-443b-84e5-60241ca3646a,
gomopanashe2005@gmail.com,created,27c46fe8-a7e1-43a0-9bb9-997a644e0cf7,
lathithaarode@gmail.com,created,7906cea8-40ca-4988-ada5-eff5ce258bef,
2667003@students.wits.ac.za,created,27fb1883-878a-4471-981d-46c875f94ea4,
2672018@students.wits.ac.za,created,5f19e5b7-7e47-47ae-9b2a-7778457e3e61,
2967174@students.wits.ac.za,created,b2b26851-939c-48dd-9b60-28820e5fbcb4,
2955133@students.wits.ac.za,created,512e61a1-9838-4f61-94ff-630637eb62fc,
2966196@students.wits.ac.za,created,e95455d7-d191-4b06-9176-f1a1cba6608c,
2835966@students.wits.ac.za,created,adba1f00-9712-4278-ab65-a2b31c6899d6,
2701134@students.wits.ac.za,created,f143e1ef-8622-449e-a7c4-11f94158e418,
2672693@students.wits.ac.za,created,cfeeebda-a3e3-42ca-bb38-51dd4467728c,
2961923@students.wits.ac.za,created,1afc4e65-9bbf-40b4-99d9-8fd623a4289b,
2626284@students.wits.ac.za,created,dc451749-8c3a-4897-bf7d-dc82292f6c7b,
freddymarumo3@gmail.com,created,381a2480-9cfe-4113-a77e-237ba8c5387a,
3155830@students.wits.ac.za,created,178fd22d-f58f-4787-9ec6-9bfda5f5d46a,
2955913@students.wits.ac.za,created,17f41aa7-9475-4df6-8f7c-1837f78b6d42,
phomelelokg@gmail.com,created,892aae8b-be7b-43d1-acf2-db7a441c3ffa,
2945014@students.wits.ac.za,created,ab65b571-204a-4e8b-a534-9940152c05ae,
2940257@students.wits.ac.za,created,294b7d47-75d1-43ca-8927-46080e1ecb5a,
2840807@students.wits.ac.za,created,bbe2b6ea-3a56-44f1-bec4-7083b72759ac,
olwambedeni@gmail.com,created,a6818551-c652-4813-a162-efff949cadb4,
tshegomotale123@icloud.com,created,1b8f2a27-4026-4a05-9542-2fef99000a59,
2657705@students.wits.ac.za,created,8b130de5-2912-40e0-ad44-d83c7eb07bea,
emmanuel.ndabezitha14@wits.ac.za,created,695e29c6-2822-4c39-be64-634c5d624c38,
2573605@students.wits.ac.za,created,6679bbab-68ad-4f44-addc-7ebd7b3752b7,
mkhabelaitumeleng11@gmail.com,created,c989fd5c-23f1-4083-bb6c-2f4036f1d739,
2836329@students.wits.ac.za,created,7108cf8f-23e7-431d-8b9a-c64021d28119,
2715640@students.wits.ac.za,created,5dfb6849-628a-4db0-a860-bbc8b25c4b39,
3135451@students.wits.ac.za,created,4a49d12e-3438-4778-af7a-38efb45370b9,
2840743@students.wits.ac.za,created,8e0d8f4a-0716-4171-b8e7-ec0895c692d8,
gabathemba4@gmail.com,created,7ad2fcbe-3293-49ca-b1db-948cf141565a,
2628377@students.wits.ac.za,created,02aa0334-32a3-490d-b6f4-26c74f9452bd,
3017616@students.wits.ac.za,created,6a819b05-89b4-4a69-b1e6-1d7dc71f18d4,
2840342@students.wits.ac.za,created,01548ddd-909c-43a9-898d-2c33c83dc427,
1072494@students.wits.ac.za,created,6a2b9fc5-3203-415f-9c75-3a9809a80ab5,
2698950@students.wits.ac.za,created,4aca3b4a-d62e-43f5-862d-119a60e50b5e,
3009478@students.wits.ac.za,created,e55d7d98-f2e8-49c9-a5cc-71da11fa0971,
siyarchitect@gmail.com,created,df305c44-40ab-4650-ba30-b539d80cc4a4,
2875716@students.wits.ac.za,created,3eecf4b5-5fb6-441d-902b-887fdacaafe8,
2844363@students.wits.ac.za,created,f4bc982a-f7a4-4e05-a524-976a4f43c22a,
2945097@studwnts.wits.ac.za,created,581ac965-9a29-4107-88fa-09dc3bf6cb13,
3125506@students.wits.ac.za,created,bcf8d503-d55b-4b4e-95b6-a768f970c4ab,
3087545@students.wits.co.za,created,2b2325c7-689e-4550-8f01-e7ef9bb30bb1,
2581266@students.wits.ac.za,created,1c33678d-f5e7-41a7-943d-a82a97e07281,
2585866@students.wits.ac.za,created,b5b78a90-f976-4f0a-a6e3-0a601073ca79,
3062380@students.wits.ac.za,created,15d63760-626c-480d-8ec2-337a6f88c8e5,
2540885@students.wits.ac.za,created,ddfe15a9-2fcc-4b50-8d8e-ad762f4de045,
2716558@students.wits.ac.za,created,f09231d0-d0ee-46f6-afdd-33b5528a52c1,
2061991@students.ac.wits.za,created,2c4e3964-9468-4626-b0cd-a755721ecfa9,
2669900@students.wits.ac.za,created,28e363cb-84c6-4ac9-b412-93599689081c,
3015370@students.wits.ac.za,created,a682166d-99da-4d77-9ccd-97a5251b3f11,
2559376@students.wits.ac.za,created,fac06c29-1ccc-4625-820e-6ec6f39fcfbf,
2841343@students.wits.ac.za,created,2d90ab59-7705-4169-8c36-06534f59cf5f,
2550607@students.wits.ac.za,created,8dae3624-61da-4016-a18e-09923b83c7f4,
2653949@students.wits.ac.za,created,b35ee653-3235-4c1b-93fa-500536849884,
2741424@students.wits.ac.za,created,610d0a8d-448b-492e-b7bc-4a40a7456b03,
2546935@students.wits.ac.za,created,2e3843e1-d245-4ecb-a6b7-ddb7d76c813e,
2693153@students.wits.ac.za,created,f1ed2ec2-bf08-4262-99f2-fd4c81c4bb2e,
2560888@wits.students.ac.za,created,ecdcdaea-6887-457d-bfd3-86a4d6f38e9a,
2467311@students.wits.ac.za,created,2566a000-38af-4c70-b05d-55a263d28341,
2686320@students.wits.ac.za,created,4f11060a-3cbe-42ed-add0-deda993daa81,
3136583@students.wits.ac.za,created,8d4e9c70-eb37-4eda-a749-5e23b30a685b,
2575366@students.wits.ac.za,created,1d60a899-7b3f-47d8-93b7-1f802d04e5c2,
2855246@students.wits.ac.za,created,562d300b-0895-4be7-877a-66a219c7aa1f,
2282308@students.wits.ac.za,created,811e0dbd-4a0f-4f27-af45-d4f991b058a0,
2892305@students.wits.ac.za,created,b82309c1-8b39-4f45-8be4-a387f48d8268,
Zuko.bangela@icloud.com,created,dc61ee7b-8833-4f24-a70c-b78e27365429,
1605535@students.wits.ac.za,created,a101e679-4ac2-4605-ab26-b885e586e885,
simphiwembulazi3@gmail.com,created,ddafc1c1-b29f-4516-bfec-6476f8184b80,
unathikh@gmail.com,created,a6aa6812-18dc-4dbb-9c46-f046ddc13b89,
2973883@students.wits.ac.za,created,35132674-4fa6-4588-9abc-cac9b52b4ed6,
2944498@students.wits.ac.za,created,fb2b4142-c260-445e-884e-8f2a81bed351,
2589275@students.wits.ac.za,created,3c50f568-4df9-45b9-a740-e667c6c6930d,
2595868@students.wits.ac.za,created,82226c28-64f7-4ea9-bc23-1e2523f40106,
3079165@students.wits.ac.za,created,5743a082-f2fd-4c44-8c2a-f321d14374d9,
2940898@students.wits.ac.za,created,12374550-d7fb-4688-8801-84faf6f42800,
lkhiga4@gmail.com,created,51b69f75-37a9-46d2-b458-334691b2cf40,
1370438@students.wits.ac.za,created,9c8418b5-b8f9-42e3-9850-2335e99855b2,
3113332@students.wits.ac.za,created,d40004b4-c9d0-4e40-9e2a-90ab980f91b8,
2824411@students.wits.ac.za,created,eea23d6b-647e-43b5-9ac7-eed6a92b09e1,
3145033@students.wits.ac.za,created,30671d97-79f2-4fa7-9465-b288ce050c5d,
Gobolumkile@gmail.com,created,49037870-54fb-43c5-b1f2-57fdf348e9be,
ranazorkot@gmail.com,created,4ba1ea83-430b-43bf-b773-1228d1471a89,
2714764@students.wits.ac.za,created,8679be3a-aa2e-404a-b916-ac09194f8234,
2452947@students.wits.ac.za,created,a9b34fe1-7322-40a3-9c1d-2ba1eb25393e,
2738954@students.wits.co.za,created,45503890-9b64-444a-8474-5ee0cfee9c5b,
senzeninxasane37@gmail.com,created,221782cf-5e56-415e-b652-5306e1850ae6,
2461448@students.wits.ac.za,created,326d9bfc-6219-4de3-b75b-43aec0fe1908,
2945677@students.wits.ac.za,created,6f6ff9b1-a9a4-4ac5-95fb-640c072a1bc3,
2974089@students.wits.ac.za,created,13ce556d-4f95-4334-8e9f-ed845276b841,
shipalanalisa30@gmail.com,created,3e539f5d-5316-4a64-bfa5-28db2c17ca7a,
vuyelwamasebe095@gmail.com,created,e7ddad88-d3a3-4594-ad7d-48d8cb3b50e8,
zayolilitha@gmail.com,created,c50643ab-687e-4066-9ba7-7fcd5e847478,
kayla.simango@gmail.com,skipped,,A user with this email address has already been registered
1101907@students.wits.ac.za,created,57b665e1-f291-445c-a92f-3a226b3cfe84,
njabulosibeko55@gmail.com,created,82326b42-98c4-4d81-b04a-49dded21f3ae,
3054036@students.wits.ac.za,created,9a5cf4ec-e80a-46cc-9511-1dbefe5c06c1,
2997744@students.wits.ac.za,created,573b13ba-95f6-4d96-90ac-faa1dc69820e,
ibramchilufya@gmail.com,created,111449d8-96a5-4a04-beca-80b7b3683ca3,
1571888@students.wits.ac.za,created,cacc8ecf-f359-4fdd-9153-b9fa947522c5,
moepengrebaone58@gmail.com,skipped,,A user with this email address has already been registered
2848296@students.wits.ac.za,created,f11df34a-2035-4a05-87cf-b0dc491f057a,
3080449@students.wits.ac.za,created,f18097ab-7dd8-498f-97a4-a3af62acbe9e,
2675612@students.wits.ac.za,created,4a736cce-1e45-424c-8f6a-016931f79935,
2853967@students.wits.ac.za,created,bef5d0ca-26dd-4a18-abd9-f38a3534b1bf,
2853404@students.wits.ac.za,created,6e1f8ee8-78b5-43af-b002-433e8bb13674,
2671127@students.wits.ac.za,created,d54583c4-e4d1-4d41-82e4-bf1a972ff4d8,
2330450@students.ac.za,created,38dc3188-82c0-4c3b-abf3-450ac96e5d0b,
1500222@students.wits.ac.za,created,52547b92-57b9-4e92-a450-71ae812de173,
3013782@students.wits.ac.za,created,50668fb0-601e-472d-900d-d9f50af9b532,
3116787@students.wits.ac.za,created,2d69f08e-3bf7-422b-813a-478fef863e31,
2682767@students.wits.ac.za,created,8a2b1a39-a440-4485-b540-fac62874ff36,
2879716@students.wits.ac.za,created,54e51563-d60c-475c-bef2-92479f090c0a,
Mkhwanazi@nationaldialogue.co.za,created,aa171392-ab3e-4762-9bbb-ff879444d3c4,
LesegoMas@joburg.org.za,created,34761496-6425-4a08-85ef-d655e3aea41e,
3087788@students.wits.ac.za,created,0c895fc3-6083-4932-8ffa-5fe42c4cc67b,
maganyelematshego@gmail.com,created,123dc0e3-780b-4676-b2b5-d087cd669de6,
2819801@students.wits.ac.za,created,1b61a120-2fc5-4351-8b3c-cd79760cd03a,
Korivp@gmail.com,created,85d2223f-bffe-4503-8118-3a14689836f2,
1257041@students.wits.ac.za,created,aefd2a4b-6841-4e4d-b0f0-2984738ff4a3,
wambioratile@gmail.com,created,4ffd4c27-8966-4064-959f-598c5190452b,
2759596@students.wits.ac.za,created,ffd193bb-2040-45e1-aa01-987a848c8d90,
2691766@students.wits.ac.za,created,16611014-7e69-41e4-bd8e-518acb713242,
3121278@students.wits.ac.za,created,35d3745c-5ff2-4017-960a-0c95d5139f8d,
2711595@students.wits.ac.za,created,04cf522d-d814-46b2-af5f-dc176a9c715a,
2805253@students.wits.ac.za,created,eda9eee5-af58-47dd-b774-e5cc87e5611d,
rowencel0@gmail.com,created,6ece1dc0-5f44-434d-a117-e31ca465ae86,
1668712@students.wits.ac.za,created,f723ae15-79e0-48c9-b6f0-2c593929976d,
1573774@students.wits.ac.za,created,ec01bfe8-8c1e-447e-8024-24ee3683b6bd,
2430326@students.wits.ac.za,created,65cc77b9-6b9c-4823-a5f7-1845cef01354,
phiwefana24@gmail.com,created,2702f84d-6de4-40e7-a852-c3c875d956a6,
2581228@students.wits.ac.za,created,da2c832c-90cb-4b6c-91e8-bd75cc7328cc,
2809276@students.wits.ac.za,created,9f427aa3-152c-496e-9f53-2242fe625fcc,
2850915@students.wits.ac.za,created,6910e064-a29e-4803-8f7c-af507eae2cf5,
2560188@students.wits.ac.za,created,7876dc82-0b52-4b3e-9d6e-d23c3d6462bd,
2576278@students.wits.ac.za,created,1c4d7242-6f4f-4a2e-bc0e-d5a4e76b3da8,
2997779@students.wits.ac.za,created,e8f1f46f-4247-4d29-8170-b621295a711d,
3131259@students.wits.ac.za,created,68c0789d-61a3-4384-9429-2825395d5657,
3060851@students.ac.za,created,e8a6719a-e905-4772-a4d7-920c4e1adb84,
orifhanetsianda8@gmail.com,created,bc5aa724-0722-44b8-8d8e-dba07786631b,
3142911@wits.student.ac.za,created,c723a14c-08c6-4f3a-8bd4-245addb551bd,
2097215@students.wits.ac.za,created,652a3158-fb2d-4a66-87ae-9725acd12a04,
3147608@students.wits.ac.za,created,e096e0b8-c384-4d94-aa94-a2ebf9f1dc42,
2605212@students.wits.ac.za,created,96e0c4c2-afcd-4a96-8d04-7254478303d6,
waronab4@gmail.com,created,bdfc95a7-82a4-4591-9780-a66c1fe36167,
2906388@students.wits.ac.za,created,1e2de74c-dd0e-415c-bf9e-a5e05bb0974b,
jademohlaka@gmail.com,created,f66edf7f-f5b1-4a83-a4ab-3836af202880,
thoba.mthembu@wits.ac.za,created,d492673e-af5b-494b-8882-70f08d1b52c7,
2751993@students.wits.ac.za,created,1971e6e3-8160-4a33-97a6-dab795ce9cd3,
2848931@students.wits.ac.za,created,a9e89d9e-dba6-4ec2-93ad-7c636be19d63,
2821685@students.wits.ac.za,created,3d8c541f-8921-4063-8f35-e5b72b5320de,
2716982@students.wits.co.za,created,c2e6248c-2d36-4fb6-9e55-664c64a756f8,
2682909@students.wits.ac.za,created,30168bf5-9265-43e2-8663-d09bb7f95ec9,
3174253@students.wits.ac.za,created,f6247a8f-2e06-4a91-8ec5-1e8f475cfc1d,
2711272@students.wits.ac.za,created,c2a7d62a-382e-4458-b58b-5def61f3e54d,
2709746@students.wits.ac.za,created,bc9902f3-189e-4420-b50a-f138ad9e300d,
2816589@students.wits.ac.za,created,009df001-63d2-458d-a0d0-fd9b9739f5f0,
2973552@students.wits.ac.za,created,640ffc3f-0198-488e-9643-967f7f17e8e1,
2593286@students.wits.ac.za,created,29854851-49ba-4621-b140-09fd89d90efa,
2812861@students.wits.ac.za,created,b0d4b9d0-5a12-4098-a5f9-ec8dadc4bca5,
896546@students.wits.ac.za,created,b4eaf8ec-3614-4376-8e28-2992b6c53ada,
firauzahgwatidzo@gmail.com,created,9d3e2797-4836-4345-b33d-3ff34cd889df,
2822665@students.wits.ac.za,created,691963fd-6c9e-4fa8-84f1-053bd766e87a,
2572873@students.wits.ac.za,created,1a72ab59-e23d-483a-96a4-7c9a91e68109,
2678071@students.wits.ac.za,created,8c130968-0b06-485d-b6ef-339d2e30df4d,
2855630@students.wits.ac.za,created,a7089311-ec5f-4f71-a799-d417612bafb1,
3017233@students.wits.ac.za,created,5cce6f38-c80f-4dbe-87d4-45cb35b714b5,
2841322@students.wits.ac.za,created,2af86b62-c9c0-4995-8dcc-b86b1d867e91,
bontlebhengu1@students.wits.ac.za,created,dd4f100b-392c-44d8-b2b8-55f95c4cf51c,
2982836@students.wits.ac.za,created,0970fb60-a2cb-4807-9681-39aef27900cd,
2560970@students.wits.ac.za,created,a6fc8876-16c0-4734-bdf4-276ca3263e43,
2888257@students.wits.ac.za,created,91efafaa-7742-40a1-9522-6e022d90fba3,
1845186@students.wits.ac.za,created,5497ddb0-9633-415a-a9c7-b0fdcc6be730,
2830512@students.wits.ac.za,skipped,,A user with this email address has already been registered
mongezimaluleka29@gmail.com,created,985e184f-58b6-42f4-8191-2bdaa797d5df,
Angell.nthoi@gmail.com,created,f3df70a6-cd4f-47ca-aff7-c0f94384fe2c,
2712918@students.wits.ac.za,created,81786666-94a5-42d3-8f15-6465339c417d,
2938853@students.wits.ac.za,created,2f33ca8c-da14-40b6-b3ed-1daed2a108cd,
manukanyadd@gmail.com,created,aa37bb8a-aeee-4cd0-8f19-9f39a58f7595,
2664808@students.wits.ac.za,created,a3d844a6-eaf1-46cd-9174-19b691e4f24c,
283280@students.wits.ac.za,created,f32b1d03-587e-4a41-8b86-4f75e4f058a4,
nkabindentokozomcjoy2006@gmail.com,created,3bbb74f0-cec9-40e4-ba9b-409f1a98dc26,
3024618@students.wits.ac.za,created,700f387e-ab02-445f-a2c2-5c56fadb22e5,
present.teekay@gmail.com,created,326ba547-eea1-4eff-bf85-04a27237b19f,
2568504@students.wits.ac.za,created,37fc029f-5e79-4e91-a2e7-da9dec7fcd06,
2817939@students.wits.ac.za,created,e88c7198-a65f-421d-9249-bb623c1d9957,
2917346@students.wits.ac.za,created,667132bd-9f5a-4516-813c-8553e7b55342,
2813649@students.wits.ac.za,created,259cf075-cbcd-469e-92cc-d36f3260052f,
2493421@students.wits.ac.za,created,d7f24c18-6ca5-44fc-a634-717c258a607e,
2626289@students.wits.ac.za,created,284b398f-44b6-4c91-b4e6-2bd7547e9cf4,
2998111@students.wits.ac.za,created,581dbdc6-ccf5-4801-abcd-d4fb43b4d1f5,
2660984@students.wits.ac.za,created,2517b508-05b5-4267-a4b8-f162ff390852,
2845733@students.wits.ac.za,created,3e04db35-e2d9-46f2-b092-0f712f5d5507,
2847060@students.wits.ac.za,created,7be8878f-c61d-4a2c-9c28-d3874a7646ef,
2809214@students.wits.ac.za,created,8ff2fc80-e361-4272-8091-b9fb0e09585f,
baartmanliyabona@icloud.com,created,bdb62e2d-7d62-481c-be39-277af13432f8,
3129660@students.wits.ac.za,created,af803677-c6a2-4575-87bf-cf03eff4d565,
emelia.ditle1@gmail.com,created,a71625c9-60ed-4840-baaa-6622f9f0f995,
pattywitbooi@gmail.com,created,a7a7b9ac-1ab5-421a-a005-a6786b0b7373,
3027445@students.wits.ac.za,created,adbb3de5-9661-42a6-ac5e-183473ede89a,
2685681@students.wits.ac.za,created,6c8b2f2b-d7f5-41af-8678-9f9cffb11d3d,
3110678@students.wits.ac.za,created,cb376afa-6798-434b-818e-98ab308719cc,
2439621@students.wits.ac.za,created,1e3374b6-fa80-4d17-b18f-341855674bca,
314155.students@gmail.com,created,dd223637-0bf9-48af-8154-1ae89aa945c3,
2811190@students.wits.ac.za,created,0bd3d062-57ec-49d4-9427-4759f820c559,
boshegoaustin22@gmail.com,created,47847972-9e45-4909-9629-486655912f4c,
2846020@students.wits.ac.za,created,13f68a76-9bfb-4c4b-9e00-c229f285b6fe,
amenphambane2007@gmail.com,created,1988348e-0f70-4d56-b663-425a18323b58,
2857020@students.wits.ac.za,created,4dc23c3b-164f-4498-8ff0-0e593b1337d4,
2841703@students.wits.ac.za,created,b603c0dd-256f-49c2-8780-d8c0b9c3ab98,
2799856@students.wits.ac.za,created,e8476fdb-9c09-4cea-b325-7ecb2e9328d0,
3092075@students.wits.ac.za,created,a665836f-e3d6-423a-a4b3-70dd5ee5f5e6,
3092845@students.wits.ac.za,created,4507b8e8-6a08-4f41-b45f-8138340e2246,
2500675@students.wits.ac.za,created,1dd953ee-9aed-44b9-ac0d-ac3f876dcf50,
3119206@students.wits.ac.za,created,8e79960c-e34a-4a27-bff3-1a81bf7a8438,
mokhuanangi@gmail.com,created,67be807e-6341-4e70-9142-e664804b6dd0,
3085047@students.wits.ac.za,created,0e0810a3-348e-4eb2-ae8d-21f645f48939,
2714322@students.wits.ac.za,created,0b4b6398-4909-4e3e-909f-2a793ac66e44,
nonhlegulubela@gmail.com,created,87a6337b-4ee1-4b18-8acd-bb8f4c5f8af5,
3064074@students.wits.ac.za,created,e2d9058a-607d-4461-a450-3cad22114554,
3096162@students.wits.ac.za,created,4fd76d2f-933d-45d8-b019-58f99cb163ee,
2838824@students.wits.ac.za,created,a38a8ed1-34eb-42f0-b8de-8d3374dba804,
2845925@students.wits.ac.za,created,6fc075b8-e9e4-45e1-863b-29feabd6a416,
2882426@students.wits.ac.za,created,38efe968-5386-4b89-8a20-495c66b71de5,
2903904@students.wits.ac.za,created,4ae938c9-5262-4106-aa2e-206833f96b6a,
2800625@students.wits.ac.za,created,2851ab68-6034-4500-a9d5-9941946d757d,
divhonele@gmail.com,created,dd22944c-f927-489f-b427-87c7d9c574c1,
2854614@students.wits.ac.za,created,9fabb8de-8710-445b-880a-28e67a4a4bd5,
2952003@students.wits.ac.za,created,afec7e09-d69a-4e64-a247-388ff6d96f4f,
2944471@students.wits.ac.za,created,05593811-9e0c-4a53-b84a-53a01095c566,
2964428@students.wits.ac.za,created,dc0d5b1b-7c56-470e-b062-a861f6de3955,
1276877@students.wits.ac.za,created,fd7935e5-f63e-4861-b125-4e76735a82f3,
2945379@students.wits.ac.za,created,3cafd274-1cb6-485d-8b10-a09fa8befeff,
netochukwur@gmail.com,created,ae0ee8df-7742-4172-9580-2ca8205b1cc1,
3011524@students.wits.ac.za,created,38583c0b-666c-474f-b509-29855bd8d2e9,
2903104@students.wits.ac.za,created,103df7f8-acb3-45e5-8931-e02abb985948,
2971878@students.wits.ac.za,created,5f833584-9028-4115-a27d-c9d04ce1f567,
2891291@students.wits.ac.za,created,c8191a74-e322-48bc-8a63-fdc46174c555,
kwandi2007@gmail.com,created,7c225cb7-cf7b-42c0-8cbc-70f99deb0a9f,
2559558@students.wits.ac.za,created,7ca6a905-ced0-4768-a61d-173be78e2fdd,
2709691@students.wits.ac.za,created,758da462-8713-4035-bd20-7dc7c7bc5740,
2332159@students.wits.ac.za,created,cbc4d576-2f1c-4d57-8163-d23e77088fba,
noxololerato2003@gmail.com,created,99dc1adf-57d4-4822-bba3-304abb1b3bad,
2554623@students.wits.ac.za,created,b08bcf27-5ff0-47a4-bd93-9e7ec2ceef39,
asandamkhonza14@gmail.com,created,f6a432fb-3f8f-4dc4-8a01-0b2544be4c75,
2950643@students.wits.ac.za,created,e5213f63-9f5e-4962-9d5a-39cdb218f2e8,
3134056@students.wits.ac.za,created,1b863a1e-cd49-4161-9fec-ceb1ab89069e,
1422738@students.wits.ac.za,created,09fdb7eb-7420-4e02-a721-39b8c8141972,
2995541@students.wits.ac.za,created,77cfe3f0-9cb2-429e-b72f-77d66a2a6cef,
eljoymaluleke6@gmaill.com,created,49e98825-cdff-4834-9c3c-005f04a58b19,
2688935@students.wits.ac.za,created,ce585a58-14d0-4644-8763-7712fedd5e9f,
2862515@students.wits.ac.za,created,3bfbc0cc-0468-44cd-b5e1-a61529d1812a,
tshegofatsoentlemamba@gmail.com,created,0f92b9c1-944e-4d18-b922-99d78eb6389c,
2950086@students.wits.ac.za,created,0c0fd519-87f1-48ee-a1d9-dbbcbcd85ea5,
2079424@students.wits.ac.za,created,c238514a-804f-4fb2-97d5-0f3dc22a645b,
3131806@students.wits.ac.za,created,70e9bfff-645e-4014-ae25-c7b18277802b,
ndlovuel31@gmail.com,created,604a6610-cc5e-4a51-bda1-0ce19b68b3d5,
3006645@students.wits.ac.za,created,d86eb710-67c4-4739-aba2-82056b207055,
2701905@students.wits.ac.za,created,0afa759e-d1dd-4ae7-a32f-b99a6e34ccd7,
2944276@students.wits.ac.za,created,c0acabb3-d1dc-48f6-b8a0-18b12247a1f7,
2837002@students.wits.ac.za,created,5522ed86-157f-4540-940f-f2c9eb33734f,
2610454@students.wits.ac.za,created,37db46b3-8d88-4053-a97b-1411c84fa176,
2143597@students.wits.ac.za,created,09afb752-64c2-4f8b-a0cc-4880600ddaf6,
2611055@students.wits.ac.za,created,41e46654-942d-44a8-9795-b72b1e93ac82,
2989070@students.wits.ac.za,created,09394537-e610-4402-944b-a4063b82c002,
2993004@students.wits.ac.za,created,3b3bde67-61ad-4228-bfc3-867cb242e7c7,
.3075680@students.wits.ac.za,created,b739b092-5d2b-44ec-b928-ccf2328e7d8e,
2689908@students.wits.ac.za,created,2fb7db62-7751-4f0d-b56a-4ead7ac51afe,
kabelorapoo4@gmail.com,created,5407c45a-5ab2-4e3c-a6ee-749812ccfe3f,
2957624@students.wits.ac.za,created,9f4758d9-9483-4d42-a642-a98a325efcbf,
3085561@students.wits.ac.za,created,1dbaacda-4e86-4a21-b8c2-785ccbbec862,
thando_k17@icloud.com,created,d3e9fee4-b624-4907-abea-ffc8cb470443,
2732161@students.wits.ac.za,created,6bccebfa-7c7d-4bd7-b00c-7ae92c3b3c15,
3033877@students.wits.ac.za,created,899bc66e-c625-4711-bcd5-7b407d0c7535,
2954520@students.wits.ac.za,created,9543e340-8a27-4295-8528-5a3fa04c4414,
2968439@students.wits.ac.za,created,d29c006a-90bb-43df-b89c-4c492fdc9b6a,
nkosinathikingslytshabalala@gmail.com,created,4e3e5b59-f173-420b-b940-6911e75cfc80,
3145709@studentse.wits.ac.za,created,9bb60751-5e02-400e-a5a7-ca9176128f3c,
bongekilebridget20@gmail.com,created,a2800e66-dd9c-48a4-b01d-26d895c2fc63,
3037951@students.wits.ac.za,created,a5369603-3372-4238-b5b0-6034fdbb4093,
3010284@students.wits.ac.za,created,2e496f7f-9605-4102-81a4-7701b708b699,
2851499@students.wits.ac.za,created,acdafb6b-8191-475c-a47d-1874bf60b4e7,
2387367@students.witsac.za,created,e415d42a-f895-4866-b463-4474fa838ead,
3165045@students.wits.ac.za,created,9de363ee-2610-442a-9bd5-f5e35eb51b06,
2428173@students.wits.ac.za,created,6f713b73-5494-4205-82f3-f52b0f3f7baa,
2942092@students.wits.ac.za,created,1b1d995d-1b80-4243-9ac6-57459c2a089d,
2549011@students.wits.ac.za,created,d3295efb-59c1-4db3-a61c-c0913b684938,
3127012@students.wits.ac.za,created,bc102d74-3e50-4299-a0da-6d7bdd50310c,
dimpho.k.modika@gmail.com,created,16fc36da-1dff-46a4-a786-0df1b1e98817,
2997248@students.wits.ac.za,created,3c1e5d09-1f6a-47dd-9c9c-13c48e2cc8d2,
2804660@students.wits.ac.za,created,37ce72cc-1e87-4283-bf3b-bbb1282faee2,
2560667@students.wits.ac.za,created,f48571cf-6b75-4ac8-a6be-bfca2488eed5,
2576522@students.wits.ac.za,created,6818e0cb-1f11-42cd-9ede-5221cee9e7d0,
2675534@students.wits.ac.za,created,91e9b490-9046-4c25-bdf1-3cc612c5e56a,
2592921@students.wits.ac.za,created,61c21675-7015-4eac-aa5d-4d16d15ad920,
2447744@students.wits.ac.za,created,debdd49f-5464-44fa-afb5-0ad962b4fd41,
2822168@students.wits.ac.za,created,c4188132-1aef-4b38-b66a-e1ddf42d833e,
2596228@students.wits.ac.za,created,779f8fc2-1342-40a6-9120-d64fb38fd349,
anelisanomvalo36@gmail.com,created,36ec65da-e119-44aa-bec5-b2e8be17934b,
mathabelanicole@gmail.com,created,0a246865-63fb-4945-844f-dc023e36a3b6,
2949377@students.wits.ac.za,created,5459517d-c336-4e33-a218-0bbe84425560,
1396479@students.wits.ac.za,created,ae1ea2f8-4f60-4461-b6e5-2ee0512e0cf8,
726942@students.wits.ac.za,created,122716eb-29c9-4c2e-a4d1-f6f49dc9d943,
rlpetlele@gmail.com,created,5ff72fb3-2fb3-47cd-8155-ac5b94050298,
2680838@students.wits.ac.za,created,a8dfcede-c811-4ed6-bd7f-05f26ea56ce4,
3113914@students.wits.ac.za,created,0178fb8d-5913-4032-b37c-6db91599ba06,
2721411@students.wits.ac.za,created,c5283e13-9cf9-481e-b58b-fd9f56cddf41,
2711378@students.wits.ac.za,created,3f7e3840-cadd-4fc4-8d9d-0ef3b7ab0d0b,
2969917@students.wits.ac.za,created,1283dab7-386e-4fbd-9135-8dbe0ad9d4a5,
3116988@students.witsac.za,created,7d42d811-1842-4fc8-90bc-0e89d88c7948,
3073128@students.wits.ac.za,created,b5ca9166-6f15-4d25-be06-cd66c49a9251,
3000374@students.wits.ac.za,created,bc279835-b5a6-4fe9-b698-f98551755ea8,
2368475@students.wits.ac.za,created,631c5499-1cae-4a01-80d4-afeeaae95aae,
nyembezinjabulo4@gmail.com,created,5271bc3c-e316-4971-bfbd-e1d7f41fd987,
2821314@students.wits.ac.za,created,1528540f-f0ff-43ad-bb80-a4a0fdcea2c5,
2895354@students.wits.ac.za,created,d9375f79-8db2-4355-b5d9-0f27822ca953,
3012019@students.wits.ac.za,created,11c1a7cb-088b-4689-89a5-d41ab0f6cb91,
2954216@students.wits.ac.za,created,9907aa43-7c06-442a-84de-d9f50d9bad81,
2330405@students.wits.ac.za,created,a3ba3576-d588-49e4-94b8-e80b5b4ee15f,
3076144@students.wits.ac.za,created,87dc5242-346e-43a0-830f-ea74f5057402,
2449148@students.wits.ac.za,created,9604c5cd-e2e2-4d61-b744-2206568fe2f8,
2490447@students.wits.ac.za,created,e2703d4a-3daa-442a-894b-3513ddf9b995,
2963993@students.wits.ac.za,created,aa3a4e0f-e3b3-4d5a-969e-c0c19b900345,
2443072@students.wits.ac.za,created,cb9f7d82-bd1a-4b6d-bed7-89958cbdfd53,
2703417@students.wits.ac.za,created,138062ad-8ece-4338-96ad-9565a9ed94cd,
3013370@students.wits.ac.za,created,a6f391b6-d709-4eb6-8d86-c0e4d407ef6f,
2963775@students.wits.ac.za,created,3d2e2710-4f64-4ec3-861e-74b8ae6c9af5,
2329045@students.wits.ac.za,created,a14ba8eb-32a9-42ba-8ae0-c54078bde8e9,
2700913@students.wits.ac.za,created,98e6ca3d-54e7-4946-8131-2b5adfaf8ec9,
2544546@students.wits.ac.za,created,c1486718-2fbc-4537-acd3-d9ddbc03a712,
3071372@students.wits.ac.za,created,7b53eb1a-7810-4aca-967c-918e1cce6aaa,
3005694@students.wits.ac.za,created,dddff9e3-d5f9-4d89-a99c-abaec4381be0,
Asaneleaustinskepe@gmail.com,created,86c221b6-27bf-4d6a-90e0-e43745b113d5,
sikepahlana7@gmail.com,created,51838054-e649-444d-913a-042f389012f8,
penov.jure@gmail.com,created,dd1757d9-22e2-4a2b-b9f8-c753dfef5cd6,
harinamananda.kks@gmail.com,created,191f9775-cd22-40d1-b1f5-1153637f3b97,
Nkonyana.mbali@gmail.com,created,0fe60d85-50c8-4f92-b66d-e90b08a9b74f,
wanda.cobbinah@icloud.com,created,f86b53e9-444e-46b0-a8e1-4d450823b807,
2982507@students.wits.ac.za,created,e4a551c0-c345-4deb-8cb1-d7435db72597,
3175291@students.wits.ac.za,created,120380a9-bde3-4fa1-a9b7-77cf759a8b11,
2946426@students.wits.ac.za,created,d3071fdb-5ac7-48fa-a559-426ce6486bef,
2962415@students.wits.ac.za,created,c508fdc7-ce76-4afb-adda-73d8262f8e03,
likholikho416@gmail.com,created,ba1fefcb-1043-41e0-81c6-349ea49c7470,
dakivuyohappy@gmail.com,created,f59e906c-9b36-48db-8374-02c0c289f5ae,
Mgiditercy@gmail.com,created,436d9c9b-e84f-416f-a8ed-fa0f71691a0c,
3168965@students.wits.ac.za,created,972a5462-ac00-479d-81ca-49042e6d5796,
2959126@students.wits.ac.za,created,021a2ffc-3877-4c43-bf2d-746a78ce307f,
3148880@students.wits.ac.za,created,aae94ed1-6b5d-4828-8299-2b6e20d8c55e,
3108180@students.wits.ac.za,created,91f7256a-8514-47d6-9d9a-51c8fc1ccd7d,
2959654@students.wits.ac.za,skipped,,A user with this email address has already been registered
3031409@students.wits.ac.za,created,06a58600-2e99-475e-a085-c75783c411b2,
2976769@students.wits.ac.za,created,2ef0c047-0768-4c07-8816-6a6b86015d83,
2665241@students.wits.ac.za,created,c8652165-b353-4580-9663-3b8cbe6f7147,
2740871@students.wits.ac.za,created,defdb277-83df-4d6d-8c4a-9b1139bb0099,
3022439@students.wits.ac.za,created,4e54a559-8076-4f34-b3d7-3531e4d95382,
jmonama082@gmail.com,created,a646189c-b63b-48bf-b172-652450265116,
jadesaffi3@gmail.com,created,2da15c5c-6651-4b9f-986a-41b6c8cd731a,
2838050@students.wits.ac.za,created,67453652-7ff8-458a-be4d-7fc1e73df3fa,
2593920@students.wits.ac.za,created,05c63f9b-2740-4f99-ad5a-2bc893cee4b1,
2428839@students.wits.ac.za,created,c1a19f33-e7a1-4616-8913-b002d30fa473,
1862218@students.wits.ac.za,created,976f2b10-67cf-454e-823e-cd1474029e81,
2565504@students.wits.ac.za,created,a28e40fb-36d1-470b-865a-e3430b59ea53,
3073710@students.wits.ac.za,created,d9213ac8-05cc-410a-ada9-da999f9d1979,
2542723@students.wits.ac.za,created,33910466-8247-44dc-8d7a-58598bf89671,
2666429@students.wits.ac.za,skipped,,A user with this email address has already been registered
lethamahlatjie@gmail.com,created,05dd151e-234d-477b-8186-f01b11cee261,
thandoluhlengomane@gmail.com,created,f693eb5f-358d-4c00-9d67-2f70bb78fe10,
2685564@students.wits.ac.za,created,c3e17cad-89a3-4088-890c-0ce51b137698,
3079578@students.wits.ac.za,created,920454bb-f599-4dce-815c-1f1df3802913,
3037591@students.wits.ac.za,created,951343f3-898c-4d0e-a489-725939106a91,
1867992@students.wits.ac.za,created,bbe0d964-6787-4726-b125-ed0abca9fe0f,
3064704@students.wits.ac.za,created,9d1a58c9-0bd2-4455-b30a-3faab23c47cc,
2495788@students.wits.ac.za,created,72cf385b-0578-4497-886c-d10196501e21,
2596895@students.wits.ac.za,created,3c62760e-2d2a-4cf0-a83e-7cbc65048d7b,
2947680@students.wits.ac.za,created,607b1816-9b15-410a-aea1-7c5f6ee87252,
2788593@students.wits.ac.za,created,a6daef29-1fb7-44b5-82ae-805666b35d7a,
3164544@students.wits.ac.za,created,52bf6b2c-b856-4070-8541-9600cefb3f0a,
2954786@STUDENTS.WITS.AC.ZA,created,d6b1d2df-fcd9-42bd-81d6-08e30de43e4f,
2983185@students.wits.ac.za,created,e2f009be-5862-4806-b445-d4671f8b666a,
aidakhaulisuanotimbe@gmail.com,created,6869ef7e-d9c2-4448-9f1e-aa8a3dd82a64,
3078176@students.wits.ac.za,created,22b3f5f0-a351-499f-8994-e64e3ff125eb,
2805763@students.wits.ac.za,created,06a66556-fa0c-4d1a-b59a-6c8302584817,
2661061@students.wits.ac.za,created,7a428d61-230e-4bad-a3af-27cce5ecd573,
2743174@students.wits.ac.za,created,ee91763e-b1c3-4516-a309-770f433a17b5,
2701597@students.wits.ac.za,created,8ca9ca70-873c-453d-9832-bf22cf1b2805,
2540390@students.wits.ac.za,created,762dc734-6c1c-4705-aace-d5fd6af3619c,
owamleleki@gmail.com,created,fab69f7e-5403-4814-a5e6-3fdc3ba3c758,
sotyatoayola@gmail.com,created,0ddf4dba-a0d7-4fd3-8bae-c0c25e8a58b9,
2598040@students.wits.ac.za,created,30b8052e-8532-4869-a047-218505668167,
2347443@students.wits.ac.za,created,8140c740-9fd5-492d-872e-678948593d0f,
2580962@students.wits.ac.za,created,8bc2fbb4-e7de-4d27-a32c-223a6173a0d8,
2971896@students.wits.ac.za,created,59c1db24-f601-4bc4-841a-b479fd577bed,
3038090@students.wits.ac.za,created,2b245d7b-7bca-457a-ad88-dee161b39f16,
2720510@students.wits.ac.za,created,921e0fee-65f3-4d66-8870-32194001ba40,
2716880@students.wits.ac.za,created,96773cf6-d51e-4a83-9b29-f7e720728bba,
2975421@students.wits.ac.za,created,07f84073-bd1a-48c5-8ce4-aa95712ad0f8,
3015880@students.wits.ac.za,created,96810988-0ab0-428d-b04c-3c0592e300ea,
2978100@students.wits.ac.za,created,a78c325b-b620-44f4-8bb1-56d70e4c130c,
mkhizelethabo6@gmail.com,created,9906feeb-2f12-413f-af43-6c014c0be805,
Siphokazingwenya2006@gmail.com,created,1c1f8641-17d0-4812-aac5-1cf55d674090,
2988077@students.wits.ac.za,created,fe829140-5c29-4853-9056-6a743ce305dd,
2851495@students.wits.ac.za,created,d52ed24d-fe9b-447f-b1d9-5f56cace3703,
2960254@students.wits.ac.za,created,300e1c7b-520e-4686-bec9-b5dde2c2a949,
2977524@students.wits.ac.za,created,730e2336-c9c8-4703-8109-c55e31241fc2,
2945956@students.wits.ac.za,created,dc846db7-6d55-426d-bffe-1fa43bd4669d,
2979426@students.wits.ac.za,created,1910af17-bc04-48eb-b892-46dc40d90f81,
2813981@students.wits.ac.za,created,917333bf-e14d-4bef-817a-c93aa7b433dc,
2943046@students.wits.ac.za,created,434c2e97-3cc9-4b27-ae7d-fd277d846981,
2137367@students.wits.ac.za,created,9c08b7e7-ef99-48de-a933-f1651f3f9e8c,
2734916@studenys.wits.ac.za,created,e9b9940b-5420-42da-b735-9714ac6eeb14,
2816282@students.wits.ac.za,created,251418b0-4385-4520-b5d4-5443fe23f15b,
2658613@students.wits.ac.za,created,bb038c19-6c0d-488c-90e6-ecc47de84da9,
2944011@students.wits.ac.za,created,b66d78b9-0550-4a90-bf28-c28a8165be61,
2578016@students.wits.ac.za,created,538b5ba5-2eae-4ca1-a5ca-c463060f9037,
2944672@students.wits.ac.za,created,8a8c12d9-6219-4727-9666-75788f3b2599,
2955555@students.wits.ac.za,created,ca9b994b-6450-435c-a58b-4d19df421538,
luthando.mbana@iej.org.za,created,011af6ac-ed20-453f-8f80-0cb50faaec3b,
2867141@students.wits.ac.za,created,d008df00-4018-490c-bcf0-5732383d24e7,
2988872@students.wits.ac.za,created,203963a6-198e-41c8-a985-29c03645d89b,
3080837@students.wits.ac.za,created,f14e8dfa-ae28-4207-b1b2-eeb827e65fd8,
2591662@students.wits.ac.za,created,79740b79-48ed-4a25-a35b-1ab25e4371b5,
2180541@students.wits.ac.za,created,06f93f7c-90c0-47ee-a4d5-fcf16eab7d4b,
2582075@students.wits.ac.za,created,0c669f0a-cefe-464d-bfd8-07358503a983,
1917066@students.wits.ac.za,created,67e0a56f-7a53-4e4b-bb02-fe861005849a,
sanelisiwephilander@gmail.com,created,aa1436f3-4db5-4c4f-af2a-1f247ca5d2c7,
3114893@students.wits.ac.za,created,0486e150-987f-4f63-a9f9-ae116009f42f,
palesa.makhalima@gmail.com,created,579e1fdb-7dbe-4aa1-a5eb-bb959a6a9ec1,
2626288@students.wits.ac.za,created,708efeb7-efc8-42b9-b5ab-53adfead5371,
2811066@students.wits.ac.za,created,4c14904b-b287-467a-9c5b-1620c54ea72d,
2826716@students.wits.ac.za,created,207a0b6c-af18-4250-8625-0348a20daf18,
blayiluckymihlali@gmail.com,created,b8abe176-a126-485b-bfe9-aff86f8571c9,
2821247@students.wits.ac.za,created,bc4c1f42-93db-47f5-831c-4481ed0d7e94,
1390107@students.wits.ac.za,created,36872372-bbc1-4c4f-9b31-1588ab2cbac2,
3141545@students.wits.ac.za,created,13f51888-8da4-4177-a7d8-d79eda431e25,
2953371@students.wits.ac.za,created,9fde98cc-11d7-4f11-a28d-d7977cb8ace1,
1604401@students.wits.ac.za,created,aa5532a1-9e26-4264-bbfc-81c557a33d17,
3081676@students.wits.ac.za,created,374ee5f3-6310-46e6-9aa5-0e22440988cd,
2626246@students.wits.ac.za,created,546b5865-6d9e-40c8-9156-ccf8a1c97f06,
dshamilja.roshani@gmail.com,created,9b423521-1b8b-490e-b7d2-72bd0dafc22c,
2588583@students.wits.ac.za,skipped,,A user with this email address has already been registered
3154570@STUDENTS.WITS.AC.ZA,created,b828cb05-1f17-437b-a2e0-3256505471ff,
2806067@students.wits.ac.za,created,5b88640b-dbf8-4f37-99ea-c8ffe6bf009a,
nonkanyezigumede@gmail.com,created,f78f1df9-bb0d-4bb8-b83c-ba426b21509f,
296116@students.wits.ac.za,created,af36a284-01eb-4192-942a-2d5baa480c0e,
2947206@students.wits.ac.za,created,fb789507-b13d-48ce-9a93-8da57527b4f7,
2576838@students.wits.ac.za,created,0a201c9c-bb26-4131-8975-a53e851e54bd,
3012180@students.wits.ac.za,created,fcbbc67e-0df4-42e9-9caa-732eb55373d2,
2967422@students.wits.ac.za,created,049a57ef-32c4-4af8-91a5-c2692ed60da1,
sphephelomdunge28@gmail.com,created,43cc896e-45e1-4c51-ba3f-7e8243dd22d7,
3173734@wits.students.ac.za,created,2bf6531f-0681-4956-8950-439205ff0164,
tfsinqabasnakhokonke@gmail.com,created,d6b0d61a-eadd-468f-bf14-f230e8771271,
2799472@students.wits.ac.za,created,4b58e88d-a61b-43c4-8547-41146d6c6879,
wilsonmzuzu24@gmail.com,created,2f1bf50b-00f9-4e67-9880-31bfb62b2aab,
2347329@students.wits.sc.za,created,753e301d-e37a-449b-8ffb-d302123cacaa,
2834125@students.wits.ac.za,created,e3a1266d-c82d-4e98-8dac-8aa8fe27d117,
2864389@students.wits.ac.za,created,62122b76-98cf-4f9b-aa7a-a0f669e5759a,
2853282@students.wits.ac.za,created,acc58a80-37c0-41a4-9218-1d0d4f85bb65,
2563687@students.wits.ac.za,created,bc4faebb-c1a2-4022-8942-347338298a16,
morapedifortunate2@gmail.com,created,87fc6a30-f4cd-4bfe-8489-74e6d46ecade,
nandi.mpofu12@gmail.com,created,d59026f9-6c73-437d-b75f-7bab5add32df,
2823025@students.wits.ac.za,created,4a1e6c83-3113-41fc-ae86-7a6306955a1d,
onwabasobetwa@gmail.com,created,af0c32d7-1f0e-4ac2-a75f-427327257290,
khutsolep24@gmail.com,created,172bdbd2-d9a2-46e6-8af3-6e6218546098,
2813315@students.wits.ac.za,created,e1a717ec-be2b-4ee4-be1c-fe0707be065c,
2837018@students.wits.ac.za,created,d715905c-65c1-4220-a229-c8deb1004f11,
Hamisha.Bhana@wits.ac.za,created,0f25fc47-2241-4f7f-8a7e-89cb1d489083,
2669719@students.wits.ac.za,created,825c68a6-a00b-4631-8c40-87a036f00bf4,
letlotlomarumo97@gmail.com,created,d265e671-5eee-4a44-9817-ee416520b12f,
2627755@students.wits.ac.za,created,17382df0-e95e-4d4f-8358-19d46d43dc20,
2252181@students.wits.ac.za,created,73c2d040-f187-44e7-8ede-1ea1a8e11d28,
3094007@students.wits.ac.za,created,5ba930eb-cfe0-403e-8187-02ffda6a153a,
charlottenjoja@gmail.com,created,b6fda361-cca7-4ff4-93a3-3c101dec02b3,
2947227@students.ac.za,created,04431643-d516-4caf-a003-70e174bcf41a,
3024164@students.wits.ac.za,created,8b7981cb-b671-4aea-acbf-15cf3032a3ba,
Kedibonea768@gmail.com,created,4c9be714-6ba0-443a-80db-ab4b3e6e2292,
2889791@students.wits.ac.za,created,3865c9b3-c8b2-4448-8680-fdbe2c37fb7f,
2434180@students.wits.ac.za,created,c1121c2d-4bfb-4800-8cf5-38e29ae3d1b5,
2351617@students.wits.ac.za,created,468543e7-418e-47b3-866b-88a4b8e7dca7,
1146933@students.wits.ac.za,created,db785853-fc5b-46f4-ac0b-00adfec5799b,
lebogangskosana18@gmail.com,created,4769de9a-6d1b-4dc4-a961-7e9eac17d97d,
2999813@students.wits.ac.za,created,1c7fc85b-0fc0-45a3-99c3-ae764c010e6e,
wazingcebosithole@gmail.com,created,30f0cc6d-f738-4310-b8c1-b59ba2717767,
2464298@students.wits.ac.za,created,0cd98c15-5dd6-4096-83fd-ec39818c38d7,
2662351@students.wits.ac.za,created,94046b43-c214-423c-a8aa-955100e8d8ee,
2440447@students.wits.ac.za,created,287c4e80-c860-4126-a1ab-52d818cd7aa7,
2553294@students.wits.ac.za,created,271d2cfa-d289-4290-93fd-38507de055c2,
phoswanomvuselelo0@gmail.com,created,e966c543-920a-4904-8aad-845f7d9a7e19,
2719303@students.wits.ac.za,created,dd7ca5c8-b7d7-48ba-93d3-8a232946de8e,
A0086801@wits.ac.za,skipped,,A user with this email address has already been registered
khanyigumede2010@gmail.com,created,11a436ff-6d5f-4a57-bcf6-ee57424e5173,
2597271@students.wits.ac.za,created,fdb8d90c-78ac-46f7-85fd-e584e3d8eae9,
gugusomtunzi60@gmail.com,created,b729f4c6-45a2-471f-9c56-833f48bd1996,
Marvellouszwane@gmail.com,created,0a32b618-2492-4b79-87e5-24d6cc989b2b,
kbiikhumalo@gmail.com,created,25d5c527-1078-4e05-b6c9-9d2e1b303944,
3107327@students.wits.ac.za,created,98201f01-e8e9-49c7-842f-4dfd3bd33e42,
1851961@students.wits.ac.za,created,59fcdf20-ef83-4bdd-8411-9d11c039188c,
mogasoakhothatso78@gmail.com,created,e6db158d-0d29-4926-bcbe-8b167a9470b3,
3148833@students.wits.ac.za,created,a12c2669-d957-4346-820d-89c7458ff77b,
2687794@students.wits.ac.za,created,a5331419-838a-40b3-b66d-039b0de77489,
2901474@students.wits.ac.za,created,03104aec-b61e-4523-807f-b799cb702e42,
1835981@students.wits.ac.za,created,0ada2f78-bcc3-4d36-8f16-49073daf294f,
mvelelo.richards@gmail.com,created,7d54b15d-e16a-456e-aa8e-b383be007942,
2975076@students.wits.ac.za,created,098c1956-5dd4-4482-b401-8b08864fc8b2,
862270@students.wits.co.za,created,c1c88963-32c3-4976-962b-75bfaa080481,
2567806@students.wits.ac.za,created,541b5b13-da89-4fc2-9a07-a775aa6a851c,
3061359@students.wits.ac.za,created,16eba9cd-2902-41a6-8169-9152af1b26a4,
2811996@students.wits.ac.za,created,87fd2031-fb2e-4571-8116-9ec5720b3ba9,
3081753@students.wits.ac.za,created,b8e53204-aed9-401e-9443-608c4bab7cfd,
2906719@students.wits.ac.za,created,34f6f267-600f-4075-8390-8e05872acf6e,
2589432@students.wits.ac.za,created,3dcd8049-c675-4c20-b4b4-743a0b90c872,
2656186@students.wits.ac.za,created,86e666ff-2113-41b6-b10c-262be224d253,
2556557@students.wits.ac.za,created,5994c247-2540-48d7-a97e-0e91a410c082,
lucky.mthimunye@wits.ac.za,created,98827a46-731e-4a3b-95bc-a3884828f7b1,
308379@students.wits.ac.za,created,1e437023-e842-4c54-b2ec-3cbf7d68a700,
2873178@students.wits.ac.za,created,b264a4a8-7164-42fd-9387-ce5a3d76f4e3,
2668315@students.wits.ac.za,created,4c6c3396-3e0b-4fb2-a38a-befadf8ee863,
3013864@students.wits.ac.za,created,e3734a2e-d829-46c3-af17-e70ccaf21fbb,
3095299@students.wits.ac.za,created,b99e8f24-040f-4653-9d6b-fb4b05cd6abe,
3092584@students.wits.ac.za,created,62d4bff7-d817-4d77-9a9f-04a25138c49e,
maphirisinenjongo@gmail.com,created,1f3ea8ae-0cea-4d69-bafe-f4045f8b0750,
2683721@students.wits.ac.za,created,b9f2502f-23e5-449c-99fb-786b0604601c,
3133305@students.wits.ac.za,created,72ab87d7-e5d9-4e6d-a172-78d99293ab5d,
2578918@students.wits.ac.za,created,5e4cdb51-424a-4020-8e32-18ec368885ea,
Blessingeleer@gmail.com,created,0a03e17d-9ed7-40e5-82d6-e85b11601dad,
3120534@students.wits.ac.za,created,02567396-0a72-4508-8bf3-02cbff53d227,
2954462@students.wits.ac.za,created,b88ff41c-c9c0-4b81-9f50-a3edbea37da9,
mavusonolwazi1@gmail.com,created,74de4ced-a22c-4396-ba6e-4f29c88d8232,
2460894@students.wits.ac.za,created,e36acb80-d831-4b88-97f8-ae33c6b2a649,
Vutivikeri@gmail.com,created,e13ea203-000b-469b-8573-6c9f80118f6f,
2900100@students.wits.ac.za,created,8bdfa1d9-4186-44d9-a941-11fc559e3782,
2626759@students.wits.ac.za,created,f91d9a9e-87d0-4811-9e87-4e90977690e9,
3143661@students.wits.ac.za,created,a17bc492-a6f1-4583-86c4-30d9a4d497fa,
damatriantintili@gmail.com,created,3a9c5738-5463-4228-83a3-f1376ae76fbd,
3167906@students.wits.ac.za,created,78c16a6e-8e0a-4202-a737-8639214dd8aa,
2689817@students.wits.ac.zw,created,dcc0565c-624c-437c-89ac-1e255a5c50b1,
2581457@students.wits.ac.za,created,32dabd2d-ea03-4c8f-b909-188981560858,
ntebokgengpeter@gmail.com,created,a9509d53-c252-4eab-8873-ec4207fb4e5d,
2828151@students.wits.ac.za,created,c2cf10d5-c734-46d3-8df3-b8e8d5636857,
2703361@students.wits.ac.za,created,4e91ad25-52ab-4188-b064-a25b9a270303,
3093430@students.wits.ac.za,created,b1a659d7-c6f6-44f8-a18a-59c0d6336a66,
1842694@students.wits.ac.za,created,29f778a9-4196-436f-a41f-e88d367ff781,
malinga.angel10@gmail.com,created,e3e37fd7-e356-4a0e-9c48-74872696f1a9,
2862664@students.wits.ac.za,created,6f990612-33f3-4a79-b42d-fe26cc25c364,
2975807@students.wits.ac.za,created,ae233d34-dea1-47c1-9dcb-617adb7429d5,
2719450@students.wits.ac.za,created,03368ecf-b063-4ffa-9656-5d81e68537f4,
2950668@students.wits.ac.za,created,8c8a7b82-b8c4-42e8-a8e2-b3fff5e74a85,
2553782@students.wits.ac.za,created,d5445ecb-b5d3-4db7-9bb7-174150a89307,
2956539@students.wits.ac.za,created,fd77d548-952f-409e-9880-8c01b6f27235,
2952972@students.wits.ac.za,created,f0eff706-02e9-46f8-916f-7ea2afe4989a,
1066613@students.wits.ac.za,created,79cb1b13-9325-4124-9e33-da0dc4696503,
nothandokunene.nk@gmail.com,created,e8457500-0b12-4ee0-a774-aaf03681a7a0,
2115920@students.wits.ac.za,created,1c1a6e33-5366-4b02-a61c-20409e5f0726,
2572859@students.wits.ac.za,created,a335fc37-6600-4480-99e7-cfe90c6b2b93,
3033058@students.wits.ac.za,created,7585ff31-1013-40f8-a594-769cd78ffd6f,
3115358@students.wits.ac.za,created,a2f4cc4d-9f40-434c-953e-3fa7319a5fde,
2801105@students.wits.ac.za,skipped,,A user with this email address has already been registered
2825838@students.wits.ac.za,created,66abe19d-b1dd-49bc-9acb-9209d5a778df,
2815749@students.wits.ac.za,created,1746e262-c583-4681-9538-66d433c194f7,
2817955@students.wits.ac.za,created,907ac16a-d9b7-47c3-acb8-69e6aefd7ab7,
ayandathobane477@gmail.com,created,76be39ef-ca28-4a66-8f46-859fe0c2267b,
sindiswa.tilane@wits.ac.za,created,e577dcba-b002-43ce-a424-fd4cf189e048,
2981034@students.wits.ac.za,created,98279771-9deb-4378-b77b-17f156cbee1f,
dseleka@dynamictimz.co.za,created,5c5b0bbd-d989-46fd-bcd6-f45e77ab1255,
klseema.07@gmail.com,created,69b024a3-6e8f-4a6f-86d2-4645bcb36a38,
2728095@students.wits.ac.za,created,02f72a41-a271-4ba6-8bcb-4ed517209343,
2610240@students.wits.ac.za,created,10ed4585-569f-44e2-bd8a-099704767062,
2839762@students.wits.ac.za,created,778e4b38-6af7-428a-a347-3114492710aa,
3024597@students.wits.ac.za,created,cb7ce9e8-3c75-407c-80c4-4714bd9dd279,
2742265@students.wits.ac.za,created,bdef2f2b-3091-4187-9e27-0003a7830a0f,
2598764@students.wits.ac.za,created,7cc5a44e-2fa1-43d3-ac3f-0a5a43b5649b,
2661731@students.wits.ac.za,created,1a6b89b1-79f2-46c3-a087-fffe1e88e385,
3102919@students.wits.ac.za,created,38fbc5e8-f3a6-47e9-9c79-934c95e8e66e,
2662244@students.wits.ac.za,created,66b89462-edc3-4924-8528-fd445e0157e8,
Brian.makena@wits.ac.za,created,1fb22e6a-9179-495b-9bb8-e1d07817767b,
2985048@students.wits.ac.za,created,8ff1fdf6-b1a9-4188-8f34-de2051852ce3,
2956429@students.wits.ac.za,created,a8f59581-8bb8-4c58-8fa3-edfd783e5430,
2949133@students.wits.ac.za,created,4a336219-923a-4cf0-9a04-9a726d166a33,
2995731@students.wits.ac.za,created,7dda0761-95c8-4a58-bf7c-b7aad671a330,
uhonesitlhangu@gmail.com,created,ffd53be8-dda3-47ee-9edc-b682fe0f7709,
2896761@students.wits.ac.za,created,7e2c6aa0-fb91-4871-bf90-81dad7857219,
Lumbwambenu@gmail.com,created,a7adcb28-0e5e-46da-a766-0f85fba4fa74,
2696820@students.wits.ac.za,created,62791dda-2c36-4e2b-8d26-f5c8c00ea2b1,
2939501@students.wits.ac.za,created,f6c7e2d3-5019-4ffd-bb61-aa764a3da288,
ngcebomkhize1@gmail.com,created,69b1fe9b-b794-4c47-b2d3-f70d4bc75fa1,
3143854@students.wits.ac.za,created,dc05d5c1-51a4-4b9d-a536-045b3b53b139,
2662349@students.wits.ac.za,created,a5f585f3-acb9-4494-8e8f-f3b94ee39e5e,
3084375@Students.wits.ac.za,created,28ef9307-599a-45e0-992e-d6028436768b,
1482422@students.wits.ac.za,created,bb118f23-f3a5-4cfd-8605-d955429ce496,
nnkuna202@gmail.com,created,57649211-eebf-4685-a216-94835cd9c641,
3178821@students.wits.ac.za,created,f12fc5ae-4a01-4b22-83bc-ec7a89ab1379,
3038361@students.wits.ac.za,created,ea4a7b5a-980d-4285-b2f7-efcd32596e69,
2710344@students.wits.ac.za,created,dba3b296-52ee-48c6-8cfc-163fdc436df3,
2623623@students.wits.ac.za,created,0d2fa55f-1d67-4b38-99f6-cecc07d248fa,
2917308@students.wits.ac.za,created,686275c4-7ae3-4fb2-8487-be9b2c160bb1,
2991087@students.wits.ac.za,created,da0d8a45-72da-4de1-aa99-793c5ed61bc2,
2107596@students.wits.ac.za,created,cbf7ad7e-0226-419e-b1cf-c4b2c0c9ca12,
2974030@students.wits.ac.za,created,6c25d372-091f-4386-9734-2d845400762c,
2972667@students.wits.ac.za,created,9c525170-4fac-4ae5-8c80-d3a0c0afafab,
3036844@students.wits.ac.za,created,055ec579-e52d-4fa5-a74e-239930d6009d,
sbongakonkhes@gmail.com,created,331fd558-4cdd-4e03-a1c1-a48c62be807e,
2713467@students.wits.ac.za,created,724a16aa-3bc6-4ef2-8a1d-8ce2167b65ae,
2823020@students.wits.ac.za,created,3f9a4864-ca3f-4724-8dac-a4d7bf613950,
umi.nxumalo@icloud.com,created,fb46d294-83d4-4a95-b168-a1bacdaa3b54,
2580608@Students.wits.ac.za,created,7383e5e0-0c24-44ec-bc31-4ee4c25ec1cb,
mbalimgudlwa7@gmail.com,created,7f599525-6fdb-458e-8ead-79ec90e7cdb7,
2769610@students.wits.ac.za,created,ca4dd6a5-8965-4522-94c5-c86bd399023a,
2992226@students.wits.ac.za,created,360cab9f-8102-43c6-ab8d-2a6c57f87c88,
2480764@students.wits.ac.za,created,52bc54ba-cb7e-49a6-b14d-a5d466917b15,
2860407@students.wits.ac.za,created,361844ea-d8c6-4fc7-b401-cdcb27295e68,
2812429@students.wits.ac.za,created,845f1fa5-4b98-4b62-bcca-b8a0fe5a488c,
tshenolomolokwane@gmail.com,created,5b158d7d-c17b-42dc-b00e-5cea8c2727b2,
amahlesnenhlahla439@gmail.com,created,ce855b24-ad87-49e9-8ac9-d335e2ee25d9,
Phillemon.Ramalepe@wits.ac.za,created,c1f2f56f-7e0b-4022-a0ea-c6f5b40778d2,
2701645@students.wits.ac.za,created,d1c7d5e3-3071-4218-b9f8-d3aa48cd44a0,
2455656@students.wits.ac.za,created,c885df16-ada0-4809-b6a2-e6f8ddba29c7,
2875143@students.wits.ac.za,created,ec85417c-3386-48a0-b408-b7fd812426ac,
olga.mphahlele94@gmail.com,created,dc5a835c-8d0b-423a-925c-e075d97c89ac,
2836485@students.wits.ac.za,created,a3b6dd2d-f423-4a8d-aee0-20670e43e106,
kwindlanomalizo@gmail.com,created,e11ecaa0-921f-4a40-bdb7-bad517c714f3,
molokomoloto@gmail.com,created,dbd2f7f0-cd39-48db-9f5b-6ad883ff2887,
mxolisimthiyacosta@gmail.com,created,94988302-1a1a-4d7f-bcc0-a5038458cd8c,
3110519@students.wits.ac.za,created,49055324-b1d8-4075-bf67-7d482d5f09c8,
2907914@students.wits.ac.za,created,c1c7b1a2-d5e4-41cf-8844-15395a02ae75,
1343689@students.wits.ac.za,created,1d47ba07-964f-4dab-beca-24bf4b35a0c2,
2825883@students.wits.ac.za,created,f24b5299-271c-42ad-8fd0-ae689b049148,
1905147@atudent.wits.ac.za,created,22b4e420-c609-40f7-8c00-a555a48a53de,
2881394@students.wits.ac.za,created,ac32711b-e1b0-41f0-9570-b95c1b07de9e,
3003519@students.wits.ac.za,created,6163f08d-c651-4534-ab26-819f850033f3,
2828222@students.wits.ac.za,created,66d6ae16-673a-4050-9a88-e9a2dbd991ee,
2538228@students.wits.ac.za,created,5572cf6f-a914-4515-b759-eb3f0be07811,
2459752@students.wits.ac.za,created,c2c314d5-89b9-4ffc-958e-5639e8aaf36f,
2945572@wits.ac.za,created,c974269f-4242-486f-b390-03da782707a4,
2455481@students.wits.ac.za,created,20f70714-a0af-4599-a100-fb03407cfd00,
2644905@students.wits.ac.za,created,58ca4c75-2d73-4d20-b9a7-43afc59badec,
2663848@students.wits.ac.za,created,7de95a11-deeb-4345-a8ea-c4f3786e84de,
2955545@students.wits.ac.za,created,3c6dccce-3255-4cdb-b153-3fed1943f184,
2768704@students.wits.ac.za,created,1201b57e-71d5-4f01-817b-ff38132fce21,
sandileluyanda365@gmail.com,created,7ff773f2-c540-4155-b1f6-f8559785d881,
3000131@students.wits.ac.za,created,05f6180b-26a3-4e19-8a88-001e8715ad8a,
2906953@students.wits.ac.za,created,8c14621a-14f4-43db-b271-dd1324f3f945,
2898526@students.wits.ac.za,created,48d333e2-80d1-47a4-a9d7-7c120f148898,
2906956@students.wits.ac.za,created,29402d97-7cf7-4465-820e-54d079aaf878,
2720134@students.wits.ac.za,created,323e6fc4-8387-46c4-8f74-022383a275dc,
3062621@stydents.wits.ac.za,created,cc2b41a7-cf38-4de7-afd2-f86c3bd112ff,
2999427@students.wits.ac.za,created,3958ee7d-7758-4184-9baa-0f981ca7f713,
2659555@students.wits.ac.za,created,a4f31fdc-0329-457f-b22d-1e82ea8a45dc,
mbalieghmbali050@gmail.com,created,49917cde-f7f3-414d-8284-84b3abf9824c,
1938324@students.wits.ac.za,created,4c6ebc35-5362-4489-8bc0-4b7e14a6f188,
3171681@students.wits.ac.za,created,b3140ea9-a15d-473c-889e-dcdb18701a74,
3106100@students.wits.ac.za,created,cfafb9a3-93a2-41d4-a4a9-ff701c746bc3,
patmuano@gmail.com,created,b4f93c2e-58e9-48a4-89bb-73415c0dbf40,
2982467@students.wits.ac.za,created,88887b3d-c61f-4d2c-bf8b-3360c032874d,
mokgadi.chab@gmail.com,created,a72d8ca1-8268-40f4-a167-58525e34813d,
3024654@students.wits.ac.za,created,c833176d-c63f-4030-aad1-6924c5847977,
babylt896@gmail.com,created,df1e4abd-6b4c-4bcf-a9fa-2d2ad0b51678,
sagwatishalomchauke@gmail.com,created,ca83979a-501e-46af-b372-830b55ba8e28,
2658099@students.wits.ac.za,created,166e39d9-03d2-41a8-8aa8-259ad16d4c3d,
2593477@students.wits.ac.za,created,1f1a95d8-d365-442f-a6a4-04ff2a75a8b5,
3071997@students.wits.ac.za,created,e1b0db82-63df-4579-b025-b8da8c1a21dc,
2875705@students.wits.ac.za,created,4147a340-ed36-4925-ad50-0ee03912c54c,
2965231@students.ac.za,created,b4d526ae-edd2-49a9-92a9-b31eb2878790,
2979165@students.wits.ac.za,created,02975ad4-33de-46a7-92a4-8f536c884122,
zulubs@gmail.com,created,569663e9-557a-4e92-b00e-fdfda6f63849,
3107720@students.wits.ac.za,created,6ebbb21a-cee3-431b-96b6-5dc87ba97fd8,
thembi.mathebula@wits.ac.za,created,145c8752-b09c-4ac4-984a-5b8d0cc93578,
sitholesikuyoyolulamoses@gmail.com,created,a8e79939-4b04-4226-b1b0-cda12f3cf0be,
2805856@students.wits.ac.za,created,c1422944-fa19-4be6-9bc6-891f0199d8ed,
3072105@students.wits.ac.za,created,b6aa401e-3889-4c45-9828-89c401590552,
mthimunyem413@gmail.com,created,f43f7727-1358-4ecc-ad2e-72f88fd1adc4,
2966173@students.wits.ac.za,created,77a8f894-54d6-461e-87f2-e6538363a1cb,
2574188@students.wits.ac.za,created,562f71af-e7c1-4e8d-b588-29f36cc73972,
3002170@students.wits.ac.za,created,fdcd7cca-bd0c-4530-ad8f-0b22934c2e3a,
2991564@students.wits.ca.za,created,ab4d041b-0853-4b54-99d1-73dd04fb5d33,
dlaminiphilasande65@gmail.com,created,d7302eb4-0356-486b-a844-799ee256fafc,
phumudzo311@gmail.com,created,e37b3a87-b11a-4b3f-b3bf-976dd91210c1,
2441587@students.wits.ac.za,created,f43a194e-ca7e-4904-a7af-a2ba6d103465,
3096235@students.wits.ac.za,created,79fd46ca-9911-49bb-87b4-56cea6c1dffe,
seipelommogo@gmail.com,created,6d11d1cd-a3eb-454b-be58-188c1c075351,
2971327@students.wits.ac.za,created,8b4c8507-34aa-41cc-be66-45a63aa5b26d,
2799436@students.wits.ac.za,created,c56fc608-7014-485b-8ff7-18c816d58ee3,
2832820@students.wits.ac.za,created,c30c26f3-476d-4813-8b52-2c3c150126ea,
hssempiira@gmail.com,created,1f047b3a-6e0a-4415-804e-daf32e620ad2,
3011593@students.wits.ac.za,created,9fc70d14-dc4f-4bea-b3f9-40d1c99ce872,
2450702@students.wits.ac.za,created,1ae1f5d2-7fe6-4ffa-92a5-d22df0379127,
3009334@students.wits.ac.za,created,41de6fc8-9302-461d-98e0-9d43f2f822b9,
2676703@students.wits.ac.za,created,13e7ef76-70fb-4730-9ecb-0b8060e2faf0,
3172260@students.wits.ac.za,created,5100b96a-a3f1-4c8e-a416-064ee2f26eb6,
3000490@students.wits.ac.za,created,78433c21-4bf9-4e4f-a22f-4c73b99d3681,
3064797@students.wits.ac.za,created,3cf33d39-2d2e-49aa-a7eb-adc39e29102b,
3068623@students.wits.ac.za,created,0cd91653-406b-4774-98f0-fce930a9125d,
seldamakgotlo@gmail.com,created,0ae36ad9-2520-4fed-93d3-1e7a4d2929cf,
2940972@students.wits.ac.za,created,f65d44db-9d24-4d15-8872-e3790fad0d51,
3138033@students.wits.ac.za,created,de82403a-3e6d-46d4-a578-3906a39b9a39,
2828061@students.wits.ac.za,created,93fb7bc9-cb68-452a-affc-f2992ad2e020,
3082215@students.wits.ac.za,created,6061e467-9785-486c-8c90-89f3faa3e6aa,
2686079@students.wits.ac.za,created,e63b8be9-07c8-4da6-94c0-b36ca7ede76a,
2969256@students.wits.ac.za,created,601d9953-87b3-4e5d-8760-f2d06dd587ff,
3113189@students.wits.ac.za,created,f85a03f7-966b-464f-a7af-8b820658ce15,
naseehakarodia24@gmail.com,created,50afcbc1-4353-4f8b-9d5d-bb93cdcd59ec,
3068593@students.wits.ac.za,created,dbca7d26-3196-4c07-89e6-0f2772a963b0,
2953488@students.wits.ac.za,created,5bef4abb-5817-45c1-930b-e3c71396c363,
3096747@students.wits.ac.za,created,fc54bc5b-0ebe-48d4-82a8-bfbb0b3a86f2,
thembela.mkhaliphi@wits.ac.za,created,8af22607-c686-4eb2-aac7-705c0ca885bf,
2616937@students.wits.ac.za,created,89f2a310-4a19-4262-b6c1-b1dd236ab9a2,
2718218@students.wits.ac.za,created,c15f8f62-e4cd-4c32-ad84-4f556bc8f2cd,
2836545@students.wits.ac.za,created,123a812d-fe71-41fa-81cb-3ff5533d4d2a,
3093709@students.wits.ac.za,created,4fe3bd47-14aa-4d2d-baf5-1d2edfd91afe,
1822063@students.wits.ac.za,created,12066e0b-a20a-41b6-9357-055c4fb55388,
2982863@students.wits.ac.za,created,b619dfe0-b606-4f37-869f-b4cdf76dc967,
2621680@students.wits.ac.za,created,a0e099a8-812c-4834-bff6-aeddd148aa0f,
2597060@students.wits.ac.za,created,5e0eb9c6-63d0-4dd9-b1f4-0731ac242be2,
2551917@students.wits.ac.za,created,df4bda26-6cca-4fd2-9d87-474a43c29660,
nxulu390@gmail.com,created,e45212da-6daa-4d11-adcd-1fa90918b746,
lesedibmakoala@gmail.com,created,9ba7722e-1b7c-43aa-959b-9add0e05dbfd,
nothandopabiii@icloud.com,created,029cddc6-7efa-466d-a202-a5b7081974cb,
3089421@students.wits.ac.za,created,0b1a45e1-f532-46d0-b314-29b3725944b5,
2801851@students.wits.ac.za,created,61f25f5b-cb4e-40b2-9fea-908abe4ef469,
3066782@students.wits.ac.za,created,fa69aa47-44c4-4f2b-97aa-3e93713286b3,
2942588@students.wits.ac.za,created,9461cbf4-8859-4715-85aa-e4c7a3e18da3,
2950673@students.wits.ac.za,created,baf077de-105a-444c-a39d-7f4b36f05fa6,
2628355@students.wits.ac.za,created,bf4f77f6-7e72-4399-a64d-00767dcf3639,
2702405@students.wits.ac.za,created,ff0ae72d-3842-49b1-a42f-3734f01cea10,
2963297@students.wits.ac.za,created,a5359555-bb4b-46b1-acb2-dfa2c226c362,
2853416@students.wits.ac.za,skipped,,A user with this email address has already been registered
2962869@students.wits.ac.za,created,edc7db25-0d82-4b07-a979-cdb8c7bbc0de,
3169204@students.wits.ac.za,created,6e196211-30f1-4c73-9d12-cf7cead78bc0,
imanjawwad202@gmail.com,created,ee2628fc-f4fc-4601-9398-07041834ba44,
2953506@students.wits.ac.za,created,0dddc896-4cd4-430b-9b1c-470c6d410466,
2965171@students.wits.ac.za,created,5f5054d8-8b6a-4702-bcdb-846b31869c30,
2755734@students.wits.ac.za,created,5db501c7-d4f3-4440-baf7-5c73d5694e83,
2943107@students.wits.ac.za,created,28c800ea-630d-46ee-b8c9-e02822bc7e1c,
2588003@students.wits.ac.za,created,fa551905-93bc-4714-9aa5-fdca40574ffc,
3101564@students.wits.ac.za,created,f1060ecb-176f-4865-b060-88d6365346ad,
3010350@studwnts.wits.ac.za,created,26f39ae9-d55a-450d-9415-fcce78e99c9b,
2177455@students.wits.ac.za,created,f0766a1d-5e4a-4b38-ab94-3913e7e985e0,
Zithaxuma18@gmail.com,created,6424751a-c817-4578-85d5-3b82eb1d5228,
2801103@students.wits.ac.za,created,2345bb9f-2258-41bc-8ab0-1dac9c82c93f,
2818387@students.wits.ac.za,created,46090ef7-feb5-4325-b3cc-b8b0ea564e06,
2613074@students.wits.ac.za,created,ef1553ea-c261-4b3a-81d6-45f9ccdbc76b,
3108828@students.wits.ac.za,created,c99ecb04-7f95-4c19-b0c7-4cfa092f5a9f,
2809295@students.wits.ac.za,created,5bff11cf-3414-4f0a-8b8a-900300d8c10f,
3115519@students.wits.ac.za,created,22d6e4ad-b1f9-4c03-9189-3dcefeab8d30,
2900414@students.wits.ac.za,created,b80a10c7-0777-46f3-bd67-a9f7cf605d64,
Lihlemasinga266@gmail.com,created,e96c165f-1283-44d9-8239-66c7ec94f75b,
2810942@students.wits.ac.za,created,f0af765e-bae4-4976-a55d-d41216074813,
A0078165@wits.ac.za,created,d60e9404-b09f-4566-af12-75fe06001c48,
2824520@students.wits.ac.za,created,14cb271e-0688-4add-b221-1cedb946c18d,
3026674@students.wits.ac.za,created,92034cab-0e7d-41b3-a56c-1bf9fad5713e,
2666336@students.wits.ac.za,created,ed836365-7f93-40d8-bc53-ce6b2a7d929a,
3084279@students.wits.ac.za,created,f056fed2-e779-4012-b63a-5fa3a4bb27d0,
2872374@students.wits.ac.za,created,766c838b-8e2d-4d36-847f-f33038233348,
Musawenkosi016@gmail.com,created,e917fdd8-4740-4ced-81fa-1a69062a23d4,
Thandokuhle0708@gmail.com,created,0fa1981f-d333-4dc3-a1e1-152ce04702b9,
mukelwe.gina2021@gmail.com,created,aa68ff11-3d24-401f-840f-a17941e78bc6,
mabeseabi@gmail.com,created,f31f8327-b9f4-4594-8130-0b3b6fa575aa,
palesamhlanga1309@gmail.com,created,6f28da27-3636-457e-a265-46a83c59d855,
mbalenhlegama770@gmail.com,created,3a51b9f4-53bb-48ec-944e-4ca3469da059,
bokabatshegofatso35@gmail.com,created,bda8072d-5937-45a0-a26d-a7b9974a8435,
nonhlanhlaangel238@gmail.com,created,c2331f50-022c-4e36-86dc-d9a357a2b004,
ngemasiyamthanda5@gmail.com,created,8e478479-88bb-40f7-b0be-c53fa480c2e0,
mokholar@gmail.com,created,bd6f3df6-07cf-4f5e-a737-b861775c7701,
aphekubisa@gmail.com,created,232c1fc1-35ce-48b7-8e5c-270a40174968,
giftntshangase275@gmail.com,created,db1da6c5-10eb-4565-a4bb-1b32b28306be,
2939917@students.wits.ac.za,created,5e707d70-58cb-4900-9f53-a3272078313e,
qaqambakani44@gmail.com,created,cc9f84bd-db6e-48ef-b48c-fd6fd740199b,
2981772@students.wits.ac.za,created,41261b78-43a9-4cda-9b52-60eda1eb2622,
rmolefi@thrivestudentliving.co.za,created,ca04e26a-44ee-4bea-82f3-f658e26e0241,
2957387@students.wits,created,c6bf1be8-41da-486d-bde2-97c829111559,
2898858@students.wits.ac.za,created,7fa5c68c-4e4e-4faf-bae5-c4aea88e4437,
3123348@students.wits.ac.za,created,fddd5470-47c4-42be-b50b-8863f47ad80a,
2655502@students.wits.ac.za,created,747dfced-ae68-4ee0-8f50-8dd76eb72c90,
tshalieyam378@gmail.com,created,7ba8479c-c00c-4b4d-84e6-852e98667013,
lesedimakobe09@gmail.com,created,f95ebabc-8e99-4b4c-9660-317eee00b488,
bongiwesangweni05@gmail.com,created,1f2f0c65-ac41-40e5-9de8-5e63fcd8679a,
2352494@students.wits.ac.za,created,6725979d-fee7-4c4a-b272-8ddc2dd07e8a,
2841376@students.wits.ac.za,created,66c0bd1c-eb44-4c35-af8f-53e55c3d37c0,
285134@students.wits.ac.za,created,bb166158-dfb1-491f-91fa-8688b2e203ff,
2888501@students.wits.ac.za,created,6704c670-7665-401e-b0a2-0fda6f332075,
2562712@students.wits.ac.za,created,b73373ed-6788-434f-8078-d561d977cdea,
luyandafundama@gmail.com,created,8caaf0d5-cff1-4a1d-a8a4-548f0d7264cc,
ntombifuthiienhle@gmail.com,created,695f34c3-4cc4-408e-839d-2a57061de013,
Cebinx10@gmail.com,created,f08138b2-22b4-4a96-94f7-3cfa0e27886a,
sefubakatlego71@gmail.com,created,b5a2a75d-c1f1-49f6-b1c4-64ff7a9c4b3e,
3124285@students.wits.ac.za,created,c6076060-b629-4ad1-994a-7fbf7f4f34a5,
2995990@students.wits.ac.za,created,62e01c59-a70e-4a6c-a6cf-72b264fcae62,
vilakazisiyanda92@gmail.com,created,cc3ec186-dfbb-431d-ba99-ec395a77e89a,
3092264@students.wits.ac.za,created,723ad359-7ca3-42f6-b5b4-2b85fbef27ac,
3158704@students.wits.ac.za,created,921bbf39-5b6d-486c-9fbc-a4498dd4406a,
2801123@students.wits.ac.za,created,e6ba6997-057b-480b-bbed-03d3d886cef3,
2740158@students.wits.ac.za,created,c971efdc-80ff-495d-a5ec-548e514e90d6,
sikhombisomchunu@gmail.com,created,e411127e-7a12-49ca-ae6e-7dce5d513c13,
2703710@students.wits.ac.za,created,af2e3180-973f-46c6-8a20-4e58910dacf7,
2711637@students.wits.ac.za,created,1d6bbde6-4c4e-4ff4-acfd-78d29b84abd9,
3104983@students.wits.ac.za,created,0ab489e1-58e3-40c8-b50f-05eeaffeb7ce,
3151047@students.wits.ac.za,created,88f9495e-0735-466d-aae7-e48eaec8e87c,
3099926@students.wits.ac.za,created,215a63f0-b0f6-41fd-910e-2844fe1b1da6,
jb484357@gmail.com,created,34701d6f-7ff1-4800-acdb-f66b7619500c,
2875822@students.wits.ac.za,created,8e69bcaf-7a6f-48cb-a80d-48406ed404b7,
2690851@students.wits.ac.za,created,6e17df89-3a7c-4239-a6cb-d642580f354b,
zuziwesinegugu78@gmail.com,created,80564eb9-798d-4c31-8305-92370dcd0625,
2677209@students.wits.ac.za,created,b3126f49-17cc-4d83-a91a-6c5444c4ad0d,
2092321@students.wits.ac.za,created,d9714f07-283e-4e73-84ab-fda4b403f468,
2616771@students.wits.ac.za,created,b85e6711-051f-4275-b532-dc315087d8e1,
2769243@students.wits.ac.za,created,38d01924-e6d0-41e3-a002-69fde6f45fcc,
Siphosihlembuyazi04@gmail.com,created,b06f3133-8cee-4402-9cf3-b08bc28fc5c9,
2491509@students.wits.ac.za,created,84c25141-cf5d-4279-913d-c7384e4eb640,
A0079270@students.wits.ac.za,created,e8817b2b-3b12-48aa-91e6-69ea64aa2cb3,
hansdladla@gmail.com,created,31eea57e-ec91-410c-a7d6-2adf88cc78aa,
thatoyaonematlhatsi@icloud.com,created,44d5b51f-bb55-429d-91e9-e23b42693a55,
2883856@students.wits.ac.za,created,7264044b-54e6-4ea5-8bf0-cd73fadd8528,
777188@students.wits.ac.za,created,8ba9dfc0-5fd9-4776-b381-4eba4832f4f9,
2947414@students.wits.ac.za,created,52bda4d2-d4f9-480d-b068-962f111c7acd,
2332044@students.wits.ac.za,created,13e094bb-ed93-49a5-8e03-d77abc4ef84c,
1836528@students.wits.ac.za,created,415c271f-7469-437e-b644-35bb9bdc6e72,
2939817@students.wits.ac.za,created,ef8abd71-6710-42b4-a1e0-8d09a4328cab,
3099972@students.wits.ac.za,created,4cb88797-df59-4b62-bdaa-5baba321f029,
pridesegodi231@gmail.com,created,c3df1793-44ac-48d6-99ae-295a3fccc669,
zizongcawe217@gmail.com,created,374d77b6-bfc6-4170-96b4-51133390bb92,
angeliarittileu@gmail.com,created,ec3a81f4-10d3-425e-b867-42d77d94e58c,
3019174@students.wits.ac.za,created,58da438b-d797-4c51-84c9-3a2be78ba442,
2622079@students.wits.ac.za,created,6c914d22-5b25-45ce-848a-7014f0561c4e,
2904809@students.wits.ac.za,created,50218f78-1154-4818-a4e7-1c7e3cbd482b,
2694256@students.wits.ac.za,created,f191ce1a-8468-4cdf-b6c2-93ffd901bde2,
2872272@students.wits.ac.za,created,57b74296-3414-4e7d-890b-d7ce8eb7da23,
3138008@students.wits.ac.za,created,48734088-8240-49c7-a660-e794e209bf79,
2437834@students.wits.ac.za,created,f7aa6410-75ce-4da1-9f10-b9cca328ce7b,
2668584@students.wits.ac.za,created,167b4a0c-7929-4438-a4f1-60b39751129c,
0417115V@students.wits.ac.za,created,fa0776ff-fe91-4caf-88a9-616201077afc,
3094782@students.wits.ac.za,created,5c194290-e092-462e-b992-f3da8a6c6c12,
2357724@students.wits.ac.za,created,c8b7e131-a239-46e1-b935-7981c047395b,
Hlologelo.Malatji@wits.ac.za,created,3e54b374-bd3e-4f10-842f-596fc87a2528,
548440@students.wits.ac.za,created,e5709d58-a1c7-4ccd-bf69-2088efd77bae,
2594567@students.wits.ac.za,created,7a87d387-7c42-4c73-908d-a2b9c5559ecf,
2877454@students.wits.ac.za,created,b3537c1e-aa2a-428e-bdde-24a9abef3400,
rakumakoe.tshepo@gmail.com,created,2d86a390-fd59-456f-83e2-67e5cad2de8a,
2731887@students.wits.ac.za,created,dc750bb1-f00a-4a00-829e-f3521366867f,
Pjkimbili@icloud.com,created,e88d3b87-9ece-464d-b3bf-a4da4e82541c,
www.alan.totalitarian@gmail.com,created,d6e3378b-b6ab-4fca-8660-f41b8f4b1bdf,
2867009@students.wits.ac.za,created,1894b05a-20e4-4dd7-ad5d-df6ce0140999,
2429527@students.wits.ac.za,created,66802b52-4f04-42ef-84c6-f7d6e1011371,
Sibiyabanele26@gmail.com,created,f75d98a7-7829-42d3-8b60-5cefeb9138d4,
a0087629@wits.ac.za,skipped,,A user with this email address has already been registered
2251020@students.wits.ac.za,created,589a420e-48f7-4de1-b72f-6a6acc14bed2,
2684684@students.wits.ac.za,created,1c619561-8cc1-4301-9d87-f237e6aef594,
afmbaza@gmail.com,created,c6341b8a-ad66-4442-b32a-85391b78e853,
2952659@students.wits.ac.za,created,7743241b-b145-4e1c-8938-092732eaa82a,
eloffkg@gmail.com,created,02405b19-7c91-4956-a926-f79f6f01cd5b,
458861@students.wits.ac.za,created,d5456fbc-834e-4545-8410-698ea38e399e,
2955612@students.wits.ac.za,created,2ea66e9a-9837-4ee2-94e4-95d627f7250c,
3150015@students.wits.ac.za,created,bbfaac64-d06c-4b8a-8397-472ffb0c224d,
0217162k@students.wits.ac.za,created,c9de4336-c743-40d8-894e-8614e866f3e7,
mpumelelongonyama0706@gmail.com,created,b43e30db-6701-4677-bfe3-ef0a05249aeb,
leaobakwe@gmail.com,created,cdac9930-631c-4b3f-a68b-6a99f32551fe,
terrylosaba@gmail.com,created,730e875f-f817-4b00-87d8-41dbdacce595,
2967741@students.wits.ac.za,created,b457705c-bf3e-42ea-8b14-b38547fd0bb8,
b.nhlabathi@gmail.com,created,0b9b2706-f74e-4448-8b1f-d7ed0adc4ef5,
3152405@students.wits.ac.za,created,3c06e239-196b-4bf1-bf53-e4f0abab6126,
2402976@students.wits.ac.za,created,0b15233f-84ee-4537-936b-d7b2fd188d40,
2396564@students.wits.ac.za,created,9d771528-6eae-46d5-a816-edbae6ff3057,
thokozilengwenya@icloud.com,created,dc708521-1f5c-409c-ab62-7a7d21ebc7b6,
thamsanqa.martiens@gmail.com,created,c4cac6af-4672-4453-b741-4aca5dafed78,
2661144@students.wits.ac.za,created,17b19ef3-f293-4a35-8bf1-e9c7e8c977ca,
2800238@students.wits.ac.za,created,2cce3438-2e03-400f-97ec-85a90e5b9876,
a0087628@wits.ac.za,skipped,,A user with this email address has already been registered
