ID,first_name,last_name,email,position,person_number,course_of_study,gender
1,Rhulani ,Maluleke,rhulani.maluleke@wits.ac.za,Wits Staff Member,,,Woman
2,Sibulele ,Madyaka,2436178@students.wits.ac.za,Student,2436178,Bachelor of Health Sciences ,Woman
3,Mensacia,Phaswane,2588649@students.wits.ac.za,Student,2588649,Bachelor of science ,Woman
4,Xivono ,Baloyi,2868193@students.wits.ac.za,Student,2868193,Bachelor of Science ,Woman
5,Aobakwe ,Tsatsi ,2968316@students.wits.ac.za,Student,2968316,MBBCh,Man
6,Thatoyaona ,Mogamisi,thato.mog19@gmail.com,Guest,,,Woman
7,Setlola ,Setwaba ,2973600@students.wits.ac.za,Student,2973600,Bachelor of Pharmacy ,Man
8,Oluchi ,Ifenatuora,2664269@students.wits.ac.za,Student,2664269,Bachelor of Nursing ,Woman
9,Nonhlanhla ,Sambo,2614418@students.wits.ac.za,Student,2614418,Bachelor of Education Honours ,Woman
10,Uviwe,Masilela,3055089@students.wits.ac.za,Student,3055089,Bachelor of Arts,Woman
11,Khanyisani ,Mthimkhulu,2663901@students.wits.ac.za,Student,2663901,Bachelor of Science in Engineering - Mechanical,Man
12,Lucia,Dumeni,2877792@students.wits.ac.za,Student,2877792,Master of Pharmacy,Woman
13,Faranani ,Tshikhudo,2709761@students.wits.ac.za,Student,2709761,BcomAcc,Prefer not to say
14,Phiwokuhle ,Ngcungama ,3036850@students.wits.ac.za,Student,3036850,Bachelor of Arts (General),Woman
15,Fortune ,Mabote,fortunemabote4@gmail.com,Student,2669991,Bachelor of Accounting Science ,Man
16,Tshephang ,Moomi,2427047@students.wits.ac.za,Student,2427047,Bachelor of Science in Civil Engineering ,Woman
17,Owethu,Buthelezi ,2626845@students.wits.ac.za,Student,2626845,Bachelor of Arts ,Woman
18,Khanya,Manana,2684986@students.wits.ac.za,Student,2684986,Bachelor of Law,Man
19,Keneilwe ,Sekwale,2852707@students.wits.ac.za,Student,2852707,Bachelor of Arts,Woman
20,Mamela ,Nyandeni ,2467246@students.wits.ac.za,Student,2467246,MA in Cultural Policy and Management ,Woman
21,Norman Junior,Nekuvule,3003122@Students.wits.ac.za,Student,3003122,Bachelor of Science in Engineering (Electrical),Man
22,Nkululo ,Njubane,2566152@students.wits.ac.za,Student,2566152,Bachelor of Sciences,Man
23,Banele, Sabela,2704483@students.wits.ac.za,Student,2704483,Bachelor of Education,Man
24,Tommy ,Zitha ,2669307@students.wits.ac.za,Student,2669307,Bachelor of Accounting Science ,Man
25,Rosinah ,Kekana ,roserosinah26@icloud.com,Student,2142085,Masters of Science Virology,Woman
26,Oratile ,Hamese,2815131@students.wits.ac.za,Student,2815131,Bachelor of Arts Fine Arts,Woman
27,Londeka,Nkomo,2541496@students.wits.ac.za,Student,2541496,Bachelor of Education in Intermediate Phase,Woman
28,Tshedimoso ,Mathebula ,2702343@students.wits.ac.za,Student,2702343,Bachelor of Education ,Woman
29,Nandi,de Beer,2506928@students.wits.ac.za,Student,2506928,BSc Chemical engineering ,Woman
30,Cebisile ,Banda,cebisilebanda@gmail.com,Student,3013334,Bachelor of Education,Woman
31,Onkarabile ,Aphane,2915031@students.wits.ac.za,Student,2915031,Bachelor of Education ,Woman
32,Basetsane ,Ngwenyama ,2763374@students.wits.ac.za,Student,2763374,Bachelor of Commerce (Accounting),Woman
33,Phuma ,Rapetsoa ,2456556@students.wits.ac.za,Student,2456556,Postgraduate diploma in Data science ,Man
34,Lithalethu ,Pamla,2549151@students.wits.ac.za,Student,2549151,Post graduate Diploma in Accounting ,Man
35,Olerato ,Leshomo ,3022008@students.wits.ac.za,Student,3022008,Bachelor of Arts,Woman
36,Syanda,Binda,2999300@students.wits.ac.za,Student,2999300,Bachelor of Arts in Law,Man
37,Siyabulela,Voco,vocosiyabulela7@gmail.com,Student,2654967,Bachelor of Science,Man
38,Katleho,Mokatsanyane,2857850@students.wits.ac.za,Student,2857850,LLB,Man
39,Kekgomoditswe ,Seleke,2446760@students.wits.ac.za,Student,2446760,Bachelor of Laws,Woman
40,Lethabo,Rabothata ,2427355@students.wits.ac.za,Student,2427355,LLB,Man
41,Nicky,Sothoane,2669869@students.wits.ac.za,Student,2669869,Bachelor of Commerce (Accounting),Woman
42,Owami ,Mxabo,2764610@students.wits.ac.za,Student,2764610,Bachelor of commerce,Woman
43,Tiego ,Kgwete ,2976050@students.wits.ac.za,Student,2976050,Bachelor of Accounting Science ,Woman
44,Thulisile ,Xaba,2558377@students.wits.ac.za,Student,2558377,MSc ,Woman
45,Elora Onyedikachi ,Nwamkpa ,3063189@students.wits.ac.za,Student,3063189 ,BA Psychology and International Relations ,Woman
46,Anele,Ndlovu ,2509216@students.wits.ac.za,Student,2509216,Bachelor of Sciences,Woman
47,Zinhle ,Mbatha ,2686147@students.wits.ac.za,Student,2686147,LLB,Woman
48,Nthato,Monamodi,2740710@students.wits.ac.za,Student,2740710,Chemical engineering,Man
49,Olwenkosi ,Maqolo,2683959@stidents.wits.ac.za,Student,2683959,Bachelor of Education ,Man
50,Zintle,Tyilo,2688072@students.wits.ac.za,Student,2688072,BSc Eng (Chemical),Woman
51,Sphumelele,Mqadi,2687611@students.wits.ac.za,Student,2687611,Bachelor of Education,Woman
52,Moloko,Makoeng ,A0078164@wits.ac.za,Wits Staff Member,,,Woman
53,Keketso ,Makateng ,2696478@students.wits.ac.za,Student,2696478,Bachelor of Education ,Man
54,Mikhyla ,Mokoetla,2813637@students.wits.ac.za,Student,2813637,Bachelor of Health Sciences - Health Systems Sciences ,Woman
55,Shadi,Ledwaba,3037724@students.wits.ac.za,Student,3037724,Bachelor of Arts (General),Woman
56,Reabetswe,Motsoto,2718876@students.wits.ac.za,Student,2718876,Bachelor of Education ,Man
57,Siphesihle ,Tsotetsi,2682855@students.wits.ac.za,Student,2682855,Bachelor of Commerce in Accounting ,Woman
58,Boitlamo,Matsunyane,2657669@students.wits.ac.za,Student,2657669,Bachelor of Accounting Science ,Man
59,Sibusiso,Mafolo,2644810@students.wits.ac.za,Student,2644810,LLB,Man
60,Awande ,Nene,2985422@students.wits.ac.za,Student,2985422,Bachelor of Accounting Science ,Woman
61,Katlego ,Modika ,3083814@students.wits.ac.za,Student,3083814,Bachelor of science in Engineering (Chemical),Woman
62,Mbalenhle ,Ndlovu,2660590@students.wits.ac.za,Student,2660590,Bachelor of Health Sciences Honours ,Woman
63,Tsolofelo,Motsoeneng,2953106@students.wits.co.za,Student,2953106,Bachelor of Science,Woman
64,Koketso ,Chabalala,2804265@students.wits.ac.za,Student,2804265,Bachelor of Arts,Woman
65,Tereso ,Mmako,3002220@students.wits.ac.za,Student,3002220,Bachelor of Health System Sciences ,Woman
66,Thembakazi,Tsamse,2972847@students.wits.ac.za,Student,2972847,Bachelor of Education ,Woman
67,Tchissola ,Khumalo ,2719396@students.wits.ac.za,Student,2719396,Postgrad diploma in Management ,Woman
68,Joaquina,Kana,2943934@students.wits.ac.za,Student,2943934,Bachelor of Science ,Woman
69,Anthony ,Akueche,Anthonyakueche@gmail.com,Student,2881188,Bsc Geospatial Sciences,Man
70,Welile ,Dlamini ,2698305@students.wits.ac.za,Student,2698305,BsC in chemical engineering ,Woman
71,Nokwanda ,Dladla,3028538@students.wits.ac.za,Student,3028538,Bachelor of Arts,Woman
72,Relive ,Nkole ,2719085@students.wits.ac.za,Student,2719085,Bachelor of Medicine and bachelor of Surgery,Woman
73,Niki,Moyane ,3038733@students.wits.ac.za,Student,3038733,Bachelor of Education ,Woman
74,Sizwe,Mofokeng ,3064139@students.wits.ac.za,Student,3064139,Bachelor of Arts,Man
75,Brian ,Moukangwe,2580024@students.wits.ac.za,Student,2580024,Bachelor of Science in Engineering (Industrial Engineering),Man
76,Karabo ,Legodi ,karabolegodi799@gmail.com,Student,2866959,Bachelor of health sciences ,Woman
77,Nicole ,Siko,2657247@students.wits.ac.za,Student,2657247 ,Bachelor of Commerce in PPE,Woman
78,Kabelo ,Phogole ,2622087@students.wits.ac.za,Student,2622087,Bachelor of Education ,Man
79,Natasha Langiwe ,Mwanza,2672018@students.wits,Student,2672018,BCom General Insurance and risk management and Corporate finance and investments ,Woman
80,Uviwe,Masilela,3055089@students.wits.ac.za,Student,3055089,Bachelor of Arts,Woman
81,Asiphe,Makasie,3033743@students.wits.ac.za,Student,3033743,BSc biological sciences ,Woman
82,Buseletso ,Mahlaule ,2953373@students.wits.ac.za,Student,2953373,Bachelor of Commerce ,Woman
83,Boikano ,Monkwe ,2942528@students.wits.ac.za,Student,2942528,Bachelor of Science in Construction ,Woman
84,Ndamulelo ,Phalanndwa ,Ndamulelophalanndwa177@gmail.com,Student,2952950 ,Master ,Man
85,Bokang ,Khabele,2549237@students.wits.ac.za,Student,2549237,Bachelor of Laws,Man
86,Sibusiso,Zwane,sibusisozwane23@icloud.com,Student,2666775,Bachelors of Education ,Man
87,Lutendo ,Tshiambara,3171266@students.wits.ac.za,Student,3171266,Bachelor of arts,Woman
88,Asanda,Seme,2702566@students.wits.ac.za,Student,2702566,Bachelor of Medicine and Bachelor of Surgery,Woman
89,Tassy,Mabuza,2846670@students.wits.ac.za,Student,2846670,Accounting Sciences ,Man
90,Letlhogonolo,Radiokana,3010205@students.wits.ac.za,Student,3010205,BSc General,Man
91,Sphumelele,Mqafu,2687611@students.wits.ac.za,Student,2687611@students.wits.ac.za,BED,Woman
92,Simpiwe ,Maseko ,2813303@students.wits.ac.za,Student,2813303,Bachelor of Education ,Man
93,Moses,Mbatyazwa ,818826@students.wits.ac.za,Student,818826,Bachelor of Education ,Man
94,Mpumelelo ,Nkonyane,2429708@students.wits.ac.za,Student,2429708,Bachelor of Science in Construction Studies,Man
95,Elsie ,Shiburi,2674318@students.wits.ac.za,Student,2674318,Bachelor of Science in Electrical Engineering,Woman
96,Ndumiso ,Ngwenja,3001872@students.wits.ac.za,Student,3001872,Bachelor of Medicine and Surgery ,Woman
97,Neo,Malape,2974777@students.wits.ac.za,Student,2974777,BSc in Urban and Regional Planning ,Man
98,Sethu,Mkehle,2550538@students.wits.ac.za,Student,2550538,LLB,Non-binary
99,Emihle ,Mkile,2842839@students.wits.ac.za,Student,2842839,Mining Engineering ,Man
100,Michael,Thai,3125645@students.wits.ac.za,Student,3125645,"Bachelor of Science in Engineering, Aeronautical Engineering ",Man
101,Mohale,Matlala,3038492@students.wits.ac.za,Student,3038492,BCom General,Man
102,Prince,Mulaudzi,3171537@students.wits.ac.za,Student,3171537,BAhons in African languages and linduistics,Man
103,Bokang,Molete,2693820@students.wits.ac.za,Student,2693820,Bachelor of Medicine and Bachelor of Surgery ,Man
104,Ayanda,Mente,2805348@students.wits.ac.za,Student,2805348,BA in Film and Television,Woman
105,Rivoningo ,Kubayi,2679900@students.wits.ac.za,Student,2679900,Bachelor of Education in Senior Phase and FET,Man
106,Bongani ,Ntshumayelo,2734198@students.wits.ac.za,Student,2734198,Bachelor of Science(Chem Eng),Man
107,Londeka Ntobeko,Xulu,2940729@students.wits.ac.za,Student,2940729,Bachelor of education foundation phase,Woman
108,Thabo,Mndawe ,2548290@students.wits.ac.za,Student,2548290,Bachelor of Education,Man
109,Collen-Mansa ,Makua,1041568@students.wits.ac.za,Student,1041568,BA Honours Degree,Man
110,Nonhlanhla Ramulondi,Ramulondi ,ramulondinonhlanhla@gmail.com,Student,2798927,Bachelor of arts in film and television ,Woman
111,Vuyiswa ,Mthethwa ,vuyo.mthethwa98@gmail.com,Student,1441294,Honours in Development Studies ,Woman
112,Tshiamo Geraldine ,Modise ,2955208@students.wits.ac.za,Student,2955208,Bachelor of Arts (Law Major),Woman
113,Ditheto ,Manakana,3122959@students.wits.ac.za,Student,3122959,Bachelor of Pharmacy ,Man
114,Ezekiel ,Sathuma,2581586@students.wits.ac.za,Student,2581586,Bachelor of science,Man
115,Buhlebenkosi ,Mokwena,2665193@students.wits.ac.za,Student,2665193,Bachelor of Science in Mining Engineering ,Woman
116,Oreratile,Lentsoane,2670290@students.wits.ac.za,Student,2670290,Bachelor of Science Property studies,Woman
117,Ampfarisaho ,Silivha ,3038572@students.wits.ac.za,Student,3038572 ,Bachelor of Accounting science ,Woman
118,Thami Bernard,Ratshitsane,bernard74y@gmail.com,Student,2980885,Bachelor of Arts ,Man
119,Kwindla,Deyi,3060388@students.wits.ac.za,Student,3060388,Bachelor of Arts,Woman
120,Mpho ,Lebatlang ,2565433@students.wits.ac.za,Student,2565433,Bachelor of Education ,Woman
121,Anna Thatego,Ledwaba,2804387@students.wits.ac.za,Student,2804387,Bachelor of Engineering Science in Biomedical Engineering ,Woman
122,JesuDemilade Beloved,Ajilogba,ajilogbademilade@gmail.com,Student,2961370,BHSc Biomedical Sciences,Woman
123,Otlotleng,Mogokonyane,2961927@students.wits.ac.za,Student,2961927,BACHELOR OF ARTS,Woman
124,zethembiso,Ngcobo,2728021@students.wits.ac.za,Student,2728021,Bachelor of Education ,Man
125,Khanyisile,Dhladhla,2942745@students.wits.ac.za,Student,2942745,Bachelor of Science,Woman
126,Sbusiso ,Thembekwayo ,2820163@students.wits.ac.za,Student,2820163,Bachelor of Health Science ,Man
127,Amogelang ,Chokoe ,2432646@students.wits.ac.za,Student,2432646,Bachelor of Science in Physiotherapy ,Woman
128,Kaone ,Sephiphi ,1975068@students.wits.ac.za,Student,1975068,Bachelor of Pharmacy,Man
129,Bakho,Xoko,1814614@students.wits.ac.za,Student,1814614,Bachelor of Pharmacy,Man
130,Liyema ,Lando,2889956@students.wits.ac.za,Student,2889956,Bcom General ,Man
131,Paballo,Ketlele,2483931@students.wits.ac.za,Student,2483931,Bachelor of Science in Engineering (Civil),Man
132,Theo,Khanye,2821003@students.wits.ac.za,Student,2821003,Bachelor of health sciences,Woman
133,Langelihle,Buthelezi ,2869096@students.wits.ac.za,Student,2869096,Bachelor of Laws,Non-binary
134,Tumiso,Bahula ,bahulasmt@gmail.com,Student,2962143,BSc Eng(Chemical),Man
135,Salome ,Mokumo ,Salomemokumo183@gmail.com,Student,2444271@students.wits.ac.za,Education ,Woman
136,Mogoshadi ,Lebopo,3031635@students.wits.ac.za,Student,3031635,Bachelor of Education ,Woman
137,Sabani,Mtule,2324241@students.wits.ac.za,Student,2324241,Bachelor of Science Honours ,Woman
138,Pontsho ,Mathabatha ,2991121@students.wits.ac.za,Student,2991121,Bachelor of Health Sciences ,Woman
139,Iviwe ,Mgxobane ,2660735@students.wits.ac.za,Student,2660735,Bachelor of Science ,Man
140,Simnikiwe ,Ntila,2700730@students.wits.ac.za,Student,2700730,Bachelor of science ,Woman
141,Ayanda,Sweto,2691750@students.wits.ac.za,Student,2691750,Bachelor of Science Honours Quantity Surveying ,Woman
142,Boago,Lerapego ,2505666@students.wits.ac.za,Student,2505666,Bachelor of Science in Engineering (Electrical),Man
143,Nonzulu,Malinga,2542420@students.wits.ac.za,Student,2542420,Bachelor of Science,Woman
144,Nomcebo ,Dubazana ,2616120@students.wits.ac.za,Student,2616120,Bachelor of Science Honours ,Woman
145,Khetho,Mkhaliphi,nkosingiphilemkhaliphi0@gmail.com,Student,2591848,Bachelor of Arts ,Man
146,Kholofelo,Mathibela,2848838@students.wits.ac.za,Student,2848838,Bachelor of Accounting Science,Woman
147,Thandiwe,Mazibuko,2811439@students.wits.ac.za,Student,2811439,Bachelor of Science in Occupational Therapy ,Non-binary
148,Mandisa ,Magasela ,2598088@students.wits.ac.za,Student,2598088,Bachelor of Education ,Woman
149,Miyelani Tiyiselani,Masonto,2967987@students.wits.ac.za,Student,2967987,Bachelor of Arts (Law Major),Woman
150,Boitshoko,Mantu,2879362@students.wits.ac.za,Student,2878362,Bachelor of Arts in Film and Television ,Woman
151,Keratile ,Teka ,2350967@students.wits.ac.za,Student,2350967,Bachelor of Education ,Woman
152,Nonjabuliso ,Dlamini ,Dlaminy22@gmail.com,Student,2637160 ,Msc med :exposure science ,Woman
153,Rabelani,Mukwevho,1098564@students.wits.ac.za,Student,1098564,Mechanical engineering,Man
154,Ambesa,Diko,2559317@students.wits.ac.za,Student,2559317,LLB,Man
155,Biyanka ,Mashavani ,2833803@students.wits.ac.za,Student,2833803,Bachelor of Science ,Woman
156,Rendy,Banger,2698021@students.wits.ac.za,Student,2698021,Bachelor of Accounting Science ,Woman
157,Tshephang,Moomi ,2427047@students.wits.ac.za,Student,2427047,Bachelor of Science in Civil Engineering ,Woman
158,Blessing,Bvuma,2829835@students.wits.ac.za,Student,2829835,Bachelor of Science ,Woman
159,Aphelele,Mlungu ,Aphelelemlungu03@gmail.com,Student,2610096,Bachelor of Law,Woman
160,Abigail ,Adeleke ,2815990@students.wits.ac.za,Student,2815990,Bachelor of Health Science ,Woman
161,Thembalethu,Mxawuka,2738813@students.wits.ac.za,Student,2738813,Bachelor of Education,Man
162,Leah,Mbombi,3113073@students.wits.ac.za,Student,3113073,Bachelor of science ,Woman
163,Kedibone ,Kgalane ,2720268@students.wits.ac.za,Student,2720268,Bachelor of Education ,Woman
164,Ompha,Mukundamago ,2696598@students.wits.ac.za,Student,2696598,Chemical Engineering ,Woman
165,Lethabo ,Leputu,2801525@students.wits.ac.za,Student,2801525,Bachelor of Arts in Film and Television,Woman
166,Mukelo ,Mhlanga ,2953838@students.wits.ac.za,Student,2953838,Bsc Geological Sciences ,Woman
167,mpho,mahlanya,3030291@students.wits.ac.za,Student,3030291,bachelo of education,Woman
168,Godknows ,Maswanganye ,2687365@students.wits.ac.za,Student,2687365 ,Bachelor of Education in senior phase and FET Teaching ,Man
169,Noloyiso,Copantsi,2995258@students.wits.ac.za,Student,2995258,Bachelor of Science ,Woman
170,Nyeleti ,Rikhotso ,2659350@students.wits.ac.za,Student,2659350,Bachelor of Education ,Woman
171,Anathi,Majwede,2661595@students.wits.ac.za,Student,2661595,Bachelor of Education,Man
172,Phumla Monica ,Somsam,2684984@students.wits.ac.za,Student,2684984,Bachelor of Education,Woman
173,Philasande,Ngubelanga,2734916@students.wits.ac.za,Student,2734916,Bachelor of science in engineering (chemical),Woman
174,Samkelo Ntando ,Gwala ,2899261@students.wits.ac.za,Student,2899261,Bachelor of Science ,Man
175,Ayanda,Mvumbi,2826389@students.wits.ac.za,Student,2826389,BA,Prefer not to say
176,Khomotso ,Raseboya ,2594871@students.wits.ac.za,Student,2594871,Bachelor of Education ,Woman
177,Dimakatso,M,khomotsoprecious98@gmail.com,Wits Staff Member,,,Woman
178,Bandile ,Simelane ,2951455@students.wits.ac.za,Student,2951455,Bachelor of Pharmacy ,Woman
179,Simon,Tsoanyane,2591282@students.wits.ac.za,Student,2591282,BSc Civil Engineering ,Man
180,Andiswa,Khumalo ,2588631@students.wits.ac.za,Student,2588631,Bachelor of Science ,Woman
181,Ofhindula,Nengovhela,3136420@students.wits.ac.za,Student,3136420,Bachelor of Arts in Theatre & Performance ,Woman
182,Zandisiwe ,Maphalala ,2819810@students.wits.ac.za,Student,2819810,Bachelor of Science,Woman
183,Liyema,Fandeso,2487517@students.wits.ac.za,Student,2487516,Bachelor of Science (Engineering),Man
184,Nxobile,Hlatshwayo,3024631@students.wits.ac.za,Student,3024631,Bachelor of education ,Man
185,Thapelo ,Siasia,1631460@students.wits.ac.za,Student,1631460,Master of Management in Entrepreneurship and New Venture Creation,Man
186,Hlelokuhle,Balfour,2809038@students.wits.ac.za,Student,2809038,B.Au. (Audiology),Man
187,Nokwanda ,Sifunda ,2997900@students.wits.ac.za,Student,2997900,BAccSci,Woman
188,Sphamandla ,Vilakazi,sphamandlavilakazi926@gmail.com,Student,2209348,Bachelor of Engineering ,Man
189,Nkululeko ,Mapossa ,2442816@students.wits.ac.za,Student,2442816,Bachelor of medicine and surgery ,Woman
190,Remonde ,Phasoane ,2683604@students.wits.ac.za,Student,2683604,Bachelor of Laws ,Woman
191,Neoentle ,Ratselane ,3083243@students.wits.ac.za,Student,3083243 ,Bachelor of science ,Man
192,Aneliso,Mtyida,2848249@students.wits.ac.za,Student,2848249,Bachelor of Nursing,Woman
193,Sophiat ,Bello,3054889@students.wits.ac.za,Student,3054889,PhD,Woman
194,Lesedi,Matlhasia,2807006@students.wits.ac.za,Student,2807006,Bsc in Computer Science,Woman
195,Bongi,Mtshali,2973416@students.wits.ac.za,Student,2973416,Bsc in Chemical Engineering,Woman
196,Phindile ,Monaiwa ,2676359@students.wits.ac.za,Student,2676359,Bachelor of Education ,Woman
197,Yonela,Quvane,3058634@students.wits.ac.za,Student,3058634,Bachelor of Medicine and Bachelor of Surgery ,Woman
198,orefile ,Murwa,2835637@students.wits.ac.za,Student,2835637,LLB,Woman
199,Khutso ,Mahlaela,2434969@students.wits.ac.za,Student,2434969,Bachelor of law,Man
200,Anita,Ngubevana,anitangubevana@gmail.com,Student,2614078,LLB,Woman
201,Blessing,Mncube,2436438@students.wits.ac.za,Student,2436438,LLB,Woman
202,Sikhumbuzo,Bulose,1259815@students.wits.ac.za,Student,1259815,PDM,Man
203,Ofentse ,Molotja,2893919@students.wits.ac.za,Student,2893919 ,Bachelor of Science ,Man
204,Jadyn Nicole,Marais ,2802418@students.wits.ac.za,Student,2802418,Bachelor of Arts,Woman
205,Vuyolwethu ,Wosiyana ,2815188@students.wits.ac.za,Student,2815188,Bachelor of Arts ,Man
206,Lusanda,Majikijela ,2589996@students.wits.ac.za,Student,2589996,Bachelor of Science ,Woman
207,Matifadza,Mavesere,3037708@students.wits.ac.za,Student,3037708,Bachelor of Laws (LLB),Woman
208,Sanele,Sithole,sitholesanele53@gmail.com,Student,2680458,BA honours in Journalism and Media,Woman
209,Phumlani ,Nophala ,2816877@students.wits.ac.za,Student,2816877,Bachelor of Science ,Man
210,Iona Reonette,Nyembe,3083179@students.wits.ac.za,Student,3083179,Bachelor of Health Science,Woman
211,Katlego ,Malefetse,3119288@students.wits.ac.za,Student,3119288,Bachelor of Commerce ,Woman
212,Blessing,Khumalo ,3093142@students.wits.ac.za,Student,3093142,Bachelor of Laws,Man
213,Buhle ,Kabini,3072289@students.wits.ac.za,Student,3072289,Bachelor of Arts,Woman
214,Ayanda ,Gasa,3084369@students.wits.ac.za,Student,3084369,BSc Biological sciences ,Man
215,Amukelani ,Mabasa,3066923@students.wits.ac.za,Student,3066923,Bcom Accounting,Man
216,Kgomotso ,Sikhukazi ,kgomotsorefiloe25102005@gmail.com,Student,2806085,Bachelor of Pharmacy ,Woman
217,Olorato,Maswabi,2957217@students.wits.ac.za,Student,2957217,Bachelor of Commerc Double Major,Woman
218,Aphelele,Makhaye,3072214@students.wits.ac.za,Student,3072214,BSc in Construction studies,Woman
219,Oratile ,Majatladi ,3024065@students.wits.ac.za,Student,3024065 ,Bachelor of Laws ,Woman
220,Oratile ,Kaziwa ,3121172@students.wits.ac.za,Student,3121172,Bachelor of Law,Man
221,Siyabonga,Vena,3038286@students.wits.ac.za,Student,3038282,Bachelor of Science,Man
222,Nokwanda,Dladla,3028538@students.wits.ac.za,Student,3028538,Bachelor of Arts ,Woman
223,Fulufhelo ,Nengwekhulu ,3001754@students.wits.ac.za,Student,3001754,Bachelor of Education ,Man
224,Nare,Mohlake ,3096683@students.wits.ac.za,Student,3096683,BSc Eng Aeronautical ,Woman
225,Mxolisi ,Sindane ,3136948@students.wits.ac.za,Student,3136948,Bsc Construction studies ,Man
226,Iviwe,Siyotula ,3148315@students.wits.ac.za,Student,3148315,Bachelor of Commerce ,Woman
227,Hawa,Maseko,masekohawa6@gmail.com,Student,2679888,Bachelor of Education ,Woman
228,Vhuthuhawe ,Tseisa ,3072939@students.wits.ac.za,Student,3072939,Bachelor of Accounting science,Man
229,Sandisile Simphiwe,Skosana,3124509@students.wits.ac.za,Student,3124509,Bachelor of Health Sciences ,Woman
230,Bukho,Dzanibe ,3164794@students.wits.ac.za,Student,3164794,BSc urban and regional planning ,Woman
231,Penina,Masinga,2697900@students.wits.ac.za,Student,2697900,Bachelor of Science,Woman
232,Reokeleditswe ,Raseleka ,2965013@students.wits.ac.za,Student,2965013,Bachelor of Arts,Woman
233,Njabulo,Vilakazi ,3070016@students.wits.ac.za,Student,3070016,Bachelor of Science ,Man
234,Ubuhlebenkosi ,Phakathi ,3082716@students.wits.ac.za,Student,3082716,BSc in Construction Studies,Woman
235,Mmathapelo ,Chiloane ,1769251@students.wits.ac.za,Student,1769251,BSc in construction studies ,Woman
236,Tabolane ,Marape,3082944@students.wits.ac.za,Student,3082944,Bachelor of Pharmacy ,Man
237,Fawaaz,Williams,3095121@students.wits.ac.za,Student,3095121,Bsc Civil Engineering ,Man
238,Tumelo ,Kgole ,3099365@students.wits.ac.za,Student,3099365,Bachelor of Arts,Man
239,Amila,Nyembezi ,2948157@students.wits.ac.za,Student,2948157,BSC in Computer science ,Woman
240,SIHLE ,SIGAM,3133566@students.wits.ac.za,Student,3133566,Bachelor of Education ,Woman
241,Fulufhelo ,Musenwa ,2946447@students.wits.ac.za,Student,2946447 ,Bachelor of Comm,Woman
242,Kensani,Mbiza,3084988@students.wits.ac.za,Student,3084988,Bachelor of Education ,Woman
243,Mokgaetsi ,Madiba,3062628@students.wits.za,Student,3062628,Bachelor of science in Actuarial science ,Woman
244,Lwazi ,Lubisi,3059615@students.wits.ac.za,Student,3059615,BCOM LAW,Woman
245,Mthokozisi ,Msomi,2894786@students.wits.ac.za,Guest,,,Man
246,Agcobile ,Mtshakazana,3062734@students.wits.ac.za,Student,3062734,Bcom Accounting ,Woman
247,Ntando,Mavuso,3175311@students.wits.ac.za,Student,3175311 ,BSc in Mining engineering ,Woman
248,Alumanye,Mnyamana,2994940@students.wits.ac.za,Student,2994940,Bachelor of Accounting Science ,Woman
249,Leah,Mbombi ,3113073@students.wits.ac.za,Student,3113073,Bachelor of science ,Woman
250,Londele,Nombembe,3071955@students.wits.ac.za,Student,3071955,Bachelor of Health Sciences,Woman
251,Olwethu ,Ntshangase ,3123572@students.wits.ac.za,Student,3123572,Bachelor of science ,Woman
252,Kukhanya ,Bata ,3036960@wits.ac.za,Student,3036960,LLB,Woman
253,Nontokozo ,Nene ,2556974@students.wits.ac.za,Student,2556974,Postgraduate diploma in Data Science ,Woman
254,Sivu ,Magewu,3083821@students.wits.ac.za,Student,3083821,Bachelor of Science ,Woman
255,Letang ,Mokomane,3060751@students.wits.ac.za,Student,3060851,Bachelor of Science Mining engineering ,Woman
256,Rihangwele,Tshisikhawe,3173410@students.wits.ac.za,Student,3173410,BCom Accounting ,Woman
257,Keketso ,Maunye,3090474@students.wits.ac,Student,3090474,Bachelor of Commerce ,Woman
258,Thato,Sambo,3106957@students.wits.ac.za,Student,3106957,Bachelor of science,Man
259,Frank,Quisselo,3085433@students.wits.ac.za,Student,3085433,Bachelor of Arts (Law Major),Non-binary
260,Kwanele ,Mthombeni,3128775@students.wits.ac.za,Student,3128775,Bachelors degree in Accounting Sciences ,Man
261,Frank,Bandza,3084293@students.wits.ac.za,Student,3084293,Bsc in Mechanical Engineering ,Man
262,Anele,Khomo,3123234@students.wits.ac.za,Student,3123234,Bachelor of Commerce,Woman
263,Denga,Ramabulana,3089241@students.wits.ac.za,Student,3089241,Bachelor of Arts,Non-binary
264,Gundo ,Nenngwekhulu,3093926@students.wits.ac.za,Student,3093926,Bachelor of Science ,Man
265,Zwivhuya ,Ndouvhada,3175782@students.wits.ac.za,Student,3175782,Bachelor of commerce in information systems ,Woman
266,Nosbusiso,Masimula,3062621@students.wits.ac.za,Student,3062621,Bachelor of clinical medical practice ,Woman
267,Lisakhanya ,Ngqobe,3091098@students.wits.ac.za,Student,3091098,Bachelor of Science ,Woman
268,Refileo ,Magagula ,2969291@students.wits.ac.za,Student,2969291,Bsc OT,Woman
269,Noluthando ,Yaka,3147794@students.co.za,Student,3147794,Bcom Accounting ,Woman
270,Soka,Shabalala,sokalamatshitshi@gmail.com,Guest,,,Man
271,Khethokuhle ,Gamedze ,3068257@students.wits.ac.za,Student,3068257,Bachelor in Chemical engineering ,Man
272,Ntsakelo ,Mabasa ,2982563@students.wits.ac.za,Student,2982563,Bachelor of Clinical Medical Practice ,Woman
273,Keotshepile ,Sentsho ,3106797@students.wits.ac.za,Student,3106797,BSC Geology,Man
274,Okuhle ,Magubane ,3175700@students.wits.ac.za,Student,3175700,Bachelor of Science ,Man
275,Neo,Chilengue,neofranschilengue@gmail.com,Student,3061588,Bachelor of accounting science ,Man
276,Nhlayiseko,Baloyi,2720297@students.wits.ac.za,Student,2720298,Bachelor of Pharmacy,Woman
277,Ongeziwe ,Khuphiso,3130910@students.wits.co.za,Student,0646926116,Bachelor of Arts,Woman
278,Pride,Segodi,3072343@students.wits.ac.za,Student,3072343,Bachelor of Science,Man
279,Mbali,Mtiyo,2540314@students.wits.ac.za,Student,2540314,Bachelor of commerce(Accounting),Woman
280,Ayanda,Ngcobo,3119765@students.wits.ac.za,Student,3119765,Bachelor of Medicine and Bachelor of Surgery,Woman
281,Ayanda,Ngcobo ,3119765@students.wits.ac.za,Student,3119765,MBBCH,Woman
282,Sphesihle,Ndhlovu ,2993948@students.wits.ac.za,Student,2993948,Bachelor of health science ,Woman
283,Uhone,Netshitungulu ,3099902@students.wits.ac.za,Student,3099902,Bachelor of science ,Man
284,Mamello Zanele ,Thabethe ,2948084@students.wits.ac.za,Student,2948084,Bachelor of clinical medical practice ,Woman
285,Rorisang,Gwangwa,2830927@students.wits.ac.za,Student,2830927,Bachelor of Pharmacy ,Woman
286,Mukhethwa ,Mpande,2968934@students.wits.ac.za,Student,2968934,Health Sciences ,Woman
287,Ndalo,Nombelani ,2799935@students.wits.ac.za,Student,2799935,Bachelor of Clinical Medical Practice ,Woman
288,Tshegofatso,Bopape,3085677@students.wits.ac.za,Student,3085677,Bcom Accounting,Woman
289,Hlule,Apleni,2974524@wits.ac.za,Student,2974524,Bachelor of Medicine and Bachelor of Surgery ,Woman
290,Katleho,Masimole ,2618663@students.wits.ac.za,Student,2618663,Bsc ,Woman
291,Barack  ,Idemudia ,2799394@students.wits.ac.za,Student,2799394,Bachelor of Medicine and Surgery ,Man
292,Orifha Netsianda,Netsianda ,2572358@students.wits.ac.za,Student,2572358,Bachelor of accounting sciences ,Woman
293,tshwarelo angel,matadi,3147722@students.wits.ac.za,Student,3147722,bachelor of accounting science,Woman
294,Amahle,Myeni,3145104@students.wits.ac.za,Student,312514,Bachelor of Arts ,Woman
295,Rofhiwa,Mulaudzi,2811552@students.wits.ac.za,Student,2811552,Bachelor of Medicine and Bachelor of Surgery,Man
296,Ntokozo ,Ncama ,2833052@students.wits.ac.za,Student,2833052 ,BSC ,Woman
297,Jennifer,Makua,2818068@students.wits.ac.za,Student,2818068,Bachelor of Medicine and Bachelor of Surgery,Woman
298,Blessing ,Mubvafhi ,3085155@students.wits.ac.za,Student,3085155,Bachelor of science ,Man
299,Tshepiso ,Seopela,3112095@students.wits.ac.za,Student,3112095,Science ,Prefer not to say
300,Lesedi,Mabye,3116988@students.wits.ac.za,Student,3116988,BSc(Eng),Woman
301,Ofentse,Raphoko,2981779@students.wits.ac.za,Student,2981779,Bachelor of Education,Woman
302,Jennifer ,Roebl,2965902@students.wits.ac.za,Student,2965902,Bachelor of Health Science,Woman
303,Tshepang ,Mkhize ,3007279@students.wits.ac.za,Student,3007279,Bcom Accounting ,Woman
304,Samkelo ,Ndlovu ,3071652@students.wits.ac.za,Student,3071652 ,Bachelor of Science in Engineering ,Man
305,Khaya,nkosi,3117967@students.wits.ac.za,Student,3117967,Bachelor of Accounting Science ,Man
306,Tshenolo Karabo ,Rakgase,2954852@students.wits.ac.za,Student,2954852 ,Clinical Medical Practice ,
307,Tsholofelo,Langa ,3130625@students.wits.ac.za,Student,3130625,BScEng in Chemical Engineering ,Woman
308,Leano,Sechele,3132584@students.ac.za,Student,3132584,Bachelors in Clinical Medical Practice ,Woman
309,Tshepiso ,Nkokela ,3093023@students.wits.ac.za,Student,3093023 ,BCMP,Woman
310,Rotondwa ,Nethononda ,3137733@students.wits.ac.za,Student,3137733,Bachelor of clinical medical practice ,Woman
311,Mokgethwa ,Mokgethwa ,2975987@students.wits.ac.za,Student,2975987,Bachelor of pharmacy ,Woman
312,Zinhle,Mahlangu ,2808282@students.wits.ac.za,Student,2808283,Bachelor of health sciences,Woman
313,Khumagadi ,Mangope ,2858459@students.wits.ac.za,Student,2858459,Bachelor of Science ,Woman
314,Olwethu ,Sitembu,2952135@students.wits.ac.za,Student,2952135,Bachelor of Health Science (Biomedical Sciences),Woman
315,Nicole ,Nzuma ,2666413@students.wits.ac.za,Student,2666413 ,Bachelor of Medicine and Bachelor of Sugery ,Woman
316,Mikho,Japani,2874937@students.wits.ac.za,Student,2864937,MBBCh,Woman
317,Sydney, Mashaba,2555451@students.wits.ac.za,Student,2555451,Bachelor of science in Mechanical Engineering,Man
318,Elora Onyedikachi,Nwamkpa,3063189@students.wits.ac.za,Student,3063189,BA Psychology and International Relations,Woman
319,Emmanuel ,Mahlare ,2542031@students.wits.ac.za,Student,2542031,Bachelor of Science ,Man
320,Mduduzi,Khambule ,2813883@students.wits.ac.za,Student,2813883,Bachelor of Medicine and Bachelor of Surgery,Man
321,Samkelisiwe ,Madlala ,3104425@students.wits.ac.za,Student,3104425,Bachelor of Arts general,Woman
322,Gontse,Mabasa,2844875@students.wits.ac.za,Student,2844875,Bachelor of Pharmacy ,Woman
323,Karabo ,Baloyi,2873287@students.wits.ac.za,Student,2873287,MBBCH,Woman
324,Busisiwe,Mkhize,3009220@students.wits.ac.za,Student,3009220,Bachelor of Arts,Woman
325,Refentse ,Mmelesi ,2971263@students.wits.ac.za,Student,2971263,Bachelor of Clinical Medical Practice ,Woman
326,Ntokozo,Ngwenya,3013370@icloud.com,Student,3013370,Bachelor of education ,Woman
327,Kealeboga ,Mookixi,2973011@students.wits.ac.za,Student,2973011,Bachelor of Medicine and Surgery,Woman
328,Nkhomi Vallry,Mphekwane,2572561@students.wits.ac.za,Student,2572561,Bachelor of clinical medical practice,Woman
329,Neo ,Tlou,2891126@students.wits.ac.za,Student,2891126,Bachelor of Education ,Woman
330,Ayanda,Nkuna,2857800@students.wits.ac.za,Student,2857800,Bachelor of Accounting Sciences,Woman
331,Luyanda ,Xulu ,3142974@students.wits.ac.za,Student,3142974,Bachelor of Accounting Science ,Non-binary
332,Herelee,Magagula,3154098@students.wits.ac.za,Student,3154098,Bachelor of Arts Honours ,Woman
333,Thandoluhle ,Dlamini,2561755@students.wits.ac.za,Student,2561755,Bachelor of Pharmacy ,Woman
334,Maria ,Banda,2975990@students.wits.ac.za,Student,2975990,Bachelor of Science,Woman
335,Lungile,Zuma,3107306@students.wits.ac.za,Student,3107306,Bachelor of Science ,Woman
336,Thandeka ,Dlamini,3106375@students.wits.ac.za,Student,3106375,Bachelor of Science ,Woman
337,Nothando,Dlamini,3129751@students.wits.ac.za,Student,3129751,Bachelor of Science in Occupational Therapy ,Woman
338,Vivian ,Sekhu ,2674141@students.wits.ac.za,Student,2674141,Bachelor of arts,Woman
339,Lungelo ,Hlophe,2966258@students.wits.ac.za,Student,2966258,Bachelor of Education ,Man
340,Asanda ,Kuzwayo ,3129092@students.wits.ac.za,Student,3129092,BSc in Chemical Engineering ,Woman
341,Ayabonga ,Tyatyaza ,3001281@students.wits.ac.za,Student,3001281,Engineering ,Woman
342,Paballo ,Mahlwele ,2864815@students.wits.ac.za,Student,2864815,Bachelor of Science ,Woman
343,Oratilwe,Tau,2687229@students.wits.ac.za,Student,2687229,Bachelor of Science,Woman
344,Muano,Mulega,muanomulega58@gmail.comm,Student,2812765,Bachelor of Medicine and Surgery ,Man
345,Teboho ,Pitso,2690505@students.wits.ac.za,Wits Staff Member,,,Man
346,Banele,Mabaso,2868965@students.wits.ac.za,Student,2868965,Bachelor of Science in Engineering (Civil),Man
347,Arivhonaho,Mukosi,3002618@students.wits.ac.za,Student,3002618,Bachelor of Science in Engineering ,Man
348,Phumzile ,Nkambule ,3003046@students.wits.ac.za,Student,3003046,Bachelor of Education ,Woman
349,Unathi ,Njonga ,3128050@students.wits.ac.za,Student,3128050,Bachelor of Laws,Woman
350,Tshegofatso,Mphahlele,3126291@students.wits.ac.za,Student,3126291,Bsc Construction Studies,Woman
351,Siphokazi,Dube,3127047@students.wits.ac.za,Student,3127047,Bachelor of Accounting Science ,Woman
352,Sempane ,Makobe ,3063642@students.wits.ac.za,Student,3063642,BsC Occupational Therapy ,Woman
353,Sakhisizwe ,Magagula,3134549@students.wits.ac.za,Student,3134549,Bcom in Accounting ,Woman
354,Liyema,Skweyiya ,2467251@students.wits.ac.za,Student,2467251,PGDIP IN SCIENCE- APPLIED BIOSCIENCES ,Woman
355,Zandile,Masinga ,2612950@students.wits.ac.za,Student,2612950,Bachelor of Accounting Science,Woman
356,Marubini,Muthelo,3112109@students.wits.ac.za,Student,3112109,Bachelor of Science ,Man
357,Mogaile,Makobe,Mmaswimakobe244@gmail.com,Guest,,,Man
358,Mokonyane ,Makobe,Mokonyanemakobe1@gmail.com,Guest,,,Woman
359,Onomusa ,Sishange ,3132807@students.wits.ac.za,Student,3132807,Bachelor of Arts,Woman
360,Anita ,Obi,anitaci.obi@gmail.com,Student,2433393,Bachelor of Medicine and Surgery ,Woman
361,Ntsakisi ,Marema,3093704@students.wits.ac.za,Student,3093704,Bachelor of Science ,Woman
362,Katlego Seakamela,Seakamela,2653632@students.wits.ac.za,Student,2653632,Bachelor of Oral Health Sciences ,Woman
363,Thokozile Grace,Sindani ,2834057@students.wits.ac.za,Student,2834057,Bachelor of Oral Health Sciences ,Woman
364,Afika Amahle,Matandela,2548081@students.wits.ac.za,Student,2548081,"Master of Science (Animal, Plant and Environmental Sciences)",Woman
365,Netochukwu ,Radebe ,3108759@students.wits.ac.za,Student,3108759,Bachelor of Arts General ,Woman
366,Siyanda ,Msimango ,3137864@students.wits.ac.za,Student,3137864,Bachelor of Clinical Medical Practice ,Man
367,Olwenkosi ,Maqolo ,2683959@students.wits.ac.za,Student,2683959,Bachelor of Education ,Man
368,Blessing ,Mubvafhi ,3085155@students.wits.ac.za,Student,3085155,Bachelor of science ,Man
369,Kamogelo ,Mohale ,2955875@students.wits.ac.za,Student,2955875,Bachelor of science ,Man
370,Lunathi ,Mhlongo ,3092804@students.wits.ac.za,Student,3092804,Bachelor of Arts in Film and TV ,Woman
371,Tumisho,Sebelemetja,3093226@students.wits.ac.za,Student,3093226,Bachelor of Eng. Chemical ,Man
372,Sphesihle,Mazibuko,3149571@students.wits.ac.za,Student,3149571,Bachelor of Commerce in Accounting,Woman
373,Buhle,Kadeni,3103914@students.wits.ac.za,Student,3103914,Bachelor of Arts General,Man
374,Anielle,Rheeder ,2818640@students.wits.ac.za,Student,2818640,Bsc Clinical Medical Practice ,Woman
375,Katlego,Lehari,2556211@students.wits.ac.za,Student,2556211,Economic Science honours ,Woman
376,Moratuwa ,Makae ,3094692@students.wits.ac.za,Student,3094692,BA law,Woman
377,Martine ,Kabongo,2805874@students.wits.ac.za,Student,2805874,Bachelor of Medicine and Bachelor of Surgery ,Woman
378,Siyabulela ,Sohoma,2431658@students.wits.ac.za,Student,2431658,Bachelor of Science ,Man
379,Thendo,Makhavhu ,3117033@students.wits.ac.za,Student,3117033,Bachelor of health sciences ,Woman
380,Abongwe,Gwadiso,3142911@wits.students.ac.za,Student,3142911,Bachelor of Arts,Woman
381,Nhlonipho ,Danisa ,2580548@students.wits.ac.za,Student,2580548,Bachelor of Commerce ,Man
382,Motheo,Makhubela,2869291@students.wits.ac.za,Student,2869291,Bsc Urban and regional planning ,Man
383,Nduvho,Mulaudzi,2801257@students.wits.ac.za,Student,2801257,Bachelor of Science ,Man
384,Kgothatso ,Rakobo ,2964067@students.wits.ac.za,Student,2964067,Bachelor of Science ,Woman
385,Mamashego ,Maphutha ,3073227@students.wits.ac.za,Student,3073227,Bachelor of Nursing ,Woman
386,Thandolwethu ,Mabusela ,3102142@students.wits.ac.za,Student,3102142,Bachelor of Arts,Woman
387,Qondani,Mtshare,2999311@students.wits.ac.za,Student,2999311,Bachelor of Arts - Law Major,Man
388,Mooi,Mamogobo,2074660@students.wits.ac.za,Student,2974660,Bachelor of Pharmacy ,Woman
389,Pako,Mogale,3097045@students.wits.ac.za,Student,3097045,Bachelor of science ,
390,Thato Palesa ,Choabi,3072611@students.wits.ac.za,Student,3072611,Bachelor of Science,Woman
391,Amogelang,Mashigo,2326190@students.wits.ac.za,Student,2326190,Bachelor of Accounting Science ,Man
392,Lungile,Mdletye,2210392@students.wits.ac.za,Student,2210392,Bachelor of Arts ,Man
393,Dembe ,Libunyu ,2658852@students.wits.ac.za,Student,2658852 ,Bachelor of pharmacy ,Woman
394,Mihlali ,Dikiso,3077573@students.wits.ac.za,Student,3077573,BA in Fine Arts,Woman
395,Shannon,Chisanga,2913955@students.wits.ac.za,Student,2913955,Bachelor of Science,Woman
396,Thenjiwe ,Dlamini,3081864@students.wits.ac.za,Student,3081864,Bachelor of Science ,Woman
397,Alusizo ,Nkosi ,3124484@students.wits.ac.za,Student,3124484,BEngSc in Digital Arts ,Non-binary
398,Shellton,Maleka,2539990@students.wits.ac.za,Student,2539990,Postgraduate Diploma in science ,Man
399,Karabo ,Makgoba,192477@students.wits.ac.za,Student,1924774,MA Social and Psychological Research ,Woman
400,Noluthando,Madinane ,2355291@students.wits.ac.za,Student,2355291,Masters of Education ,Woman
401,Olwethu ,Mdaka ,2959064@students.wits.ac.za,Student,2959064 ,Bachelor of Accounting Science ,Woman
402,Tlhologelo ,Matenchi ,2447034@students.wits.ac.za,Student,2447034,Bachelor of science in mechanical engineering ,Man
403,Boresetse,Lelaka ,3072887@students.wits.ac.za,Student,3072887,Bachelor of Accounting Science ,Woman
404,Lilita ,Bavuma,3081711@students.wits.ac.za,Student,3081711,Bachelor of Science ,Woman
405,Matifadza,Mavesere,3037708@students.wits.ac.za,Student,3037708,LLB,Woman
406,Lindokuhle ,Mashigo ,3085885@students.wits.ac.za,Student,3085885,Bachelor of Science ,
407,Thatohatsi,Lediga,ledigathatohatsi@gmail.com,Student,2943376,Bachelor of Science,Woman
408,Mihle,Mnyanzeli,2941295@students.wits.ac.za,Student,2941295,Bachelor of Arts,Man
409,Manqoba,Zwane,ManqobaZwane1@students.wits.ac.za,Guest Speaker,,,Man
410,Kamogelo ,Matshate,2626376@students.wits.ac.za,Student,2626376,Bachelor of education honours ,Woman
411,Nolitha,Dlambewu,dlambewunl@gmail.com,Student,2572959,Bachelor of Arts,Woman
412,Senamile ,Sibanyoni ,3154548@students.wits.ac.za,Student,3154548,Bachelor of Commerce in Accounting ,Woman
413,Luscious Tamisani ,Muyai,1876781@students.wits.ac.za,Student,1876781,Bachelor's of science in Electrical Engineering ,Woman
414,Dinaledi ,Letwaba ,2987458@students.wits.ac.za,Student,2987458,Bachelor of Architectural Studies ,Woman
415,Asisipho,Mahlentle,2712986@students.wits.ac.za,Student,2712986,Bachelor of Pharmacy,Woman
416,Mihle ,Ndaleni,3080513@students.wits.ac.za,Student,3080513,Bsc in engineering ,Woman
417,Njabulo Siphosihle,Ximba ,2668247@students.wits.ac.za,Student,2668247,Bachelor of Education,Woman
418,Mpumelelo,Mahlalela,mahlalelam005@gmail.com,Student,2843720,Bachelor of Arts ,Woman
419,Tshepo ,Ramonetha ,2809764@students.wits.ac.za,Student,2809764,BA general majoring in pols and IR,Woman
420,Fortunate ,Malepe ,2975171@students.wits.ac.za,Student,2975171,Bachelor of Laws ,Woman
421,Kgashane,Kgashane,3137951@students.wits.ac.za,Student,3137951,Bachelor of Science,Man
422,Linda ,Singiswa,2967457@students.wits.ac.za,Student,2967457,BA General,Woman
423,Uyathandwa ,Ntutumbo ,2849889@students.wits.ac.za,Student,2849889,Bachelor of Pharmacy ,Woman
424,Mensacia,Phaswane,2588649@students.wits.ac.za,Student,2588649,Bachelor of science ,Woman
425,Princess ,Mamogobo ,mamogobomanny@gmail.com,Student,2752674,Bachelor of science ,Woman
426,Simamkele,Xipu,2927823@students.wits.ac.za,Student,2927823,MSc - escience(Data Science),Man
427,Lucy ,Mujajati ,2437931@students.wits.ac.za,Student,2437931,LLB ,Woman
428,Tiego ,Molefe ,2585100@students.wits.ac.za,Student,2585100,Bachelor of Education ,Man
429,Thabile ,Mogane ,2710821@students.wits.ac.za,Student,2710821,Bachelor of Science ,Woman
430,Princess Karabo,Malesa,2362923@students.wits.ac.za,Student,2362923,B.ed Honours in Deaf Education ,Woman
431,Asenathi ,Mpela,2982966@students.wits.ac.za,Student,2982966 ,MBBCH,Woman
432,Thato ,Rikhotso ,2885486@students.wits.ac.za,Student,2885486,Bachelor of Arts,Man
433,REABETSWE ,Motsoto ,2718876@students.wits.ac.za,Student,2718876,Bachelor of education ,Man
434,Sicelo,Makhanya ,3011659@students.wits.ac.za,Student,3011659,Bachelor of Education ,Woman
435,Rethabile ,Dibane ,2591964@students.wits.ac.za,Student,2591964,Bachelor of Laws,Woman
436,Emmanuel ,Mungoma,2558858@students.wits.ac.za,Student,2558858,MMed,Man
437,Tumisang ,Mfolo ,3034924@students.wits.ac.za,Student,3034924 ,MSc in Medicine ,Man
438,Booki Tshepo ,Ntai,2442974@students.wits.ac.za,Student,2442974,Master of medicine in physiology ,Man
439,Minkateko ,Ntimana,2965102@students.wits.ac.za,Student,2965102,Bachelor of Arts,Non-binary
440,Khavisani,Mhlarhi,2663767@students.wits.ac.za,Student,2663767,Bachelor of Social Work,Woman
441,Nkazimlo,Mabumbulu,2432004@students.wits.ac.za,Student,2432004,Postgraduate diploma in Accountancy,Woman
442,Adrian,Emwanu,3061439@students.wits.ac.za,Student,3061439,Bachelor of Science in Engineering,Man
443,Angeline Matumbo,Kasonda,3042733@students.wits.ac.za,Student,3042733,Masters in Economic Geology,Woman
444,Glenda,Mogale,2551019@students.wits.ac.za,Student,2551019,Bachelor of Medicine and Bachelor of Surgery,Woman
445,Vhugala ,Mudau,1477664@students.wits.ac.za,Student,1477664,BSc Industrial Engineering ,Man
446,Godknows ,Maswanganye ,2687365@students.wits.ac.za,Student,2687365 ,Bachelor of Education in senior phase and FET Teaching ,Man
447,Dineo,Benzane,2553233@students.wits.ac.za,Student,2553233,Bachelor of Science in Engineering ,Woman
448,Tlakuso ,Makhuva,2456473@students.wits.ac.za,Student,2456473,Master of Arts in Theatre and Performance,Man
449,Amandla ,Yoto,3171894@students.wits.ac.za,Student,3171894,BSc Mechanical engineering ,Man
450,ANDIMA,KULA,2361133@students.wits.ac.za,Student,2361133,BACHELOR OF ARTS,Woman
451,Musa,Mavuso,1868471@students.wits.ac.za,Student,1,1868471,Man
452,Gundo,Nenngwekhulu,3093926@students.wits.ac.za,Student,3093926,Bachelor of Science ,Man
453,Zanemvula,Sibiya ,3114705@students.wits.ac.za,Student,3114705,Bachelor in Chemical Engineering ,Man
454,Busisiwe ,Dyonase,2201055@students.wits.ac.za,Student,2201055,Bachelor of Arts ,Woman
455,Mfundo,Nyokas,2708717@students.wits.ac.za,Student,2708717,Bachelor of Education,Man
456,Thami Bernard,Ratshitsane,2980885@students.wits.ac.za,Student,2980885,Bachelor of Arts ,Man
457,Selabaledi ,Moshobane ,2689257@students.wits.ac.za,Student,2689257,Bachelor of Science ,Woman
458,Michael ,Mokolokolo,2550301@students.wits.ac.za,Student,2550301,Bachelor of Education,Man
459,Johnie ,Nkoana ,2670544@students.wits.ac.za,Student,2670544,Bachelor of education ,Man
460,Panashe,Malatsi,3019752@students.wits.ac.za,Student,3019752,Bachelor of Commerce in Accounting,Man
461,Andzani,Malomane,2799889@students.wits.ac.za,Student,2799889,Bachelor of Accounting sciencs,Man
462,Sibongakonke ,Ntsele ,2979027@students.wits.ac.za,Student,2979027,Bsc Computer Science ,Man
463,Muhammed-Zahid,Jadwat,2798695@students.wits.ac.za,Student,2798695,Bachelor of Arts (Political Studies),Man
464,Ntokozo,Ncama,2833052@students.wits.ac.za,Student,2833052 ,Bachelor of Science in Geology ,Woman
465,Ubuhle ,Mkhungo,2853453@students.wits.ac.za,Student,2853453,Bcom law,Woman
466,Nompumelelo ,Madonsela ,2610695@students.wits.ac.za,Student,2610695,Masters of Psychology ,Woman
467,Seshegela Phakisho,Sekhula,1888623@students.wits.ac.za,Student,1888623,Msc interdisciplinary Global Change,Man
468,Siyamthanda,Mashicila,Siyamthanda.Mashicila@wits.ac.za,Wits Staff Member,,,Woman
469,Ailton,Novele,3012856@students.wits.ac.za,Student,3012856,Bachelor of Science,Man
470,Thandile,Manyifolo,2960526@students.wits.ac.za,Student,2960526,Bachelor of Architectural Studies,Man
471,Nkosinathi ,Mahange,2979882@Students.wits.ac.za,Student,2979882,Accounting Science ,Woman
472,LESEDI,MAREMA,2764692@students.wits.ac.za,Student,2764692,Bachelor of Sciences (Geology),Woman
473,Maropeng ,Munyai,2852077@students.wits.ac.za,Student,2852077,Bachelor of Science ,Woman
474,Lesedi ,Masela,2709961@students.wits.ac.za,Student,2709961,Bachelor of Music,Man
475,Phathwayinkosenhle ,Maphalala ,2544652@students.wits.ac.za,Student,2544652,Immunology (honours),Woman
476,Khonaye,Gcaza,2963893@students.wits.ac.za,Student,2963893,Bsc in  environmental studies,Woman
477,Bonkhe ,Mkhabela ,2608733@students.wits.ac.za,Student,2608733,BSc in Chemical engineering ,Man
478,Fortune ,Sithole,2199592@students.wits.ac.za,Student,2199592,Bsc Mechanical engineering ,Man
479,Tsepo,Tsabedze ,2141637@students.wits.ac.za,Student,2141637,Bachelor of Science in chemical engineering ,Man
480,Siyanda ,Mntambo ,3111358@students.wits.ac.za,Student,3111358,Bcom Accounting ,Man
481,Phumzile ,Nkambule ,3003046@students.wits.ac.za,Student,3003046,Bachelor of Education ,Woman
482,Nduvho ,Mushiana,2954096@students.wits.ac.za,Student,2954096,Bachelor of Pharmacy ,Prefer not to say
483,Busiswa,Dlamini,3121068@students.wits.ac.za,Student,3121068,Bachelor of Engineering Science in Biomedical Engineering ,Woman
484,Yolanda ,Dlamini ,3036716@students.wits.ac.za,Student,3036716,Bachelor of Accounting Science ,Man
485,Yanga ,Ngamlana ,2983107@students.wits.ac.za,Student,2983107,Bachelor of Arts in Theatre and Performance ,Woman
486,Amelia ,Ngwenya,2875250@students.wits.ac.za,Student,2875250,BSc OT,Woman
487,Fadzai ,Matanhire ,matanhirefadzai@gmail.com,Student,2552282,Medicine & Surgery ,Woman
488,Akhona ,Ndlela ,2586692@students.wits.ac.za,Student,2586692,Post Graduate Diploma ,Woman
489,Nthanda,Ngalawa,2660449@students.wits.ac.za,Student,2660449,Bachelor of Medicine and Surgery ,Woman
490,Patience,Chiloane ,patiencechiloane12@gmail.com,Student,3163061,Bachelor of science in Biological sciences ,Woman
491,Joylyn,Saurombe,3064257@students.wits.ac.za,Student,3064257,Bachelor of Laws,Woman
492,Boitumelo,Chokolo,2799954@students.wits.ac.za,Student,2799954,Bachelor of Arts: General Degree,Woman
493,Tinaye,Madziya ,2834969@students.wits.ac.za,Student,2834969,BSc,Woman
494,Zandiswa ,Mayenjane ,2803955@students.wits.ac.za,Student,2803955,Bachelor of Health Sciences ,Woman
495,Zuziwe ,Mayenjane ,lungamaye@gmail.com,Student,2333544,Bsc Engineering (Aeronautical),Woman
496,Banele,Mazibuko,2802807@students.wits.ac.za,Student,2802807,Bachelor of Accounting Science,Man
497,Yomusa N,Ndlovu,2819880@students.wits.ac.za,Student,2819880,Bachelor of Laws,Woman
498,Licebo,Hoho,2972384@students.wits.ac.za,Student,2972384,Bachelor of Science in Chemical Engineering ,Woman
499,Bethuele ,Moeketsi ,2701117@students.wits.ac.za,Student,2701117,Bsc Civil and Environmental Engineering ,Man
500,Blessing,Ukoha,2940787@students.wits.ac.za,Student,2940787,MBBCh,
501,Ntandoyenkosi ,Mahlangu ,1606806@students.wits.ac.za,Student,1606806,BScHons Property Studies ,Woman
502,Johane ,Ngwenya,ngwenyajohane@gmail.com,Student,3015437,Mechanical Engineering BEng.,Man
503,Sinelisiwe ,Kani,2703301@students.wits.ac.za,Student,2703301,PGDA,Woman
504,Nomcebo ,Njomeni ,nomcebonjomeni27@gmail.com,Guest,,,Woman
505,Litaletu,Gayeni,2849101@students.wits.ac.za,Student,2849101,Bachelor of Oral Health Sciences,
506,Linam,Adonis,3098659@wits.students.ac.za,Student,3098659,Bachelor of Clinical Medical Practice ,Woman
507,Mihlali Nhlapo,2876058,2876058@students.wits.ac.za,Student,2876058,Bachelor of Pharmacy ,Woman
508,Meluleki ,Dladla ,2602871@students.wits.ac.za,Student,2602871,BSc Electrical Engineering ,Man
509,Kundai ,Majakwara,2954548@students.wits.ac.za,Student,2954548,Bachelor of Accounting Science,Woman
510,Otshegofaditswe,Matseke,2859517@students.wits.ac.za,Student,2859517,Bachelor of Social Work,Man
511,Thoriso ,Morie,3148719@students.wits.ac.za,Student,3148719,Bcom,Man
512,Lwazi,Mbokodo,2564928@students.wits.ac.za,Student,2564928,Bachelor of Laws,Woman
513,Nonjabulo Sithole,2989308,2989308@students.wits.ac.za,Student,2989308,bachalor of commerce in accounting,Woman
514,Pfukani ,Baloyi ,2850252@students.wits.ac.za,Student,2850252,Bsc Construction Studies ,Woman
515,Nkosingiphile ,Masinga ,2577355@students.wits.ac.za,Student,2577355,Bachelor of Commerce ,Man
516,Karabo,Mapohoshe,karabo.mapohoshe@icloud.com,Student,2584626,Bachelor of commerce ,Woman
517,Sinaye,Mtalana ,3040803@students.wits.ac.za,Student,3040803,Bachelor of Arts,Woman
518,Ndzalama ,Khosa,2540106@students.wits.ac.za,Student,2540106,Bachelor of Science ,Woman
519,Shaun-D,Madotyeni,3038652@students.wits.ac.za,Student,3038652,BA Law,Man
520,Banele ,Zuma,298367@students.wits.ac.za,Student,2983167,Bachelor of Science ,Woman
521,Ayabonga ,Majozi ,3075644@students.wits.ac.za,Student,3075644,Bsc Physiotherapy ,Woman
522,Nokwanda,Malinga,2973526@stundents.wits.ac.za,Student,2973526,Bachelor of Nursing ,Woman
523,Paballo,Phakathi,2853863@students.wits.ac.za,Student,2853863,Bsc OT,Woman
524,Katleho ,Mabindisa ,2992335@students.wits.ac.za,Student,2992335,Bachelor of Arts General ,Woman
525,Precious ,Mucanze,2859113@students.wits.ac.za,Student,2859113,Bachelor of Education,Woman
526,Yolanda ,Nobengwa ,2943434@students.wits.ac.za,Student,294343,Bachelor of Health Sciences ,Woman
527,Evelyn,Gwatidzo,3001902@students.wits.ac.za,Student,3001902,Bachelor of Education ,Woman
528,Onkarabile ,Aphane,2915031@students.wits.ac.za,Student,2915031,Bachelor of education ,Woman
529,Lebo,Sethosa,lebosethosa1@gmail.com,Student,3026082,Bachelor Of Education ,Woman
530,Keamogetse ,Mogapi ,3037985@students.wits.ac.za,Student,3037985,Bachelor of education,Woman
531,Nkanyiso ,Dotye,2991842@students.wits.ac.za,Student,2991842,Bachelor of Education,Man
532,Atlehang ,Ramaisa ,2955420@students.wits.ac.za,Student,2955420,Bachelor of Science in Geospatial Sciences ,Woman
533,Mandisa,Sedia,mandisasedia@gmail.com,Student,1602828,Bachelor of Music,Woman
534,Anisa,Mayola,2995079@students.wits.ac.za,Student,2995079,Construction Studies,Woman
535,Tiyane ,Matsheke,2846129@students.wits.ac.za,Student,2846129,Bachelor of Arts ,Woman
536,Nsuku ,Mhinga,3136449@students.wits.ac.za,Student,3136449,Bachelor of Arts,Woman
537,Emihle ,Ningiza ,2662943@students.wits.ac.za,Student,2662943,Bachelor of Education ,Woman
538,Lesedi ,Gumede ,lesedikwanini@gmail.com,Student,3172260,Bachelor of Arts,Woman
539,Farai ,Nkomo,3126756@students.wits.ac.za,Student,3126756 ,Bachelor of Science in construction studies ,Woman
540,Babalwa ,Zikhali,3012944@students.wits.ac.za,Student,3012944,Bachelor of Arts(Law Major),Woman
541,Lesedi ,Moabi,3062906@students.wits.ac.za,Student,3062906,BA,Woman
542,Kamogelo,Magoro,magorokamogelo5@gmail.com,Student,3010095,Bachelor of Science,
543,Bryanna ,Abaidoo,2954337@students.wits.ac.za,Student,2954337,Bachelor of Arts general,Woman
544,Andiswa,Dlamini,andiswasnobuhle@gmail.com,Student,3119996,BA,Woman
545,Murangi,Mulaudzi,2690744@students.wits.ac.za,Student,2690744,Bsc,Man
546,Ambesiwe,Fatyi,ambesiwefatyi04@gmail.com,Student,2833621,Bachelor of Oral Health Sciences ,Woman
547,Lehakwe ,Makhetha ,3000553@students.wits.ac.za,Student,3000553,Bachelor of Accounting Science ,Woman
548,Palesa ,Khoabane,2307937@students.wits.ac.za,Student,2307937,Bachelor of Commerce in Accounting ,Woman
549,Anastasia,Mbangwa,3162724@students.wits.ac.za,Student,3162724,Bsc Construction studies,Woman
550,Pepsy ,Makhubela,2438514@students.wits.ac.za,Student,2438514,Bachelor of Science in Engineering ,Man
551,Simthembile,Mdleleni,mdlelenisimthembile@gmail.com,Student,2698815,Bachelor of commerce ,Man
552,Chuma,Mvakade,2975192@students.wits.ac.za,Student,2975192,Bachelor of Accounting Science ,Woman
553,Edgar ,Mbabazi ,3021770@students.wits.ac.za,Student,3021770,Bachelor of Science ,Man
554,Dimpho,Maredi,2981320@students.wits.ac.za,Student,2981320,Bachelor of Education ,Woman
555,Nonhlanhla ,Ngwenya ,2465135@students.wits.ac.za,Student,2465135,Bachelor of Nursing Science ,Woman
556,Sisekelo,Moroe,2544132@students.wits.ac.za,Student,2544132,Bachelor of Commerce ,Man
557,Kutloano ,Lerale ,2940842@students.wits.ac.za,Student,2940842,Bachelor of Education ,Woman
558,Anesu,Majoni,2973116@students.wits.ac.za,Student,2973116,Bachelor of Accounting Science ,Woman
559,Khanya,Ndara,2841350@students.wits.ac.za,Student,0733609783,Bachelor of Arts,Woman
560,Wandile,Genge ,3106781@students.wits.ac.za,Student,3106781,BA Law,Man
561,Bontle,Nkhona,2905579@students.wits.ac.za,Student,2905579,Bachelors of Law,Woman
562,Busiswa,Zweni,2583346@students.wits.ac.za,Student,2583346,Bachelor of Education ,Woman
563,Asanda ,Mthethwa ,2716771@students.wits.ac.za,Student,2716771,Bachelor of Science ,Woman
564,Motshidisi ,Radebe,2341423@students.wits.ac.za,Student,2341423,BSc in Mining Engineering,Woman
565,Hope Ntokozo,Mdlalose,hopemdlalose704@gmail.com,Student,2819365,Social Work,Woman
566,Takura,Gapu,2955906@students.wits.ac.za,Student,2955906,Bachelor of laws,Man
567,Mogau ,Maphanga ,2358213@students.wits.ac.za,Student,2358213,Bachelor of Commerce,Man
568,Kamogelo ,Mahlong ,2708203@students.wits.ac.za,Student,2708203,Bachelor of Laws,Woman
569,Thabang ,Zita ,3074707@students.wits.ac.za,Student,3074707,Bachelor of commerce in information systems,Woman
570,Hannah,Mhlanga,2962397@students.wits.ac.za,Student,2962397,Bachelor of Science In Actuarial science ,Woman
571,Takalani ,Masindi ,2692546@students.wits.ac.za,Student,2692546,Bachelor of Information Systems & Finance ,Man
572,Mahosi,Mahlangu ,2693369@students.wits.ac.za,Student,2693369,Bachelor of Science,Man
573,Tumelo ,Rantsoti ,2615237@students.wits.ac.za,Student,2615237,Chemistry with Chemical Engineering ,Man
574,Sibongile ,Motsapole ,2972979@students.wits.ac.za,Student,2972979,Bachelor of Science in Occupational Therapy ,Woman
575,Nokubonga,Zulu,3138331@students.wits.ac.za,Student,3138331,Bachelor of Arts (General),Woman
576,Mxolisi ,Xulu,2854637@students.wits.ac.za,Student,2854637,Bachelor of Science ,Man
577,Mbulelo ,Hlatshwayo ,2351910@students.wits.ac.za,Student,2351910,Msc (Med) Bioethics and Health Law by dissertation ,Man
578,Lindokuhle,Dladla,3126230@students.wits.ac.za,Student,3126230,BSc in Electrical Engineering ,Man
579,Botshelo ,Legoete ,3008210@students.wits.ac.za,Student,3008210 ,BSc in Science (Construction Studies) ,Woman
580,Rethabile kola ,Kolac,rethabilekola20@gmail.com,Student,2671939,Bachelor of science ,Woman
581,Mihlali ,Nhlapo ,2876058@students.wits.ac.za,Student,2876058,Bachelor of Pharmacy ,Woman
582,James,Tholo,2614729@students.wits.ac.za,Student,2614729,Bachelor of Laws ,Man
583,Sean ,Ndlovu,ndlovusean08@gmail.com,Guest,,,Man
584,Amogelang ,Chokoe ,2432646@students.wits.ac.za,Student,2432646,BSc in Physiotherapy ,Woman
585,Thendo,Ravhengani,2597651@students.wits.ac.za,Student,2597651,Masters of Science,Man
586,Amahle,Mafa,2655081@students.wits.ac.za,Student,2655081,Bsc,Woman
587,Mpho,Mahlanya ,3030291@students.wits.ac.za,Student,3020291,Bachelor of Education ,Woman
588,Nomfundo ,Tollie,2660588@students.wits.ac.za,Student,2660588,BSc Honours in Quantity Surveying ,Woman
589,Simangane ,Sambula,3153963@students.wits.ac.za,Student,3153963,Postgraduate certificate in Education,Woman
590,Abigail ,Sekwati ,abigailsekwati69@gmail.com,Student,2720134,Bsc Mining Engineering ,Woman
591,Bongiwe ,Ndlovu,2364564@students.wits.ac.za,Student,2364564,Bachelor of Honours in Education ,Woman
592,Thato,Nkani,2437232@students.wits.ac.za,Student,2437232,Master of Sciences ,Man
593,Palesa Robin ,Makhalima,3008846@students.ac.za,Student,3008846,Applied Drama and Theatre,Woman
594,Legin,Strydom,2768885@students.wits.ac.za,Student,2768885,Bsc Eng in Electrical engineering,Man
595,Kgalalelo,Machumolotsa,3139035@students.wits.ac.za,Student,3139035,Bachelor of Arts,Woman
596,Nkululo ,Njubane ,2566152@students.wits.ac.za,Student,2566152,BSc,Man
597,Kaone ,Sephiphi ,1975068@students.wits.ac.za,Student,1975068,Bachelor of Pharmacy ,Man
598,Tumelo ,Penyenye ,2682650@students.wits.ac.za,Student,2682650,BSc Hons Geology ,Man
599,SONWABISO,NOTSHULWANA ,3142143@students.wits.ac.za,Student,3142143,Bachelor of Science Construction Studies ,Woman
600,Bosele,Seanego,2431011@students.wits.ac.za,Student,2431011,Post Graduate Diploma in Finance,Man
601,Nangi,Mokhua ,3139012@students.wits.ac.za,Guest,,,Man
602,Tlhalefo ,Thibogang,202429899@spu.ac,Student,202429899,Bachelor of Arts,Man
603,Zuziwe,Ndlela,2050427@students.wits.ac.za,Student,2050427@students.wits.ac.za,Master of Arts,Woman
604,Emma,Rose,3008595@students.wits.ac.za,Guest,,,Woman
605,Rethabile ,Liphoko,rethabileliphoko02@gmail.com,Student,3176381,Applied Drama and Theatre,Woman
606,Tshepo,Kgomo,2437058@students.wits.ca.za,Student,2437058,BSc in physiotherapy ,Man
607,Nqobile ,Yika,2717838@students.wits.ac.za,Student,2717838,Bachelor of Accounting Science ,Woman
608,Bandile ,Simelane ,2951455@students.wits.ac.za,Student,2951455,Bachelor of Pharmacy ,Woman
609,Luyanda ,Sikobole ,tembaluyanda@gmail.com,Student,2877193,Bachelor of Electrical engineering ,Man
610,Nhlamulo,Mabuza,2819916@students.wits.ac.za,Student,2819916,Bachelor of Science (Computer Science),Man
611,Buhlebuzile ,Tshabalala ,2968090@students.wits.ac.za,Student,2968090,Bachelor of Law,Woman
612,Tumi,Ntsane ,302728@students.wits.ac.za,Student,3012728,Bcom PPE,Woman
613,Kopano ,Mabotja ,2972729@students.wits.ac.za,Student,2972729,BSc Engineering (Chem),Woman
614,Sibuselo,Gama,2679884@students.wits.ac.za,Student,2679884,Bachelor of Science Geology,Woman
615,Angel ,Magagula ,2666904@students.wits.ac.za,Student,2666904,MBBCH,Woman
616,Khonjwangenhlahla ,Ndabandaba ,1437277@students.wits.ac.za,Student,1437277,Bachelor of law,Woman
617,Kutlwano ,Barei,2958706@students.wits.ac.za,Student,2958706,Bachelor of Clinical Medical Practice ,Woman
618,Alumanye ,Mnyamana ,2994940@students.wits.ac.za,Student,2994940,Bachelor of Accounting Science ,Man
619,Setlola,Setwaba,2973600@students.wits.ac.za,Student,2973600,Bachelor of Pharmacy ,Man
620,Agcobile,Mtshakazana,3062734@students.wits.ac.za,Student,3062734,Bcom Accounting ,Woman
621,Lindiwe ,Nkosi,2955881@students.wits.ac.za,Student,2955881,Bachelor of Arts ,Non-binary
622,Princess,Ndlovu,2947867@students.wits.wits.ac.za,Student,2947867,Bachelor of Arts ,Woman
623,Banele ,Mabaso,2868965@students.wits.ac.za,Student,2868965,Bachelor of Science in Engineering(Civil),Man
624,Thatohatsi ,Tsotetsi,2805646@students.wits.ac.za,Student,2805646,Bachelor of Clinical Medical Practice,Woman
625,Mmathapelo ,Chiloane,1769251@students.wits.ac.za,Student,1769251,BSc in Construction studies,Woman
626,Ponalo,Mashaba ,2814627@students.wits.ac.za,Student,2814627,Bachelor of Clinical Medical Practice ,Woman
627,Mathembe,Ndlovu,2622921@students.wits.ac.za,Student,2622921,Bachelor of Science in Aeronautical Engineering ,Woman
628,Lerato Surprise,Ndimande,2667898@students.wits.ac.za,Student,2667898,Bachelor of Science ,Woman
629,Mbalentle,Tali,2983191@students.wits.ac.za,Student,2983191,BCom Law,Woman
630,Makole,Ramalobela,2557748@students.wits.ac.za,Student,2557748 ,Bachelor of Nursing,Woman
631,Nothando,Dlamini,3129751@students.wits.ac.za,Student,3129751,Bachelors of Science in Occupational Therapy ,Woman
632,Phuti,Ramushu,2835612@students.wits.ac.za,Student,2835612,Bachelor of Clinical Medical Practice,Man
633,Makhosazana ,Msibi ,makhosazana.msibi@wits.ac.za,Wits Staff Member,,,Woman
634,Hareaipha ,Mahasele,2763955@students.wits.ac.za,Student,2763955,Bsc Mining Engineering ,Woman
635,Kagisho ,Thotse ,thotsekagisho@gmail.com,Student,2914881,Bachelor of Accounting Science ,Woman
636,Kwanele,Mahlangu,2800294@students.wits.ac.za,Student,2800294,Bachelor of Accounting Science ,Woman
637,Mvelo ,Dlamini,2830306@students.wits.ac.za,Student,2830306,Bachelor of Accounting Science,Man
638,Refentse ,Masia ,2675162@students.wits.ac.za,Student,2675162,Bachelor of Laws,Woman
639,Lubabalo ,Qanana ,Amyolindalo526@gmail.com,Student,3061972,BCom Information System ,Man
640,Mufhatutshedzwa ,Rampilo,3093328@students.wits.ac.za,Student,3093328,Bachelor of commerce ,Woman
641,Kganyisa Bokamoso,Sechotlho,3096968@students.wits.ac.za,Student,3096968,Bachelor of laws,Woman
642,Themba ,Buyeye,683048@students.wits.ac.za,Student,683048,Bachelor of Arts,Man
643,Matofana,Lokothwayo,2839558@students.wits.ac.za,Student,2839558,Bachelor of Pharmacy,Woman
644,Kutloano ,Tsoku,2940351@wits.students.ac.za,Student,2940351,Bachelor of Science,Man
645,Mpho,Sikhauli ,2991807@students.wits.ac.za,Student,2991807,BSc in Construction Studies ,Man
646,Gomolemo,Mcube,2610936@students.wits.ac.za,Student,2610936,Bachelor of laws,Woman
647,Jabulile ,Shongwe ,2543474@students.wits.ac.za,Student,2543474,Bachelor in Nursing,Woman
648,Ngalo,Tau,2993307@students.wits.ac.za,Student,2993307,Bachelor of Accounting Sciences,Woman
649,Yevedzo,Guruwo,yeveguruwo1@gmail.com,Student,2962869,Bachelor of Laws,Woman
650,Tiyane ,Matsheke ,2846129@students.wits.ac.za,Student,2846129,Bachelor of Arts ,Woman
651,Naledi ,Makhetha ,Naledimakhetha98@gmail.com,Student,2977476,Bachelor of commerce in accounting ,Woman
652,Palesa,Nonyane ,2950305@students.wits.ac.za,Student,2950306,Bachelor of Arts in Media and Politics,Woman
653,Anothando,Jabane,Anothandojabane@gmail.com,Student,2969752,Bachelor of Arts in film and TV,Woman
654,Thulisile ,Xaba,2558377@students.wits.ac.za,Student,2558377,Master of science ,Woman
655, Muofhe Hope,Thabo,Thabomuofhe@gmail.com,Student,3127219,Bachelor of medicine and surgery ,Woman
656,Thandekile ,Sithebe ,2845450@students.wits.ac.za,Student,2845450,Bachelor in Accounting Sciences ,Woman
657,Mpumelelo ,Maziya ,2858709@students.wits.ac.za,Student,2858709,"Bachelor of Education in Senior Phase and FET, majoring with Mathematics and Physical Sciences.",Woman
658,Uthimna ,Siyoko,2993391@students.wits.ac.za,Student,2993391,Bachelor of Accounting Sciences ,Woman
659,Salizwa ,Ndyumbu ,3234904@students.wits.ac.za,Student,3234904,Bachelor of Arts general,Woman
660,Nokubonga,Nene,2835836@students.wits.ac.za,Student,2835836,Bachelor of laws,Woman
661,Kagisho ,Thotse ,2914881@students.wits.ac.za,Student,2914881,Bachelor of Accounting Science ,Woman
662,Thabiso,Mashapa,2864226@students.wits.ac.za,Student,2864226,Bachelor of Accounting Science,Man
663,Dimpho ,Ralebepa ,2984878@students.wits.ac.za,Student,2984878,Bcom Accounting ,Woman
664,Maropeni,Moremi,moremipertunia16@gmail.com,Student,2814723,Bachelor of Commerce,Woman
665,Annah,Theo,3026788@students.wits.ac.za,Student,3026788,Bachelor of Accounting Sciences ,Woman
666,Sinokhanyo ,Kimbili ,3171348@students.wits.ac.za,Student,3171348,Bachelor of Science ,Woman
667,Diketso  ,Malete ,2664284@students.wits.ac.za,Student,2665284,Bachelor of Education ,Woman
668,Wendy,Ngwenya,1055398@students.wits.ac.za,Student,1055398,LLB,Woman
669,Refiwe,Khuboni,khubonirefiwe@gmail.com,Student,3144744,Bachelor of arts,Woman
670,Unarine ,Mudzweda ,3007680@students.wits.ac.za,Student,3007680,Bachelor of Mining Engineering ,Woman
671,Nothando,Myeni,2955363@students.wits.ac.za,Student,2955363,Bachelor or Pharmacy,Woman
672,Bonisile ,Mpofu,2692769@students.wits.ac.za,Student,2692769,Bachelor of Education in Senior Phase and FET teaching,Woman
673,Sekedi,Mamatlaruma ,2692067@students.wits.ac.za,Student,2692067,Bachelor of commerce (Accounting),Woman
674,Amahle,Mkhize,2824980@students.wits.ac.za,Student,2824980,Bachelor of commerce in accounting ,Woman
675,Aphelele,Mfeka,2950747@students.wits.ac.za,Student,2950747,Bachelor of Commerce in Accounting ,Woman
676,Tokollo ,Molapo,2401042@students.wits.ac.za,Student,2401042,MA in Applied Drama and Theatre,Man
677,Rixaladza ,Chauke,2978520@students.wits.ac.za,Student,2978520,Bachelor of Accounting Science ,Woman
678,Thabisile,Tshuma,thabisile.tshumaa@icloud.com,Student,3120924,Bachelor of Science,Woman
679,Thandolwethu ,Chabangu ,3113323@students.wits.ac.za,Student,3113323,Bachelor of Science ,Woman
680,Asanda,Mjoli,amahlemjoli.06@gmail.com,Student,2958180,Bachelor of Accounting Sciences ,Woman
681,Patsene Perseverance ,Malungana ,2871249@students.wits.ac.za,Student,2871249,Bachelor of Science in Engineering (Electrical),Man
682,Temoso,Nkogatse,temosonkogatse@gmail.com,Student,2667108,Bachelor of Science,Woman
683,Rilinde,Mudzielwana,2674070@students.wits.ac.za,Student,2674070,Bsc in mining engineering ,Woman
684,Ramabele Ashley,Sello,3130869@students.wits.ac.za,Student,3130869,BCom Accounting,Woman
685,Joan ,Luthuli,3088931@students.ac.za,Student,3088931,Bachelor of Arts in Law,Woman
686,Ramadimetja,Mashiane,3104459@students.wits.ac.za,Student,3104459,Bachelor of Accounting Sciences,Woman
687,Lerato,Manala,3073753@students.wits.ac.za,Student,3073753,Bachelor of Accounting Science ,Woman
688,Shantel ,Radebe ,2970023@students.wits.ac.za,Student,2970023,BSc,Woman
689,Tshimangadzo,Sigoba,2889649@students.wits.ac.za,Student,2889649,Bachelor of Arts,Man
690,Busi ,Khaba ,2955285@students.wits.ac.za,Student,2955284,Bachelor of Education ,Woman
691,Tshepiso ,Baloyi,2816775@students.wits.ac.za,Student,2816775,Bachelor of Arts,Woman
692,Fumani,Somlota,2344508@students.wits.ac.za,Student,2344508,Bachelor of Arts Honours,Man
693,Nomusa ,Khambule ,2117136@students.wits.ac.za,Student,2117136,Masters in Management ,Woman
694,Lesedi,Matlhasia,2807006@students.wits.ac.za,Student,2807006,Bsc in Computer Science,Woman
695,Ndivhuwo,Ndou,2281627@students.wits.ac.za,Student,2281627,Masters,Man
696,Tshegofatso ,Matabane ,1352192@students.wits.ac.za,Student,1352192,MA Cultural Policy and Management ,Woman
697,Vumbhoni Kurisani ,Khoza ,2696121@students.wits.ac.za,Student,2696121,LLB,Woman
698,Emihle ,Ningiza ,2662943@students.wits.ac.za,Student,2662943,Bachelor of Education ,Woman
699,Oaratwa ,Molaolwa ,2671920@students.wits.ac.za,Student,2671920,Bachelor of Accounting Science ,Woman
700,Otlotleng,Mogokonyane,2961927@students.wits.ac.za,Student,2961927,BA,Woman
701,Omolemo,Maimela ,2683894@students.wits.ac.za,Student,2683894,BSC mining engineering ,Woman
702,Fikile,Teleko,2711870@students.wits.ac.za,Student,2711870,Bachelor of Sciences ,Woman
703,Dimakatso ,Matlaila ,2555500@students.wits.ac.za,Student,2555500,Bachelor of Science Honors ,Man
704,Buhle ,Ndlovu,2560821@students.wits.ac.za,Student,2560821,Bachelor of Commerce ,Woman
705,Itumeleng ,Strydom,388925@students.wits.ac.za,Student,388925,MA in Psychology Research (Dissertation) ,Woman
706,Rose ,Morakwana,2820892@students.wits.ac.za,Student,2820892,BSc in mining engineering,Woman
707,Tshimbiluni Brian,Mutavhatsindi,2965129@students.wits.ac.za,Student,2965129,Bachelor of Laws,Man
708,Ntokozo ,Mgijima,2742669@students.wits.ac.za,Student,2742669,BSc in Engineering(Civil) ,Woman
709,Kabo ,Ramahuma ,3095890@students.wits.ac.za,Student,3095890,Bachelor of Science in Occupational Therapy ,Woman
710,Takura ,Gapu,2955906@students.wits.ac.za,Student,2955906,Bachelor of Laws,Man
711,Mogoshadi Angel,Lebopo,3031635@students.wits.ac.za,Student,3031635,Bachelor of Education ,Woman
712,Katlego ,Modika ,3083814@students.wits.ac.za,Student,3083814,Bachelor of science in Engineering (Chemical),Woman
713,Thembakazi,Tsamse,2972847@students.wits.ac.za,Student,2972847,Bachelor of Education,Woman
714,Karabo,Tshabalala ,karabot487@gmail.com,Student,2898404,Bachelor of Arts,Woman
715,Kagiso,Nkadimeng,2897176@students.wits.ac.za,Student,2897176,Bachelor of Science ,Man
716,Wandile,Y,3030701@students.wits.ac.za,Student,3030701,LLB,Man
717,Ndamulelo ,Phalanndwa ,2952950@students.wits.ac.za,Student,2952950 ,Master of Arts,Man
718,Njabulo ,Ximba ,2668247@students.wits.ac.za,Student,2668247,Bachelor of Education,Woman
719,Wandile,Shabangu,2509389@students.wits.ac.za,Student,2509389,Electrical Engineering,Man
720,Sbusiso ,Thembekwayo ,2820163@students.wits.ac.za,Student,2820163,Bachelor of Health Science ,Man
721,Sebabatso ,Mohloki ,2661308@students.wits.ac.za,Student,2661308,BSc Hons in Quantity Surveying ,Woman
722,Andiswa ,Khwela,3029777@students.wits.ac.za,Student,3029777,Bachelor of Commerce in Accounting ,Woman
723,Welile ,Dlamini ,2698305@students.wits.ac.za,Student,2698305,Bsc chemical engineering ,Woman
724,Sibahle ,Jacob ,2729773@students.wits.ac.za,Student,2729773,Bachelor of Education ,Man
725,Pontsho ,Mathabatha ,2991121@students.wits.ac.za,Student,2991121,Bachelor of Health Sciences ,Woman
726,Azania ,Jack ,2883050@students.wits.ac.za,Student,2883050,Bachelor of Architectural Studies ,Man
727,Masego Faith ,Senoedi,2676735@students.wits.ac.za,Student,2676735,Bachelor of Education ,Woman
728,Elsie ,Shiburi,2674318@students.wits.ac.za,Student,2674318,Bachelor of Science in Electrical Engineering,Woman
729,Lungile ,Nkabinde ,2673153@students.wits.ac.za,Student,2673153,Bsc General ,Woman
730,Khwezi Langelihle ,Kubheka ,2869945@students.wits.ac.za,Student,2869945,BSc Occupational Therapy ,Woman
731,Blessing, Tsebe,2551574@students.wits.ac.za,Student,2551574,Bachelors of Arts in Film and Television,Man
732,Khanyisile ,Mthimunye ,2836870@students.wits.ac.za,Student,2836870,Bachelor of Commerce (Accounting),Woman
733,Thando ,Mtetwa ,2655031@students.wits.ac.za,Student,2655031,Medicine ,Man
734,Ampfarisaho ,Silivha,3038572@students.wits.ac.za,Student,3038572,Accounting science ,Woman
735,Luxolo,Ndiki,3023859@students.wits.ac.za,Student,3023859,LLB,Man
736,Tshegofatso ,Mangwedi ,2851811@students.wits.ac.za,Student,2851811,Metallurgical engineering ,Woman
737,Ntsako,Baloyi,2940418@students.wits.ac.za,Student,2940418 ,Bachelor of Commerce ,Woman
738,Naledi ,Khunou ,2654507@students.wits.ac.za,Student,2654507,BSC OT,Woman
739,Sthabiso ,Msweli ,3007312@students.wits.ac.za,Student,3007312,Bachelor of science in mechanical engineering ,Man
740,Aida Khaulisuano ,Timbe,2979954@students.wits.ac.za,Student,2979954,Bachelor of Arts,Woman
741,Shantell ,Mbatha,1260544@students.wits.ac.za,Student,1260544,Master of Science ,Woman
742,Motlatso Vanesa ,Letwane ,3001484@students.wits.ac.za,Student,3001484,Bachelor of Arts,Woman
743,Phori,Seroka,2808442@students.wits.ac.za,Student,2808442,Bachelor of Engineering Science ,Woman
744,Tebogo ,Nkonyane ,2918209@students.wits.ac.za,Student,2918209,Bachelor of Arts,Man
745,Lethabo Jessica,Maditse,1862838@students.wits.ac.za,Student,1862838,Bachelor of Laws,Woman
746,Lethu,Mxawuka,2738813@students.wits.ac.za,Student,2738813,Bachelor of education,Man
747,Aphelele ,Qwabi,2600519@students.wits.ac.za,Student,2600519,Bachelor of Education Honours ,Woman
748,Anathi,Majwede,2661595@students.wits.ac.za,Wits Staff Member,,,Man
749,Boemo,Matshwane ,2593906@students.wits.ac.za,Student,2593906,Bachelor of Science in Computer Science ,Woman
750,Ntsakelo,Mathebula,2587557@students.wits.ac.za,Student,2587557,Bachelors of Education ,Woman
751,Zandile ,Thabede ,2554840@students.wits.ac.za,Student,2554840,BHSC (Chemical Pathology ),Woman
752,Thandi,Makato,2591885@students.wits.ac.za,Student,2591885,B.ed ,Woman
753,Kutloano,Madlela,3129505@students.wits.ac.za,Student,3129505,Bachelor of science ,Woman
754,Khululiwe Shumikazi,Radebe,2678110@students.wits.ac.za,Student,2678110,Bachelor of Arts ,Woman
755,Prince,Mulaudzi,3171537@students.wits.ac.za,Student,3171537,BAhons in African languages and linguistics ,Man
756,Lerato,Thibakhoali,2942066@students.wits.ac.za,Student,2942066,LLB,Woman
757,Dimakatso ,Seabi ,3091155@students.wits.ac.za,Student,3091155,Bachelor of Science in Mining Engineering ,Woman
758,Angela,Williamson,2699309@students.wits.ac.za,Student,2699309,Bachelor of Arts,Woman
759,Ngcali ,Mfenyana,mfenyanangcali@gmail.com,Student,2449344,MBBCh,Woman
760,Ndumiso ,Ngwenja,3001872@students.wits.ac.za,Student,3001872,MBBCH,Woman
761,Keotshepile,Sejamoholo,2705361@students.wits.ac.za,Student,2705361,BSc Chemistry with Chemical Engineering,Man
762,Lindokuhle ,Kalake ,2940604@students.wits.ac.za,Student,2940604,BCom General DMNL,Woman
763,Dembe ,Mashula,3089657@students.wits.ac.za,Student,3089657,Bcom in Accounting ,Woman
764,Ditheto,Manakana ,3122959@students.wits.ac.za,Student,3122959,Bachelor of Pharmacy ,Man
765,Jacinto,Sithole,2983566@students.wits.ac.za,Student,2983566,Bachelor of Science ,Man
766,Tshepiso ,Ramatsheha ,3068682@students.wits.ac.za,Student,3068682,Bachelor of Arts ,Man
767,amahle,mafumisa,amahlemafumisa938@gmail.com,Student,2977996,bachelors in accounting sciences,Woman
768,Kutlwano ,Ndlovu ,2830865@students.wits.ac.za,Student,2830865,Bachelor of Science ,Man
769,Tafadzwa Grace,Mazambara,2946468@wits.students.ac.za,Student,2946468,BCom Economics and Finance,Woman
770,Blessing ,Bvuma,2829835@students.wits.ac.za,Student,2829835,Bachelor of Science ,Woman
771,Molebogeng ,Motlhankane ,2676266@students.wits.ac.za,Student,2676266,Bachelor of Education ,Man
772,Tumelo ,Khumalo,1634437@students.wits.ac.za,Student,1634437,LLM,Man
773,Kgalalelo ,Seema ,3083517@students.wits.ac.za,Student,3083517 ,Bachelor of Education ,Man
774,Mameso ,Maqoma,2545336@students.wits.ac.za,Student,2545335,Bachelor of Science in Engineering(Mining),Woman
775,Mbali Mabel ,Tshawe ,2722591@students.wits.ac.za,Student,2722591,Bachelor of Education ,Woman
776,Darnelle ,Henry ,2968694@students.wits.ac.za,Student,2968694,"Bachelor of Science, Aeronautical Engineering ",Woman
777,Gontle,Gasebuse,Ggasebuse@gmail.com,Student,2922144,MA occupational social work,Woman
778,Bonolo,Msiza,3082906@student.wits.ac.za,Student,3082906,Bachelor of Science,Man
779,Katlego ,Motaung,2375062@students.ac.za,Student,2375062,Postgraduate Diploma in Law,Woman
780,Adivhaho ,Mufamadi ,2484567@students.wits.ac.za,Student,2484567,PDM-BA,Man
781,Khanyisile,Mkhonza,2671817@students.wits.ac.za,Student,2671817,Bachelor of Science,Woman
782,Muhammed,Dinath,2658232@students.wits.ac.za,Student,2658232,BSc Computer Science ,Man
783,Bongi ,Gqirana ,2584733@students.wits.ac.za,Student,2584733,Bachelor of Science ,Woman
784,Vhutshilo,Phosa,2571802@students.wits.ac.za,Student,2571802,Bachelor of science ,Woman
785,Blessing ,Makolana ,blessingmakolana1@students.wits.ac.za,Student,2810182,Mechanical engineering,Man
786,Olerato ,Leshomo ,3022008@students.wits.ac.za,Student,3022008,Bachelor os Arts,Woman
787,Ofentse,Mashabela,2872100@students.wits.ac.za,Student,2872100,Bachelor of Science in Chemistry and Chemical Engineering,Woman
788,Khwezi ,Zwane,2848470@students.wits.ac.za,Student,2848470,Bachelor of Science,Man
789,Wandile,Nkomonde ,2715311@students.wits.ac.za,Student,2715311,Bachelor of Science Honours in Urban and Regional Planning ,Man
790,Ushney ,Ubisi ,2672959@students.wits.ac.za,Student,2672959 ,Bachelor of Social Work ,Woman
791,Asanda,Seme,2702566@students.wits.ac.za,Student,2702566,Bachelor of Medicine and Bachelor of Surgery,Woman
792,Andzani ,Malomane,2799889@students.wits.ac.za,Student,2799889,Bachelor of Accounting Science,Man
793,Lindok Mikha,Maseko,3083089@students.wits.ac.za,Student,3083089,Bachelor of Science ,Woman
794,Nhlaluko Mandla,Mathebula,2705654@students.wits.ac.za,Student,2705654,Bachelor of Arts Honours in Geography,Man
795,JesuDemilade Beloved,Ajilogba,ajilogbademilade@gmail.com,Student,2961370,BHSc Biomedical Sciences,Woman
796,Matamela Matlhamela,Matlhamela,2447281@students.wits.ac.za,Student,2447281,Bachelor of Education Honours ,Woman
797,Claire,Denga,2703354@students.wits.ac.za,Student,2703354,Bsc in Property studies ,Woman
798,Nwabisa ,Martins,2545774@students.wits.ac.za,Student,2545774,BA Honours,Woman
799,Keneilwe ,Sekwale,2852707@students.wits.ac.za,Student,2852707,Bachelor of Arts ,Woman
800,Tlotlo,Kgolobe,2714277@students.wits.ac.za,Student,2714277,Bachelor of Science,Man
801,Kwando,Mhlongo,3114470@students.wits.ac.za,Student,3114470,Bachelor of Science in Occupational Therapy,Woman
802,Libongwe ,Ngwadla ,3012925@students.wits.ac.za,Student,3012925,Bachelor of Arts,Woman
803,Pfarelo Andani ,Thathani ,andani.thathani@wits.ac.za,Wits Staff Member,,,Woman
804,Owami Angela ,Mxabo,2764610@students.wits.ac.za,Student,2764610 ,Bachelor of Commerce ,Woman
805,Sibongakonke,Ntsele,2979027@students.wits.ac.za,Student,2979027,Bsc Computer Science,Man
806,Antonett ,Khoza,2504085@students.wits.ac.za,Student,2504085,M Ed,Woman
807,Keneuwe Karabo,Molatseli,2690077@students.wits.ac.za,Student,2690077,Bachelor of science ,Woman
808,Ayanda ,Gumede ,3064653@students.wits.ac.za,Student,3064653,Bachelor of Commerce specializing in law,Woman
809,Xihlovo ,Chabalala,2940871@students.wits.ac.za,Student,2940871,Bachelor of Arts law major,Woman
810,Fezile ,Legodi,2472905@students.wits.ac.za,Student,2472905,Bachelor of Science ,Woman
811,Godknows ,Maswanganye ,2687365@students.wits.ac.za,Student,2687365 ,Bachelor of Education ,Man
812,Hlelokuhle,Balfour,2809038@students.wits.ac.za,Student,2809038,Bachelor of Audiology,Man
813,Abigail ,Adeleke ,2815990@students.wits.ac.za,Student,2815990,Bachelor of Health Sciences ,Woman
814,Karabo,Legodi,2866959@students.wits.ac.za,Student,2866959,Bachelor of health sciences ,Woman
815,Petronela ,Fernandez ,2567809@students.wits.ac.za,Student,2567809,Bachelor of commerce ,Woman
816,Basetsane ,Ngwenyama ,2763374@students.wits.ac.za,Student,2763374,Bachelor of Commerce (Accounting),Woman
817,Fulufhelo ,Nengwekhulu,3001754@students.wits.ac.za,Student,3001754,Bachelor of Education,Man
818,Kamogelo,Sebola,kamogelosebola22@gmail.com,Student,2828258,Bachelor of Accounting Science ,Woman
819,Shannon ,Chisanga ,2913955@students.wits.ac.za,Student,2913955,Bachelor of Science ,Woman
820,Vuyiswa ,Mthethwa ,1441294@students.wits.ac.za,Student,1441294,Honours in Development Studies ,Woman
821,Natasha ,Dobah,2443217@students.wits.ac.za,Student,2443217,Bachelor of Science ,Woman
822,Yinhla ,Ndobe ,2821689@students.wits.ac.za,Student,2821689,Bachelor of Accounting Science ,Man
823,khutso,tloubatla,3085678@students.wits.ac.za,Student,3085678,Bachelor of Audiology ,Woman
824,Tshilidzi ,Sibara,2688828@students.wits.ac.za,Student,2688828,Bachelor of Science ,Man
825,Simanye ,Mnembe ,simanyemnembe8@gmail.com,Student,2716560,Bachelor of health science honours ,Woman
826,Tshepehile ,Mphuthi ,3159605@students.wits.ac.za,Student,3159605,Bachelor of Commerce ,Woman
827,Phindile ,Monaiwa ,2676359@students.wits.ac.za,Student,2676359,Bachelor of Education ,Woman
828,Dineo,Segale,2563712@students.wits.ac.za,Student,2563712,Bachelor of Education Honours,Woman
829,Lisekho,Jabavu,2662371@students.wits.ac.za,Student,2662371,Bachelor of Science,Man
830,Collen-Mansa,Makua,1041568@students.wits.ac.za,Student,1041568,BA Honours,Man
831,Zandile,Masilela,2663643@students.wits.ac.za,Student,2663643,Bachelor of Education Foundation phase,Woman
832,Tumelo,Mkhize ,2816322@students.wits.ac.za,Student,2816322,Bachelor of Science in Computer Science ,Man
833,Angel,Mokoena ,3175253@students.wits.ac.za,Student,3175253,BA Hons in Development Studies ,Woman
834,Nikiwe ,Mkhonza ,2878969@students.wits.ac.za,Student,2878969,Batchelor of Education ,Woman
835,Tereso ,Mmako ,3002220@students.wits.ac.za,Student,3002220,Bachelor of Health System Sciences ,Woman
836,Maite,Rabapane ,2653622@students.wits.ac.za,Student,2653622,Bcom Accounting ,Woman
837,Khayalethu,Vuma,2980515@students.wits.ac.za,Student,2980515,BSc Computer Science ,Man
838,Lindokuhle ,Dlamini,2809558@students.wits.ac.za,Student,2809558,Bachelor of Education ,Woman
839,Andiswa ,Macinga ,2737285@students.wits.ac.za,Student,2737285,Bachelor of Commerce in Accounting ,Woman
840,Prince,Sibanda,3036801@students.wits.ac.za,Student,3036801,Bachelor of Science,Man
841,Ntombikayise ,Ntisana ,2504475@students.wits.ac.za,Student,2504475,LLB,Woman
842,Katlego ,Phetla ,2678008@students.wits.ac.za,Student,2678008,Bachelor of science ,Woman
843,Ayathandwa,Ziqula,3006776@students.wits.ac.za,Student,3006776,Bachelor of Science,Man
844,Philani ,Mhlungu,2543294@students.wits.ac.za,Student,2543294,Bachelor of Arts (Law Major),Man
845,Unathi,Mashigo,2944192@students.wits.ac.za,Student,2944192,Bachelor of acc sci,Man
846,Onthatile ,Molepo ,2654213@students.wits.ac.za,Student,2654213 ,Bachelor of health science ,Woman
847,Samkelo Ntando ,Gwala ,2899261@students.wits.ac.za,Student,2899261,Bachelor of Science ,Man
848,Selisha Cwenga,Gwabini,2434977@students.wits.ac.za,Student,2434977,Bachelor of Laws,Woman
849,Lehumo Jerry,Mathedimosa,lehumojerry3@icloud.com,Student,2586961,Bachelor of Accounting Sciences,Man
850,Nsovo,Maluleke ,2563434@students.wits.ac.za,Student,2563434 ,Bachelor of Law,Woman
851,Tshiamo,Motloba,2887830@students.wits.ac.za,Student,2887830,Bachelor of Engineering Science,Woman
852,Ahlumile ,Cakata,cakataahlumile@gmail.com,Student,2974089,Bachelor of Accounting Sciences ,Woman
853,Karabo,Monaledi,monaledikarabo88@gmail.com,Student,3062380,Bachelor's degree in Accounting Science ,Woman
854,Maropeng Happy ,Selepe,2832739@students.wits.ac.za,Student,2832739,Bachelor of pharmacy ,Man
855,Onndwela ,Rakhadani ,2994359@students.wits.co.za,Student,2994359,Bachelor of science in Mechanical engineering ,Man
856,Tumiso ,Bahula ,2962143@students.wits.ac.za,Student,2962143,BSc Eng (Chemical),Man
857,Lindokuhle,Zawana,Zawanalindokuhle99@gmail.com,Student,2916031,Bachelor of Education,Man
858,Siphosihle ,Ndabezitha ,2700155@students.wits.ac.za,Student,2700155,BSc Engineering ,Woman
859,Thendo,Nelufhangani ,2998879@students.wits.ac.za,Student,2998879@students.wits.ac.za,Bachelor of science in property studies ,Woman
860,Sharon,Malungana,3118489@students.wits.ac.za,Student,3118489,Bachelor of Education ,Woman
861,Tebogo,Moeng ,2825419@students.wits.ac.za,Student,2825419,Bachelor of Arts ,Woman
862,Given ,Netshivhazwaulu ,2944797@students.wits.ac.za,Student,2944797,BSc Computer Science ,Man
863,Tshilidzi ,Raphalalani ,2693217@students.wits.ac.za,Student,2693217,Bachelor of Science ,Woman
864,Kgothatso ,Phaho ,2965106@students.wits.ac.za,Student,2965106,Bcom accounting ,Woman
865,Mashao,Satekge ,2561625@students.wits.ac.za,Student,2561625,BSc (Electrical) Engineering ,Man
866,Kaylee,Katzke,kayleekatzke05@gmail.com,Student,2866843,BCom Accounting ,Woman
867,Fiona ,Buys,3061108@students.wits.ac.za,Student,3061108,Bachelor of Accounting Science ,Woman
868,Nokwanda ,Ndlovu,2393306@students.wits.ac.za,Student,2393306,Bachelor of Arts,Woman
869,Simngcwalise,Sito,2952784@students.wits.ac.za,Student,2952784,BA LAW,Man
870,Thato,Mphahlele,2939778@students.wits.ac.za,Student,2939778,Bachelor of Accounting Science ,Woman
871,Letago ,Mello,2852299@students.wits.ac.za,Student,2852299,Bachelor of Science in Urban and Regional Planning ,Man
872,Bontle,Mogoje,bontlemogoje5@gmail.com,Student,3014019,Bachelor of science ,Woman
873,Ayanda,Ngobeni,2942851@students.wits.ac.za,Student,2942851,Bsc Mining Engineering,Prefer not to say
874,Jade,Jackson ,2900024@students.wits.ac.za,Student,2900024,Bachelor of Science in Geospatial Science ,Woman
875,Mthokozisi ,Madonsela ,2594735@students.wits.ac.za,Student,2594735,Master of Science in Medicine ,Man
876,Katlego Siboniso ,Bulwana ,2672567@students.wits.ac.za,Student,2672567,Bachelor of science ,Man
877,Angel,Shoba,2876802@students.wits.ac.za,Student,2876802,Bachelor of Nursing ,Woman
878,Christiana ,Amoah Bampo ,2664783@students.wits.ac.za,Student,2664783,Bachelor of Nursing ,Woman
879,Keketso,Makateng ,2696478@students.wits.ac.za,Student,2696478,Bachelor Of Education ,Man
880,Nkosingiphile ,Dlamini,2974625@students.wits.ac.za,Student,2974635,Bachelor of Commerce ,Man
881,Savanna ,Subramoney ,2878938@students.wits.ac.za,Student,2878938,Bachelor of Nursing ,Woman
882,Zandile,Mashaba,zandilemashaba89@gmail.com,Student,2572423,Bachelor of Science - Geology Honours,Woman
883,Kwena ,Sebola ,2459266@students.wits.ac.za,Student,2459266,Bachelor of education ,Man
884,Londeka,Xulu,2940729@students.wits.ac.za,Student,2940729,Bachelor of education ,Woman
885,Zamazizi ,Ntisana ,2660833@students.wits.ac.za,Student,2660833,Bachelor of Arts Honours ,Woman
886,Kholofelo,Mathibela ,2848838@students.wits.ac.za,Student,2848838,Bachelor of Accounting Sciences ,Woman
887,Nqobile ,Tshabalala,2583617@students.wits.ac.za,Student,2583617 ,Bachelor of Science (Engineering) ,Man
888,Nkosikhona Gladness,Mabuza,1972629@students.wits.ac.za,Student,1972629,Hons in Education,Woman
889,Banele Lindani,Sabela,2704483@students.wits.ac.za,Student,2704483,Bachelor of Education,Man
890,Resego,Matshaba,2989704@students.wits.ac.za,Student,2989704,Bachelor of Arts( Law Major),Woman
891,Judith,Mpofu,2899019@students.wits.ac.za,Student,2899019,Bcom Accounting ,Woman
892,Nothando,Myeni,2955363@students.wits.ac.za,Student,2955363,Bachelor of Pharmacy,Woman
893,Sphelele ,Mathonsi,2832945@students.wits.ac.za,Student,2832945,LLB,Non-binary
894,Lesedi,Marema,2764692@students.wits.ac.za,Student,2764692,BSc Geological sciences,Woman
895,Aliyaah,Allie,2917804@students.wits.ac.za,Student,2917804,Bachelor of Arts in psychology ,Woman
896,Siphiwemusa ,Majola,3058477@students.wits.ac.za,Student,3058477,"Bachelor of Science, Metallurgical Engineering ",Man
897,Amanda ,Mlilo,2680568@students.wits.ac.za,Student,2680568,Bachelor of health sciences,Woman
898,Nhlamulo,Mongwe,2558178@students.wits.ac.za,Student,2558178,Bachelor of Science Honours (Geography),Woman
899,Omhle,Zuma,2652324@students.wits.ac.za,Student,2652324,Bsc Chemical Engineering ,Man
900,Lathi-tha Sibahle,Mpetsheni,2870793@students.wits.ac.za,Student,2870793,Bachelor of Science,Woman
901,Njabulo ,Banda,njabulobanda1@students.wits.ac.za,Student,3141545,Bachelor of Education in Senior phase and fet,Woman
902,Oratilwe,Mabelane,2691419@students.wits.ac.za,Student,2691419,ba law,Woman
903,Muneiwa,Themeli,2727664@students.wits.ac.za,Student,2727664,BSc Honours in Quantity Surveying,Woman
904,Relive ,Nkole,2719085@students.wits.ac.za,Student,2719085 ,Bachelor of Medicine and bachelor of Surgery,Woman
905,Lindokuhle,Matiwana,3000558@students.wits.ac.za,Guest,,,Woman
906,Lesego ,Kgarume ,2680299@students.wits.ac.za,Student,2680299,Bachelor of Health Sciences ,Woman
907,Khensani,Khoza,2837771@students.wits.ac.za,Student,2837771,Bachelor of Science,Woman
908,Laone Presley,Mokgalagadi,3023971@students.wits.ac.za,Student,3023971,Bachelor of Science,Man
909,Msawenkosi ,Mbusi,2942433@students.wits.ac.za,Student,2942433,BSc,Man
910,Kabelo ,Phogole,2622087@students.wits.ac.za,Student,2622087,Bachelor of Education,Man
911,Tlhalefo,Khabe,2667594@students.wits.ac.za,Student,2667594,BSc general (Geology),Man
912,Enno,Ottie,2998251@students.wits.ac.za,Student,2998251,Bachelor of Science ,Woman
913,Sibahle,Malanga,2979757@students.wits.ac.za,Student,2979757,Bachelor of Arts in Law and International Relations ,Man
914,Zethembiso ,Ngcobo ,2728021@students.wits.ac.za,Student,2728021,Bachelor of Education ,Man
915,Tsholofelo ,Simango ,2694705@students.wits.ac.za,Student,2694705,Bsc Biological Sciences ,Woman
916,Mpho,Leshega,2621099@students.wits.ac.za,Student,2621099,Bachelor of Education in Honours ,Woman
917,Dineo,Moremi,2691293@students.wits.ac.za,Student,2691292,Bachelor of Education ,Woman
918,Dinakatso,Sirovha,2568303@students.wits.ac.za,Student,2568303,Bachelor of Science ,Woman
919, Nkhensani ,Mapokgole ,2727372@students.wits.ac.za,Student,2727372,Bachelor of Education in Senior and Fet phase Teaching ,Woman
920,Mihle,Nyama,2901712@students.wits.ac.za,Student,2901712,BA Law,Woman
921,Emihle ,Ntsendwana ,2855422@students.wits.ac.za,Student,2855422,Bachelor of Arts ,Woman
922,Lebogang ,Malatjie ,2840668@students.wits.ac.za,Student,2840668,Bachelor of science in mathematics and finance ,Woman
923,Muzi,Bubuluma,2673225@students.wits.ac.za,Student,2673225,Bachelor of Property Studies ,Man
924,Busisiwe,Dyonase,2201055@students.wits.ac.za,Student,2201055,Bachalor of Arts,Woman
925,Lebo ,Poopedi ,2856929@students.wits.ac.za,Student,2856929,Bachelor of Education ,Man
926,Lebogang ,Malatjie ,2840668@students.wits.ac.za,Student,2840668,Bachelor of science in mathematics and finance ,Woman
927,Kopo Mphoentle ,Masibi,3014189@students.wits.ac.za,Student,3014189,Bachelor of Commerce ,Woman
928,Mologadi,Mohubedu,2962978@students.wits.ac.za,Student,2962978,Bachelor of science ,Woman
929,Asibonge Minenhle,Makhoba,2820246@students.ac.za,Student,2820246,Bachelor of Science,Woman
930,Sinengomso,Ndlakuse,2943838@students.wits.ac.za,Student,2943838,Bachelor of Science in Biological Sciences,Woman
931,Lethukuthula,Nhlapo,2567856@students.wits.ac.za,Student,2567856,Postgraduate Diploma in Science in the field of Innovation and Entrepreneurship,Non-binary
932,Refiloe Neo ,Mokokoane ,2917841@students.wits.ac.za,Student,2917841,Bachelor of Arts Law major ,Woman
933,Mandisa ,Magasela ,2598088@students.wits.ac.za,Student,2598088,Bachelor of Education ,Woman
934,Sibongile ,Poli ,2907620@students.wits.ac.za,Student,2907620,Bachelor of Arts,Woman
935,Solomon Junior,Sithole,2753321@students.wits.ac.za,Student,2753321,Bachelor of Sciences,Man
936,Ntombikayise ,Ntisana ,2504475@students.wits.ac.za,Student,2504475,LLB,Woman
937,Sibongile ,Poli ,2907620@students.wits.ac.za,Student,2907620,Bachelor of Arts,Woman
938,Slindile ,Ndovela ,2856947@students.wits.ac.za,Student,2856947,Bachelor of Education ,Woman
939,Refiloe Neo ,Mokokoane ,2917841@students.wits.ac.za,Student,2917841,Bachelor of Arts Law major ,Woman
940,Athi ,Mkhutshwa ,Mkhutshwaathi88@gmail.com,Student,2595687 ,"BCTA, commerce occasional studies ",Woman
941,Amanda,Masondo,amandamasondo123@gmail.com,Student,2812383,Bachelor of Arts in Law,Woman
942,Ayola,Sotyato,sotyatoayola4@gmail.com,Student,3004483,Bachelor of Science ,Woman
943,Xikombelo ,Mathedimosa ,3022114@students.wits.ac.za,Student,3022114,Bachelor of Science ,Woman
944,Lisa,Gebe,2731011@students.wits.ac.za,Student,2731011,Bachelor of Education ,Woman
945,Ryan,Ntambula ,2867359@students.wits.ac.za,Student,2867359,Bachelor of Education ,Man
946,Luna ,Maleho ,kgomotsomarleeo@gmail.com,Student,2730768,BA,Woman
947,Ntokozo ,Zulu,2846044@students.wits.ac.za,Student,2846044@students.wits.ac.za,BA LAW,Woman
948,Emmanuel,Motlhabane ,emmanuel.motlhabane15@gmail.com,Student,2660894,BSc Eng,Man
949,Mpilwenhle ,Ndumo,2971371@students.wits.ac.za,Student,2971371,BHSc in Biomedical Sciences ,Woman
950,Hlumela ,Maqwelane ,2553135@students.wits.ac.za,Student,2553135,Bachelor of Health Science ,Woman
951,Chidi Elijah,Nwakpa ,2713235@students.wits.ac.za,Student,2713235,Doctor of Philosophy in Mathematics ,Man
952,Mulalo ,Mahada,2444550@students.wits.ac.za,Student,2444550,Post graduate diploma in Accountancy,Woman
953,Keotshepile ,Sejamoholo,2705361@students.wits.ac.za,Student,2705361,Bachelor of Science,Man
954,Palesa ,Ndlovu ,3000159@students.wits.ac.za,Student,3000159,Bachelor of Commerce in Accounting ,Woman
955,Tshepiso,Masisi,2799713@students.wits.ac.za,Student,2799713,Bachelor of Arts ,Woman
956,secret ,jiane ,mojalefajiane@gmail.com,Student,2615338,Bsc in chemical Engineering ,Man
957,Boikano ,Monkwe ,2942528@students.wits.ac.za,Student,2942528,Bachelor of Science in Construction ,Woman
958,Qiniso,Khumalo,3011833@wits.students.ac.za,Student,3011833,Ba Law,Woman
959,Michelle ,Ngobeni ,2709978@students.wits.ac.za,Student,2709978,Bachelor of science honours ,Woman
960,Raymond,Gordon,Raymond.Gordon0912@gmail.com,Student,2951979,Bachelor of Science ,Man
961,Vutivi,Maluleke,2982111@students.wits.ac.za,Student,2982111,Bachelor of Accounting Science,Woman
962,Tshepo ,Diutluileng ,2973344@students.wits.ac.za,Student,2973344,Bachelor of Engineering Science,Man
963,Ayanda,Ngcobo,3119765@students.wits.ac.za,Student,3119765,MBBCH,Woman
964,Kwandokuhle,Kampi,2613455@students.wits.ac.za,Student,2613455,Bachelor of Arts in Theatre and Performance ,Man
965,John,Longwe,2551273@students.wits.ac.za,Student,2551273,BSc(Eng) Civil,Man
966,Tlotliso Emily,Nkadimeng,2697470@students.wits.ac.za,Student,2697470,Bachelor of Science-Chemistry with Chemical engineering,Woman
967,Happy ,Mtsweni,2955729@students.wits.ac.za,Student,2955729,Bachelor of science in Chemical Engineering ,Woman
968,Tivekani ,Mnisi,2656403@students.wits.ac.za,Student,2656403,Bachelor of health science ,Woman
969,Linda ,Mohlala ,1656766@students.wits.ac.za,Student,1656766,Bachelor of Pharmacy ,Woman
970,Biyanka ,Mashavani ,2833803@students.wits.ac.za,Student,2833803,Bachelor of Science ,Non-binary
971,Keletso,Maila,2726868@students.wits.ac.za,Student,2726868,Bachelor of Commerce,Woman
972,Singita ,Vukeya ,2719447@students.wits.ac.za,Student,2719447,Bachelor of Social Work ,Woman
973,Bophelo,Setati,2940978@students.wits.ac.za,Student,2940978,Bachelor of Arts,Woman
974,Tiisetso Nhlanhla ,Lukhele ,2738517@students.wits.ac.za,Student,2738517,BCom Accounting ,Man
975,Amogelang,Matjeni,2551868@students.wits.ac.za,Student,2551868,Bachelor of laws ,Man
976,Precious ,Mokale,2681343@students.wits.ac.za,Student,2681343,BSc Eng(Electrical),Woman
977,Rabelani,Mukwevho,1098564@students.wits.ac.za,Student,1098564,Mechanical Eng,Man
978,Nqobile ,Yika ,2717838@students.wits.ac.za,Student,2717838,Bachelor of Accounting Science ,Woman
979,Anethemba ,Zondani ,2863485@students.wits.ac.za,Student,2863485,Bachelor of Arts ,Woman
980,Klaas,Maseogane,maseoganeklaas20@gmail.com,Student,2653953,Bachelor of Commerce Information Systems,Man
981,Ayola,Mangcotywa,ayolamangcotywa@gmail.com,Student,3102536,Bcom accounting ,Woman
982,Ifihanagbara,Olusheye,3055092@students.wits.ac.za,Student,3055092,Masters in AI,Woman
983,Tshiamo,Lepolesa,2661099@students.wits.ac.za,Student,2661099,Bachelors of Law (LLB),Woman
984,Gemma,Marshall,2548284@students.wits.ac.za,Student,2548284,Bachelor of Medicine and Surgery,Woman
985,Kamohelo,Moloi,2725735@students.wits.ac.za,Student,2725734,Bachelor of Education ,Woman
986,Musa,Khumalo,162654@students.ac.za,Student,1624654,Business finance,Woman
987,Mojaki,Nyabela,2751133@students.wits.ac.za,Student,2751133,MSc Epidemiology ,Man
988,Zubenathi Bomvu,Bomvu,2947158@students.wits.ac.za,Student,2947158,Bachelor of commerce in information systems ,Woman
989,Koketso Bridget,Mahlare ,2698425@students.wits.ac.za,Student,2698425,Bachelor of Education,Woman
990,Kubedi Tshuta,Tshuta ,2662901@students.wits.ac.za,Student,2662901,Bcom Accounting ,Man
991,Mokone,Mokone,2997642@students.wits.ac.za,Student,2997742@students.wits.ac.za,Bachelor of Health Sciences,Man
992,Skhombiso ,Mdluli ,2723832@students.wits.ac.za,Student,2723832,Bachelor of Science Honours in Urban and Regional Planning ,Man
993,Olebogeng,Maleka ,3062832@students.wits.ac.za,Student,3062832,BA GENERAL ,Woman
994,Aida Khaulisuano ,Timbe ,2979954@students.wits.ac.za,Student,2979954,Bachelor of Arts,Woman
995,ebuka ,izunobi ,2943836@students.wits.ac.za,Student,2943836,Bachelor of accounting science ,Man
996,Nomkhosi,Meyiwa,2682868@students.wits.ac.za,Student,2682868,Bachelor of Science Honours,Woman
997,Nomkhosi,Meyiwa,2682868@students.wits.ac.za,Student,2682868,Bachelor of Science ,Woman
998,Onke,Nxadi,2941000@students.wits.ac.za,Student,2941000,Bachelor of arts ,Man
999,Zanele ,Hlomuka ,hlomukazanelecatherine@gmail.com,Student,2500654,Bachelor of Education,Woman
1000,Kagiso ,Phetla,2914445@students.wits.ac.za,Student,2914445,Bachelor of Education ,Man
1001,Moses ,Mbatyazwa,818826@students.wits.ac.za,Student,818826,Bachelor of Education in Senior Phase and Further Education and Training,Man
1002,Tshiamo,Molati,Tshiamomolati18@gmail.com,Student,2860695,Bachelor of Education ,Man
1003,Manase,Mabuba,3059368@students.wits.ac.za,Student,3059368,BCom Information Systems,Man
1004,Vuyisanani,Mondli,2458200@students.wits.ac.za,Student,2458200,Master of Science in Medicine,Man
1005,Refileo,Magagula,2969291@students.wits.ac.za,Student,2969291,Bsc OT,Woman
1006,Nikiwe ,Mkhonza ,2878969@students.wits.ac.za,Student,2878969,Batchelor of Education ,Woman
1007,Siphokazi,Shelembe,2825869@stidents.wits.ac.za,Student,2825869,Bachelor of Accounting Science ,Woman
1008,Nkululeko ,Mahlalela ,2867080@students.wits.ac.za,Student,2867080,Bachelor of Science (Chem Eng),Man
1009,esther,ngoie,2947517@students.wits.ac.za,Student,2947517,Bachelor of Health Sciences ,Woman
1010,Sewelanyana ,Rangwato ,2983090@students.wits.ac.za,Student,2983090,Bachelor of Accounting Science,Woman
1011,Mfundo,Ndima,2556202@students.wits.ac.za,Student,2556202,MA in International Relations,Man
1012,Oyama,Dlanga ,3065676@students.wits.ac.za,Student,3065676,BSc Civil Engineering ,Man
1013,Tumelo,Motaung,1925130@students.wits.ac.za,Student,1925130,Journalism,Woman
1014,Noluthando,Ndebele,2688288@students.wits.ac.za,Student,2688288,Bachelor of Science,Woman
1015,Munyaradzi ,Murove,2867150@students.wits.ac.za,Student,2867150,Bsc Mechanical Engineering,Man
1016,Syanda,Binda,2999300@students.wits.ac.za,Student,2999300,Bachelor of Arts in Law,Man
1017,Syanda ,Binda,2999300@students.wits.ac.za,Student,2999300,BA Law,Man
1018,Mpho-Olerato ,Jacobs ,2969580@students.wits.ac.za,Student,2969580,Bachelor of engineering and the built environment ,Woman
1019,Junior,Ntuli,2808804@students.wits.ac.za,Student,2808804,Bac Computer Science,Man
1020,Khatisani,Mongwe ,khatisanimongwe@gmail.com,Guest,,,Woman
1021,Kgetja Bruce ,Mphekgwane,Kbmphekgwane@gmail.com,Guest,,,Man
1022,Anesu ,Majoni,2973116@students.ac.za,Student,2973116,Bachelor of Accounting Science ,Woman
1023,Simphiwe Makgetla,2839335,2839335@students.wits.ac.za,Student,2839335,Bachelor of Science,Man
1024,Karabo Scelo,Ximba,2866716@students.wits.ac.za,Student,2866716,MBBCh,Man
1025,Bakhona ,Mkhize,2840684@students.wits.ac.za,Student,2840684,Bachelor of Medicine and Bachelor of Surgery ,Man
1026,Tiyani,Mashimbye,2846625@students.wits.ac.za,Student,2846625,Bachelor of Medicine and Bachelor of Surgery ,Man
1027,Loyiso,Gxoyina,2843140@students.wits.ac.za,Student,2843140,Bachelor of Medicine and Surgery ,Man
1028,Tidimalo Sindiso,Seete,2759535@students.wits.ac.za,Student,2759535,Bachelor of Education,Man
1029,Sabelo ,Mkhize ,2765021@students.wits.ac.za,Student,2765021 ,Bsc general ,Man
1030,Nhlakanipho,Ngcobo,2683444@students.wits.ac.za,Student,2683444,Bachelor of Science ,Man
1031,Kamogelo,Sebola ,2828258@students.wits.ac.za,Student,2828258,Bachelor of Accounting Science ,Woman
1032,S'phesihle,Shandu,2317212@students.wits.ac.za,Student,2317212,Bachelor of Arts Honours,Woman
1033,Nonjabulo ,Sithole ,2989308@students.wits.ac.za,Student,2989308,Bachalor of Commerce in Accounting ,Woman
1034,Mduduzi ,Khambule ,2813883@students.wits.ac.za,Student,2813883,Bachelor of Medicine and Bachelor of Surgery,Man
1035,Qondani,Mtshare,2999311@students.wits.ac.za,Student,2999311,Bachelor of Arts - Law Major,Man
1036,Siphesihle,Bhande ,3074450@students.wits.ac.za,Student,3074450,Accounting science ,Man
1037,Banele ,Mjali,2684981@students.wits.ac.za,Student,2684981,Bachelor of Science ,Man
1038,Lesedi Moremadi ,Gololo,3068632@students.wits.ac.za,Student,3068632,Bachelor of Accounting Sciences,Woman
1039,Warona ,Tsele ,3151382@students.wits.ac.za,Student,3151382,BSc Engineeing ,Woman
1040,Ofentse ,Molotja,2893919@students.wits.ac.za,Student,2893919 ,Bsc,Man
1041,Menzi,Nkau,mnkau.20@gmail.com,Student,2733993,Bsc in physics ,Man
1042,Thuto,Selesho,2885635@students.wits.ac.za,Student,2885635,Bachelor of Science ,Man
1043,Thuto,Selesho,2885635@students.wits.ac.za,Student,2885635,Bachelor of Science Physics ,Man
1044,Charlie,Maphike,3176126@students.wits.ac.za,Student,3176126,Bachelor of Science ,Man
1045,Kate ,Ratholo ,2720036@students.wits.ac.za,Student,2720036,Bachelor of Education In Intermediate Phase ,Woman
1046,Puledi ,Masipa,2855625@students.wits.ac.za,Student,2855625,Bachelor of Commerce,Woman
1047, Precious Dinalane ,Makola,2702438@students.wits.ac.za,Student,2702438 ,Bachelor of Education ,Woman
1048,Tshiamo ,Modise,2955208@students.wits.ac.za,Student,2955208,Bachelor of Arts (Law Major),Woman
1049,Hlule ,Apleni,2974524@students.wits.ac.za,Student,2974524,Bachelor of Medicine and Bachelor of Surgery ,Woman
1050,Twanano Ntombi,Rikhotso ,ntwananorikhotso05@gmail.com,Student,Twrikjhb025,Diploma in Computer Software Engineering ,Woman
1051,Vuyolwethu ,Wosiyana ,2815188@students.wits.ac.za,Student,2815188,Bachelor of Arts ,Man
1052,Nomfundo ,Fakude ,2945097@students.wits.ac.za,Wits Staff Member,,,Woman
1053,Nokubonga ,Nene,2835836@students.wits.ac.za,Student,2835836,Bachelor of Law,Woman
1054,Lehlogonolo ,Nkadimeng ,3010573@students.wits.ac.za,Student,3010573,Bachelor of education ,Woman
1055,Temogo,Moeng,3008861@students.wits.ac.za,Student,3008861,Bachelor of Arts ,Man
1056,Nosipho ,Mabuza,2999290@students.wits.ac.za,Student,2999290,Bachelor of Education ,Woman
1057,Machele,Sedibane,2927658@students.wits.ac.za,Student,2927658,Honours Marketing,Woman
1058,Sithenkosi Mazana,2940621,2940621@students.wits.ac.za,Student,2940621,Bachelor of Medicine and Bachelor of Surgery,Man
1059,Keabetswe ,Ralefeta ,3009194@students.wits.ac.za,Student,3009194,Bachelor of Arts,Woman
1060,Palesa ,Mofokeng ,3003965@students.wits.ac.za,Student,3003965,Bachelor of Laws ,Woman
1061,Olwethu Austine,Willie,2616208@students.wits.ac.za,Student,2616208,Master of Science,Man
1062,Matladi Eny,Phala,2371970@students.wits.ac.za,Student,2371970,Bsc(Eng) Civil Engineering ,Woman
1063,Precious ,Monyai ,2884706@students.wits.ac.za,Student,2884706,Bachelor of Arts,Woman
1064,Khanya ,Dumisa ,2894516@students.wits.ac.za,Student,2894516,Bachelor of Education ,Woman
1065,Zanele ,Dira,Zaneledira11@gmail.com,Student,1472754,Masters ,Woman
1066,Thato ,Moloi,2966359@students.wits.ac.za,Student,2966359,Bachelor of Accounting Science ,Woman
1067,Mpho ,Murashiwa ,2540206@students.wits.ac.za,Student,2540206,Science,Woman
1068,Mpho,Thobeli,3020237@students.wits.ac.za,Student,3020237,Bachelor of Arts,Woman
1069,Gavaza,Nkuna,2103957@students.wits.ac.za,Student,2103957,Bachelor of Nursing ,Woman
1070,Lisakhanya ,Ndamane ,2978494@students.wits.ac.za,Student,2978494,Bachelor of Education in Senior Phase and FET Teaching ,Woman
1071,Busi,Khaba,2955284@students.ac.za,Student,2955284,Bachelor of Rducation,Woman
1072,Tshiamo ,Mokgosi,2812692@students.wits.ac.za,Student,2812692,Bachelor of Education ,Woman
1073,Brihanna ,Hartnick,2943114@students.wits.ac.za,Student,2943114,Bachelor of Clinical Medical Practice ,Woman
1074,Tabataba ,Monare,2538520@students.wits.ac.za,Student,2538520,Bachelor of Health sciences,Woman
1075,Nomthandazo ,Mkhondo,2853493@students.wits.ac.za,Student,2853493,Bachelor of Accounting Sciences ,Woman
1076,Nthabiseng Ngoanamagedi,Mohlala,871888@students.wits.ac.za,Student,871888,Doctor of philosophy in management,Woman
1077,Alida ,Leshaba,2862854@students.wits.ac.za,Student,2862854,Bachelor of Accounting science ,Woman
1078,Hlalifi,Mabitsela,a0094419@wits.ac.za,Wits Staff Member,,,Man
1079,C'bongakonke ,Ntsele ,2979027@students.wits.ac.za,Student,2979027,Computer Science and Applied Mathematics ,Man
1080,Amkhonze ,Mgogodlana ,2800180@students.wits.ac.za,Student,2800180,Bachelor health science ,Woman
1081,Simbonge,Ntethana,3002557@students.wits.ac.za,Student,3002557,Bachelor of Commerce ,Man
1082,Nyiko,Ngobeni,evansnyiko9@gmail.com,Student,3025819,Bachelor of Education ,Man
1083,Cebisa ,Mngxekeza ,cmngxekeza@gmail.com,Student,1240984,MSc Project Management ,Woman
1084,Satsela,Rapetsoa ,2685318@students.wits.ac.za,Student,2685318,Bachelor of science ,Woman
1085,Siyamthanda ,Mbutse ,2658081@students.wits.ac.za,Student,2658081,Bachelor of Pharmacy ,Woman
1086,Dineo ,Makgwale ,2343640@students.wits.ac.za,Student,2343640,Bachelor of Science in Engineering ,Woman
1087,Nelisiwe ,Sikhonde ,2808739@students.wits.ac.za,Student,2808739,Bachelor of Medicine and Surgery (MBBCh),Woman
1088,Luyolo,Maxham ,Uslmaxham450@gmail.com,Student,2588565,Honours Physics ,Man
1089,Ntia,Letsela,2808201@students.wits.ac.za,Student,2808201,Bachelor of Nursing ,Woman
1090,Ichika,Dada,2947685@students.wits.ac.za,Student,2947685,Bachelor of Health Science ,Prefer not to say
1091,Joshua,Botes,3155540@students.wits.ac.za,Student,3155540,Bachelor of Science,Man
1092,Amahle ,Dyasi,2711308@students.wits.ac.za,Student,2711308,Bachelor of Nursing ,Woman
1093,Cebisa ,Mngxekeza ,cmngxekeza@gmail.com,Student,1240974,MSc,Woman
1094,Kgaogelo,Tloubatla,tloubatlakgaogelo@gmail.com,Student,3094607,Bsc chemical engineering ,Woman
1095,Omphile,Malunga,2807497@students.wits.ac.za,Student,2807497,Bachelor of Nursing,Man
1096,Siyethaba ,Ndimande ,3118766@students.wits.ac.za,Student,3118766,BSc Actuarial Science ,Man
1097,Shibe,Moetji,2673839@students.wits.ac.za,Student,2672839,Bachelor of Science ,Woman
1098,Shenade ,Mchunu ,2839689@students.wits.ac.za,Student,2839689,Bachelor of Medicine & Bachelor of Surgery,Woman
1099,Makatu,Bruno,2348751@students.wits.ac.za,Student,2348751,Master of Engineering (Mechanical Engineering) ,Man
1100,Murangi ,Mutavhatsindi,2667656@students.wits.ac.za,Student,2667656,BSc Honours In Actuarial Science,Man
1101,CEBISA,MNGXEKEZA,cmngxekeza@gmail.com,Student,1240984,MSc in Construction Project Management,Woman
1102,Casey,Mahlangu,2615612@students.wits.ac.za,Student,2615612,Bachelor of Science Honours ,Woman
1103,Zoe ,Mc Kenzie ,2960230@students.wits.ac.za,Student,2960230,Bachelor of Science ,Woman
1104,Dineo,Rabatjie ,3021854@students.wits.ac.za,Student,3021854@students.wits.ac.za,Bachelor of Commerce in Accounting ,Woman
1105,Lorato ,Mokgethi ,mokgethilorato5@gmail.com,Student,2855753,Bachelor of Nursing ,Woman
1106,Mokgaetsi ,Madiba ,mokgaetsimadiba1@gmail.com,Student,3062628,Bachelor of science in actuarial science ,Woman
1107,Goitsemang ,Letebele,2733536@Students.wits.ac.za,Student,2733536,BCom Hons in Insurance and Risk Management ,Man
1108,Ayakha,Khula,2964695@students.wits.ac.za,Student,2964695,Bachelor of Science in Electrical Engineering ,Woman
1109,Princess Karabo,Malesa,2362923@students.wits.ac.za,Student,2362923,B.ed honours in Deaf Education. ,Woman
1110,Happiness ,Tshabalala ,2691898@students.wits.ac.za,Student,2691898,Bachelor of Commerce,Woman
1111,Nokuthula Victoria ,Dube,victoria.dube@yahoo.com,Student,1579402,Civic tech innovation ,Woman
1112, Ntando Mndawe,2328225,2328225@students.wits.ac.za,Student,2328225,BSc Industrial Engineering,Man
1113,Yuraya,Manicum,2803235@students.wits.ac.za,Student,2803235,Bachelor of Medicine and Surgery,Woman
1114,Luzuko,Booi,LuzukoBooi12@gmail.com,Guest,,,Man
1115,Tshiamo ,Kale ,2957813@students.wits.ac.za,Student,2957813 ,Bachelor of Science ,Man
1116,Naledi,Matsomane,2995313@students.wits.ac.za,Student,2995313,Bachelor of Accounting Science ,Woman
1117,Lucky Mosese,Gwenda ,3103577@students.wits.ac.za,Student,3103577,Bachelor of Science,Man
1118,Mahlatse,Hobyane,3093008@students.wits.ac.za,Student,3093008,Bachelor of science ,Man
1119,Katlego,Neels,2970092@students.wits.ac.za,Student,2970092,Bachelor of Accounting science,Man
1120,Buhle,Shabalala ,3029981@students.wits.ac.za,Student,3029981,Bachelor of Arts General,Woman
1121,Hlologelo ,Mokgalapa ,2816139@students.wits.ac.za,Student,2816139, Bachelor of accounting science ,Woman
1122,Senzi,Khowane,senzik888@gmail.com,Guest,,,Woman
1123,Ivy ,Banda,2708852@students.wits.ac.za,Student,2708852,Bachelor of Clinical and Medical Practise,Woman
1124,Nikitha ,Noqhamza,3154530@students.wits.ac.za,Student,3154530,Bachelor of Commerce in Accounting,Woman
1125,Nokuthula,Kabini,Nokuthulakabini26@gmail.com,Student,2940829,Bachelor of Accounting Science,Woman
1126,Mapula ,Mantlhakga,2958463@students.wits.ac.za,Student,2958463,Bachelor of accounting science ,Woman
1127,Kamohelo,Mtimkulu ,2956685@students.wits.ac.za,Student,2956685,Bachelor of Accounting Sciences ,Woman
1128,Amahle ,Cele ,2955044@students.wits.ac.za,Student,2955044,Bachelor of Accounting Science ,Woman
1129,Faith ,Lekhuleni ,3172290@students.wits.ac.za,Student,3172290,BCom in Accounting ,Woman
1130,Kwanda,Mqoboli,2975547@students.wits.ac.za,Student,2975547,Bachelor of Health Sciences ,Prefer not to say
1131,Nelisiwe ,Mbatha,3129617@students.wits.ac.za,Student,3129617,BCom Accounting ,Woman
1132,Kgetha ,Dikgale ,3121492@students.wits.ac.za,Student,3121492,Bsc in Actuarial science ,Man
1133,Nomaphelo,Thamzile,noma.thamzile@icloud.com,Student,2826220,Bachelor of education in foundation phase teaching ,Woman
1134,Mashudu,Mavhila,2827911@students.wits.ac.za,Student,2827911,BSc Computer Science ,Man
1135,Siphosethu ,Mtshali ,3077047@students.wits.ac.za,Student,3077047 ,Bachelor of Science in Actuarial science ,Man
1136,Siyanda,Madlokazi,2488193@students.wits.ac.za,Student,2488193,PDM-BA,Man
1137,Cydney,Buys,2625078@students.wits.ac.za,Student,2625078,Bachelor of Laws,Woman
1138,Uyanda ,Qolo,2855735@students.wits.ac.za,Student,2855735,Bachelor of Science ,Woman
1139,Mary,Ngwenya,2828706@students.wits.ac.za,Student,2828706,BA Law Major,Woman
1140,Tshiamo,Mokonyana ,oratilemokonyana68@gmail.com,Student,2829005,Bachelor of Arts with Law,Woman
1141,Ayandza ,Dlamini,3023402@students.wits.ac.za,Student,3023402,"Bachelor of Arts, majoring in Law",Woman
1142,Katlego ,Mngomezulu,katmgomezulu06@gmail.com,Student,2900618,Bachelor of Arts ,Woman
1143,Adonis ,Ntuli ,adonisbhebhe77@gmail.com,Guest,,,Man
1144,Leboang,Mangoedi,2583355@students.wits.ac.za,Student,2583355,Master of Science ,Man
1145,Lebogang ,Rangwato ,lebogangpearl0@gmail.com,Student,2966136,Bed,Woman
1146,Nkosingiphile ,Khumalo ,2691432@students.wits.ac.za,Student,2691432,Postgraduate Diploma ,Woman
1147,Okani ,Rikhotso ,2680973@students.wits.ac.za,Student,2680973,Bachelor of Economic Science,Woman
1148,Tiisetso,Selema ,2952732@students.wits.ac.za,Student,2952732,BSc Acturial science ,Man
1149,Othandwayo ,Dibela ,2974843@students.wits.ac.za,Student,2974843,Chemical Engineering ,Woman
1150,Nicholas,Basson,3024548@students.wits.ac.za,Student,3024548,Master of Architecture (Prof),Man
1151,Mphatsi Titus,Vilakati,3273738@students.wits.ac.za,Student,3273738,PhD in Education,Man
1152,Watshilidzi ,Mafamba,2954390@students.wits.ac.za,Student,2954390,Bachelor of Education ,Woman
1153,Isaiah ,Khupe ,2872036@students.wits.ac.za,Student,2872036,BSc Mining Engineering ,Man
1154,Ayathandwa,Vikwa,2224751@students.wits.ac.za,Student,2224751,MBBCh,Man
1155,Kutlwano ,Nkogatse ,2961662@students.wits.ac.za,Student,2961662,Bachelor of education ,Woman
1156,Buhlebuzile ,Tshabalala,2968090@students.wits.ac.za,Student,2968090,Bachelor of Laws,Woman
1157,Gabriel ,Mamabolo ,2702947@students.wits.ac.za,Student,2702947,BSc Honours in Urban and Regional Planning ,Man
1158,Tintswalo ,Mbetse ,3070116@students.wits.ac.za,Student,3070116,Bachelor of Arts,Woman
1159,Amukelani ,Mashimbye ,2944156@students.wits.ac.za,Student,2944156,Bachelor of Nursing ,Woman
1160,Oratile ,Lesia,2838594@students.wits.ac.za,Student,2838594,BA-Law,Woman
1161,Nsuku,Mgiba,2816393@students.wits.ac.za,Student,2816393,Bcom Accounting ,Woman
1162,Olwethu,Maseko,2999816@students.wits.ac.za,Student,2999816,Bachelor of accounting science ,Man
1163,Sekgwitsi ,Mokadi,2806584@students.wits.ac.za,Student,2806584,Bachelor of Arts Theatre and Performance ,Man
1164,Kavi ,Naidoo,2953164@students.wits.ac.za,Student,2953164,Bsc Actuarial Science ,Man
1165,Andisiwe ,Ngema ,ngemaandisiwe@gmail.com,Student,3139567,Bachelor of Accounting Science,Woman
1166,Nontando ,Mwelase,3135016@students.wits.ac.za,Student,3135016,Bachelor of Accounting Science ,Woman
1167,Manuel Seipati ,Makafane ,seipzanaldo@gmail.com,Student,755719,Bachelor of Arts,Man
1168,Nkhomi Vallry,Mphekwane,2572561@students.wits.ac.za,Student,2572561,Bachelor of clinical medicine,Woman
1169,Talha,Niazi,2567491@students.wits.ac.za,Student,2567491,MBBCH,Man
1170,Joel,Moyo,2939747@students.wits.ac.za,Student,2939747,BSc in Engineering (Chemical),Man
1171,Dimpho,Matsho ,2685242@students.wits.ac.za,Student,2685242,BHSC Health Systems Sciences ,Woman
1172,Bongani ,Khoza,2965643@students.wits.ac.za,Student,2965643,Bsc Mechanical Engineering ,Man
1173,Modiba ,Rapakgadi ,2686005@students.wits.ac.za,Student,2686005,Bachelor of Education ,Man
1174,Liyema,Fandeso,2487516@students.wits.ac.za,Student,2487516,BSC ENG industrial engineering ,Man
1175,Tshiamo Moses ,Nyatlo,Blu2k6zey@gmail.com,Guest,,,Man
1176,S'bongumusa ,Myeni ,2482494@students.wits.ac.za,Student,2482494,Bachelor of Science ,Man
1177,Vhutshilo Ramosoeu,Ramosoeu,2962073@students.wits.ac.za,Student,2962073,Bachelor of Science ,Man
1178,Phila ,Khumalo,khumaloprk@gmail.com,Student,2955351 ,Bsc(Eng) Aeronautical Engineering ,Man
1179,Thandolwethu,Sibeko,3033955@students.wits.ac.za,Student,3033955,Bachelor of Science ,Woman
1180,Chris ,Mokgope ,2872679@students.wits.ac.za,Student,2872679,Bachelor of Health Sciences ,Man
1181,Eveliny ,Phiri,eveliny.phiri@wits.ac.za,Wits Staff Member,,,Woman
1182,Wiseman ,Chauke ,3187822@students.wits.ac.za,Student,3187822,PGDA ,Man
1183,Nkuthalo ,Yawa ,2817013@students.wits.ac.za,Student,2817013 ,Bachelor Arts in Law,Man
1184,Ndamulelo ,Phalanndwa ,2952950@students.wits.ac.za,Student,2952950 ,Master of Arts,Man
1185,Siyabonga ,Mtshweni ,3080626@students.wits.ac.za,Student,3080626,Bachelor of Commerce ,Man
1186,Tswelopele ,Hlaisa,2971338@students.wits.ac.za,Student,2971338,BA Law,Woman
1187,Malatsi,Moilwe,moilwemalatsi@gmail.com,Guest,,,Man
1188,Anele,Mavundla ,2984573@students.wits.ac.za,Student,2984573,Bachelor of Accounting Science ,Woman
1189,Messiah ,Molete ,3129050@students.wits.ac.za,Student,3129050 ,Bachelor of Engineering (Mining) ,Woman
1190,Langwana,Shilubane,2907376@students.wits.ac.za,Student,2907376,Bachelor of Arts ,Man
1191,Zinhle ,Mbatha ,2686147@students.wits.ac.za,Student,2686147,LLB,Woman
1192,Katlego,Mapea,katlegomapea2510@gmail.com,Student,3147695,Bachelor of Accounting Sciences,Woman
1193,Joaquina,Kana,2943934@student.wits.ac.za,Student,2943934,Bachelor of Science ,Woman
1194,Karabo,Dlamini,3036364@students.wits.ac.za,Student,3036364,Bachelor of Commerce in Accounting ,Man
1195,Oratilwe,Moraka,2946226@students.wits.ac.za,Student,2946226,Bachelor of engineering,Man
1196,Fatima Zahraa,Bham,2461259@students.wits.ac.za,Student,2461259,Engineering in Digital Arts ,Woman
1197,Zakithi ,Morapeli ,zaluvuno@gmail.com,Student,3142712,PDBA,Woman
1198,Blessing,Mubvafhi,3085155@students.wits.ac.za,Student,3085155,Bachelor of science in computer science ,Man
1199,Thapelo  ,Sekgaile ,2700132@students.wits.ac.za,Student,2709352,Bachelor of Science ,Woman
1200,Orediretse ,Sekgaile ,2709352@students.wits.ac.za,Student,2709352,Bachelor of Science ,Man
1201,Ayabonga,Mpangase,2808628@students.wits.ac.za,Student,2808628,Bachelor of Commerce (Accounting) ,Woman
1202,Mpho,Moloi,2710449@students.wits.ac.za,Student,2710449,Bachelor of Science ,Man
1203,Tsebe Edward,Makabane,2854541@students.wits.ac.za,Student,2854541,Bachelor of Science ,Man
1204,Moraba,Sekatane ,2273557@students.wits.ac.za,Student,2273557,Doctor of Philosophy ,Woman
1205,Neo ,Thekisho ,neothekisho18@gmail.com,Student,3136908,S,Man
1206,Mahlogonolo ,Morena ,2111745@students.wits.ac.za,Student,2111745,Bachelor of Science ,Woman
1207,Panashe,Gomo,gomopanashe2005@gmail.com,Student,2849715,Bachelor of Medicine and Bachelor of Surgery ,Woman
1208,Samkelisiwe ,Mdladla ,2860137@students.wits.ac.za,Student,2860137,Bachelor of Arts (Law Major),Woman
1209,Londeka ,Ntombela ,2858682@students.wits.ac.za,Student,2858682,BA Law ,Woman
1210,Lathi-Thaa,Rode,lathithaarode@gmail.com,Student,2956251,Bachelor of Arts in Law,Woman
1211,Clara ,Sakaita ,2667003@students.wits.ac.za,Student,2667003 ,Postgraduate Certificate in Education ,Woman
1212,Natasha Langiwe ,Mwanza,2672018@students.wits.ac.za,Student,2672018,BCom General Insurance and risk management and Corporate finance and investments ,Woman
1213,Ashley ,Thembe ,2967174@students.wits.ac.za,Student,2967174,Bachelor of Pharmacy ,Woman
1214,Wandile,Gumede,2955133@students.wits.ac.za,Student,2955133,Bachelor of Science ,Man
1215,Lethabo,Mohaladi,2966196@students.wits.ac.za,Student,2966196,Bachelor of Arts (Law Major),Man
1216,Ofentse,Raad,2960382@students.wits.ac.za,Student,2960382 ,Bachelor Of accounting science,Woman
1217,Elora Onyedikachi,Nwamkpa,3063189@students.wits.ac.za,Student,3063189,BA Psychology,Woman
1218,Asanda,Bhengu,3030914@students.wits.ac.za,Student,3030914,Bachelor of Education ,Woman
1219,Refentse,Manamela,2835966@students.wits.ac.za,Student,2835966,Bachelor of Science ,Man
1220,Busisiwe ,Mahlangu ,2701134@students.wits.ac.za,Student,2701134 ,Bachelor of Nursing ,Woman
1221,Makoko,Mamabolo ,2672693@students.wits.ac.za,Student,2672693,Bachelor of Education ,Woman
1222,Sibahle ,Malanga,2979757@students.wits.ac.za,Student,2979757,Bachelor of Arts in Law and International Relations ,Man
1223,Tshepo,Moroka ,2961923@students.wits.ac.za,Student,2961293,BSc Property studies ,Man
1224,Mokgatsana ,Phaladi ,2626284@students.wits.ac.za,Student,2626284,Bachelor of Education ,Woman
1225,Mokgatsana ,Phaladi ,2626284@students.wits.ac.za,Student,2626284,Bachelor of Education ,Woman
1226,Freddy ,Marumo,freddymarumo3@gmail.com,Student,2840582,Bachelor of Science,Man
1227,Poelano ,Khotseng ,3155830@students.wits.ac.za,Student,3155830,Batchelor of Education ,Man
1228,Carol ,Kewana,2955913@students.wits.ac.za,Student,2955913,Bachelor of Arts ,Woman
1229,Ngamkele ,Mngomezulu,2799013@students.wits.ac.za,Student,2799013,Bachelor of Arts (Law Major),Woman
1230,Phomelelo ,Kgaphola,phomelelokg@gmail.com,Student,2553555,BSc in Construction Studies ,Woman
1231,Phomelelo ,Kgaphola ,phomelelokg@gmail.com,Student,2553555,BSc in Construction Studies ,Woman
1232,Mathapelo ,Monatisa ,3000384@students.wits.ac.za,Student,3000384,Bachelor of Laws (LLB),Woman
1233,Ntando ,Phakathi ,2945014@students.wits.ac.za,Student,2953014,Bachelor of Education ,Woman
1234,Ntando ,Phakathi ,2953014@students.wits.ac.za,Student,2953014,Bachelor of Education ,Woman
1235,Botlhale,Nkuna,2940257@students.wits.ac.za,Student,2940257,BSc Geospatial Sciences,Woman
1236,Emihle Mkile,Mkile,2842839@students.wits.ac.za,Student,2842839,Mining Engineering,Man
1237,Dineo,Ngubo,2840807@students.wits.ac.za,Student,2840807,Bachelor of Audiology,Woman
1238,Olwam ,Bedeni ,olwambedeni@gmail.com,Student,3085343,Honours in education ,Woman
1239,Wanga,Mahashe ,murangimahashe43@gmail.com,Student,2962938 ,Bachelor of science ,Woman
1240,Owami,Vilakazi ,3020434@students.wits.ac.za,Student,3020434,Bachelor of Arts,Woman
1241,Tshegofatso ,Motale ,tshegomotale123@icloud.com,Student,2942875,Bachelor of Education ,Man
1242,Neo,Motebele,2657705@students.wits.ac.za,Student,2657705,Bachelor of Pharmacy,Woman
1243,Khwezi Langelihle ,Kubheka ,2869945@students.wits.ac.za,Student,2869945,BSc Occupational Therapy ,Woman
1244,Emmanuel,Ndabezitha,emmanuel.ndabezitha14@wits.ac.za,Wits Staff Member,,,Man
1245,Lesego ,Matiba ,2193661@students.wits.ac.za,Student,2193661,Postgraduate Certificate in Education ,Woman
1246,Lebohang ,Tladi,3013487@students.wits.ac.za,Student,3013487,Humanities BEd,Man
1247,Montle,Mandonsela,2573605@students.wits.ac.za,Guest,,,Woman
1248,Itumeleng,Mkhabela,mkhabelaitumeleng11@gmail.com,Student,3096597,Bachelor of Science,Woman
1249,Itumeleng,Mkhabela,mkhabelaitumeleng11@gmail.com,Student,3096597,Bachelor of Science,Woman
1250,Thobekile ,Mndawe,2836329@students.wits.ac.za,Student,2836329,Bachelor of Education in Senior Phase and FET Teaching.,Woman
1251,Siphokazi ,Nhleko,2715640@students.wits.ac.za,Student,2715640,Bachelor of Pharmacy ,Woman
1252,Mamello Zanele ,Thabethe ,2948084@students.wits.ac.za,Student,2948084,Bachelor of clinical medical practice (BCMP),Woman
1253,Boitumelo ,Mofokeng ,3135451@students.wits.ac.za,Student,3135451,Bachelor of Arts,Woman
1254,Lerato,Dhlamini,2840743@students.wits.ac.za,Student,2840743,Bachelor of Commerce in Accounting,Woman
1255,Thapelo ,Ledwaba ,2700132@students.wits.ac.za,Student,2700132,Bsc Honours Quantity Surveying ,Woman
1256,Themba,Gaba,gabathemba4@gmail.com,Student,2737499,Bachelor of Education,Man
1257,Babalwa ,Zikhali ,3012944@students.wits.ac.za,Student,3012944,Bachelor of Arts(Law Major),Woman
1258,Vuyisanani,Mondli,2458200@students.wits.ac.za,Student,2458200,Master of Science in Medicine,Man
1259,Antonia ,Mokwana ,2628377@students.wits.ac.za,Student,2628377,Bsc in mining Engineering ,Man
1260,Leeto Maureen,Mathabatha ,3017616@students.wits.ac.za,Student,3017616,Bachelor of Education ,Woman
1261,Phemelo,Mmowa,2840342@students.wits.ac.za,Student,2840342,Bcom Accounting ,Man
1262,Nqabakazi ,Ngqola ,1072494@students.wits.ac.za,Student,1072494,PGCE ,Woman
1263,Thembakazi ,Mhlanga ,2698950@students.wits.ac.za,Student,2698950,BSc Property Studies,Woman
1264,Lungelo ,Mthembu ,2719738@students.wits.ac.za,Student,2719738,Bachelor of Accounting Science ,Man
1265,Thabiso ,Mankge,2614235@students.wits.ac.za,Student,2614235,Bachelor of Education in Senior Phase & FET Teaching ,Man
1266,Thokozani ,Mdamba ,3009478@students.wits.ac.za,Student,3009478,Bachelor of Science,Woman
1267,Kelebogile ,Molelekeng ,2694687@students.wits.ac.za,Student,2694687,Medicine Occasional (UG),Woman
1268,Tshimangadzo,Sigoba,2889649@students.wits.ac.za,Student,2889649,Bachelor of Arts,Man
1269,Siya,Hlongwa,siyarchitect@gmail.com,Guest Speaker,,,Non-binary
1270,Kwakho ,Mkalali,2875716@students.wits.ac.za,Student,2875716,bsc construction studies ,Man
1271,Janet,Gyeke-Darko ,2844363@students.wits.ac.za,Student,2844363,Bachelor of Accounting Science ,Woman
1272,Gomolemo ,Sello,3081606@students.wits.ac.za,Student,3081606,BCom PPE,Man
1273,Nomfundo kubenokuthula ,Fakude ,2945097@studwnts.wits.ac.za,Wits Staff Member,,,Woman
1274,Azania ,Nxumalo ,3125506@students.wits.ac.za,Student,0866039680,Film and Television ,Woman
1275,Litha,Nojiwa,3087545@students.wits.co.za,Student,3087544,Bachelor of Arts,Woman
1276,Olebogeng ,Maleka ,3062832@students.wits.ac.za,Student,3062832,BA GENERAL,Woman
1277,Fhatuwani ,Nenzhelele ,2581266@students.wits.ac.za,Student,2581266,Bpharm ,Man
1278,Maria,Banda,2975990@students.wits.ac.za,Student,2975990,Bachelor of Science ,Woman
1279,Mukundi ,Madzaga ,2585866@students.wits.ac.za,Student,2585866,Bsc(Hons) in Computational and Applied Mathematics ,Man
1280,Karabo,Monaledi ,3062380@students.wits.ac.za,Student,3062380,Bachelor's degree in Accounting Science ,Woman
1281,Phimihlali,Kondile,2540885@students.wits.ac.za,Student,2540885,Postgraduate Diploma in Accounting ,Woman
1282,Nelisiwe ,Mbatha,3129617@students.wits.ac.za,Student,3129617,BCom Accounting ,Woman
1283,Joseph Thabo,Leshika,2842123@students.wits.ac.za,Student,2842123,Bachelor of Education,Man
1284,Beata ,Wessie,2716558@students.wits.ac.za,Student,2716558,BA Theatre and Performance,Woman
1285,Morgan,Engelbrecht ,2061991@students.ac.wits.za,Student,2061991,Science gemp ,Woman
1286,Dumolwakhe,Mayeza ,2669900@students.wits.ac.za,Student,2669900,Bachelor of Science in Property Studies,Man
1287,Lwandile ,Phungula ,3015370@students.wits.ac.za,Student,3015370,B.A,Man
1288,Lesedi ,Ngwenyama ,2871411@students.wits.ac.za,Student,2871411,Bachelor of Education in Foundation Phase Teaching ,Woman
1289,Rhulani ,Makhubele ,2968999@students.wits.ac.za,Student,2968999,Bachelor of Education ,Woman
1290,Keabetsoe ,Molefe,2559376@students.wits.ac.za,Student,2559376,Bachelor of Accounting Science ,Woman
1291,Mpumelelo ,Mnisi,2841343@students.wits.ac.za,Student,2841343,Bachelor of Clinical Medical Practice ,Woman
1292,Akanya,Ntanda,2550607@students.wits.ac.za,Student,2550607,Bachelor of Arts,Woman
1293,Tyrique ,Pillay,2653949@students.wits.ac.za,Student,2653949,Bachelor of Medicine and Surgery ,Man
1294,Owetu ,Magadla ,2741424@students.wits.ac.za,Student,2741424,Bachelor of Science ,Woman
1295,Vumbhoni Kurisani ,Khoza ,2696121@students.wits.ac.za,Student,2696121,LLB ,Woman
1296,Ayandza,Dlamini ,3023402@students.wits.ac.za,Student,3023402,"Bachelor of Arts, Law major ",Woman
1297,Rivoningo ,Kubayi ,2679900@students.wits.ac.za,Student,2679900,Bachelor of Education in Senior Phase and FET,Man
1298,Oratile,Hamese,2815131@students.wits.ac.za,Student,2815131,Bachelor of Arts Fine Arts,Woman
1299,Lesedi Moremadi,Gololo,3068632@students.wits.ac.za,Student,3068632,Bachelor of Accounting Sciences ,Woman
1300,Owethu,Biyela ,3126768@students.wits.ac.za,Student,3126768,BA LAW,Prefer not to say
1301,Nomakule ,Ntuli,2546935@students.wits.ac.za,Student,2546935,Bachelor of education,Woman
1302,Keneilwe ,Mabena ,2693153@students.wits.ac.za,Student,2693153,Honours in Public Health,Woman
1303,Nomonde ,Myeka,2560888@wits.students.ac.za,Student,2560888,MSc Epidemiology ,Woman
1304,Neo,Matuka ,2719906@students.wits.ac.za,Student,2719906,BHSc Biomedical Sciences ,Woman
1305,Lindelwa,Bhengu,2467311@students.wits.ac.za,Student,2467311,MSc Epidemiology( Implementation Science),Woman
1306,Munashe,Ndou,2686320@students.wits.ac.za,Student,2686320,Bachelor of Pharmacy,Man
1307,Amukelani ,Mbambo,3124608@students.wits.ac.za,Student,3124608,Bachelor of Accounting Science ,Woman
1308,Akhisa,Magula,3136583@students.wits.ac.za,Student,3136583,Bachelor of Science ,Woman
1309,Nomakhosi,Dube,2575366@students.wits.ac.za,Student,2575366,BSc honours Construction Management ,Woman
1310,Sinovuyo ,Mbaba ,2855246@students.wits.ac.za,Student,2855246,Bachelor of Accounting Science ,Woman
1311,Molebogeng ,Bogopane ,2282308@students.wits.ac.za,Student,2282308,Honours Environmental Studies,Man
1312,Lwando ,Njani ,2892305@students.wits.ac.za,Student,2892305,Bachelor of Commerce ,Woman
1313,Zuko,Bangela,Zuko.bangela@icloud.com,Student,2351205,MCom Fintech,Man
1314,simbulele ,lujiva,2539022@students.wits.ac.za,Student,2539022,MSc in Environmental Science ,Man
1315,Mthobisi,Zitha,1605535@students.wits.ac.za,Student,1605535,MSc,Man
1316,Busiswa ,Zweni,2583346@students.wits.ac.za,Student,2583346,Bachelor of Education ,Woman
1317,Simphiwe ,Mntungwa ,simphiwembulazi3@gmail.com,Guest,,,Man
1318,Odwa ,Yamile ,2593714@students.wits.ac.za,Student,2593714,Postgraduate diploma in data science ,Man
1319,Unathi ,Mabaso ,unathikh@gmail.com,Student,2712548,BA Gen ,Woman
1320,Vuyo ,Xelisilo ,xelisilovuyo@gmail.com,Student,3004102,BSc Computer Science ,Man
1321,Laura ,Malatji ,2614833@students.wits.ac.za,Student,2614833,Bachelor of law ,Woman
1322,OWETHU,BIYELA,3126768@students.wits.ac.za,Student,3126768,BA (Law Major),Non-binary
1323,Sinothando ,Mpoyiya ,2973883@students.wits.ac.za,Student,2973883,Bachelor of Law ,Woman
1324,Likho ,Mathole ,2944498@students.wits.ac.za,Student,2944498,Bachelor of Commerce with Law ,Man
1325,Onkaetse,Morekhure,onkaetsemorekhure1@gmail.com,Student,2809375,Bachelor of Accounting sciences,Man
1326,Oyintando,Dubula,2589275@students.wits.ac.za,Student,2589275,Bachelor of Education,Man
1327,Thandazo ,Ngwevungwevu,2858620@students.wits.ac.za,Student,2858620,BSc in Construction Studies,Woman
1328,Amahle,Ngcotsha,2595868@students.wits.ac.za,Student,2595868,Bsc in mechanical engineering ,Woman
1329,Katlego,Rathebe ,3079165@students.wits.ac.za,Student,3079165,Bachelor of Science in Computer Sciences,Woman
1330,Ofentse,Sekoto,2940898@students.wits.ac.za,Student,2940898,Bachelor of Arts,Woman
1331,Linam,Higa,lkhiga4@gmail.com,Student,2863761,Bachelor of Science ,Man
1332,Lusanda,Nongogo,1370438@students.wits.ac.za,Student,1370438,MCom FinTech,Woman
1333,Lonwabo ,Gqweta ,3002842@students.wits.ac.za,Student,3002842,Bachelor of Arts,Woman
1334,Obonayo ,Rusi,3113332@students.wits.ac.za,Student,3113332,Bachelor Of Commerce in Information Systems ,Woman
1335,Tebogo,Nchocho ,2824411@students.wits.ac.za,Student,2824411,MBBCh,Man
1336,Tshwarelo ,Motloutsi ,3145033@students.wits.ac.za,Student,3145033,Bachelor of commerce in Accounting ,Woman
1337,Lumkile,Gobo,Gobolumkile@gmail.com,Student,3103622,Bachelor of commerce,Man
1338,Paula,Mabelebele,paulamabelebele9@gmail.com,Student,2966564,Bachelor of Science in Computer Science ,Woman
1339,Andile ,Mbatha ,2943137@students.wits.ac.za,Student,2943137,Bachelor of Science ,Man
1340,Ntethelelo ,Nhleko ,3022149@students.wits.ac.za,Student,3022149,Bachelor of Education ,Man
1341,Dana,Zorkot,ranazorkot@gmail.com,Student,2875822,Bachelor of Oral Health Sciences ,Woman
1342,Alumanye ,Mnyamana ,2994940@students.wits.ac.za,Student,2994940,Bachelor of Accounting Science ,Woman
1343,Ntokozo,Radebe,2970579@students.wits.ac.za,Student,2970579,Bcom Accounting ,Woman
1344,Sabelo ,Zulu ,2714764@students.wits.ac.za,Student,2714764,Bhsc physiotherapy ,Man
1345,mila,langeni,2767831@students.wits.ac.za,Student,2767831,Bachelor of Accounting science,Woman
1346,Khayelihle,Mbali,2452947@students.wits.ac.za,Student,2452947,Bachelor of Science ,Woman
1347,Anathi,Mntuyedwa,2738954@students.wits.co.za,Student,2738954,Bachelor of education ,Woman
1348,Kukhanya ,Bata ,3036960@students.wits.ac.za,Student,3036960,LLB,Woman
1349,Mahosi,Mahlangu,2693369@students.wits.ac.za,Student,2693369,Bachelor of Science,Man
1350,Senzeni ,Nxasane ,senzeninxasane37@gmail.com,Student,2689889,Bachelor of Science ,Woman
1351,Tumelo,Mofokeng,2461448@students.wits.ac.za,Student,2461448,Bachelor of Medicine and Bachelor of Surgery,Man
1352,Bokamoso ,Mapela,2945677@students.wits.ac.za,Student,2945677,Bachelor of Laws (LLB),Man
1353,Rorisang,Radebe,2939509@students.wits.ac.za,Student,2939509,Bachelor of Accounting Sciences,Man
1354,Ahlumile Cakata,2974089,2974089@students.wits.ac.za,Student,2974089,Bachelor of Accounting Sciences ,Woman
1355,Tiro,Mokgothu,2620197@students.wits.ac.za,Student,2620197,Bachelor of Laws,Woman
1356,Mukele Lisa ,Shipalana,shipalanalisa30@gmail.com,Student,2996938,Bachelor of Accounting Science ,Woman
1357,Vuyelwa,Masebe,vuyelwamasebe095@gmail.com,Student,3161512, Bachelor of Social Wt,Woman
1358,Lilitha,Zayo,zayolilitha@gmail.com,Student,2942595,"Humanities, B.Ed",Woman
1359,Ushney ,Ubisi,2672959@students.wits.ac.za,Student,2672959,Bachelor of Social Work ,Woman
1360,Cwaita,Bana,3007790@students.wits.ac.za,Student,3007790,Bachelor of Arts Law Major ,Woman
1361,Anele,Pheza,2628401@students.wits.ac.za,Student,2628401,BSc Honours in Geology,Woman
1362,Kayla,Simango,kayla.simango@gmail.com,Student,2654034,BA Law with Psychology ,Woman
1363,Iviwe,Zweni,2877804@students.wits.ac.za,Student,2877804,Bachelor of Education ,Woman
1364,Kefilwe,Phala,1101907@students.wits.ac.za,Student,1101907,Masters of management ,Woman
1365,Njabulo,Sibeko,njabulosibeko55@gmail.com,Student,3068439,Bachelor of science chemistry with chemical engineering,Man
1366,Ntwanano Sobhnah,Ntimani ,2907296@students.wits.ac.za,Student,2907296,Bachelor of Commerce,Woman
1367,Kuhle,Mali,2947658@students.wits.ac.za,Student,2947658,Bachelor of Science in Mechanical Engineering ,Woman
1368,Kamogelo,Raholane,3054036@students.wits.ac.za,Student,3054036,Bachelor of Arts ,Woman
1369,Mario ,Mayisela ,2997744@students.wits.ac.za,Student,2997744,Bachelor of science ,Man
1370,Kutloano,Mphanya,2823868@students.wits.ac.za,Student,2823868,Bachelor of Science in Engineering,Man
1371,Ibram ,Chilufya,ibramchilufya@gmail.com,Student,2552005,Bachelor of Science ,Man
1372,Tiny,Ngobeni ,1571888@students.wits.ac.za,Student,1571888,MSc Chemical Engineering ,Woman
1373,Rebaone ,Moepeng ,moepengrebaone58@gmail.com,Student,3066978,Bachelor of Accounting Sciences ,Man
1374,Laura ,Malatji ,2614833@students.wits.ac.za,Student,2614833,Bachelor of law ,Woman
1375,Kabelo,Rachuene,kabelorachuene09@icloud.com,Guest,,,Man
1376,Meriam ,Monyela,2848296@students.wits.ac.za,Student,2848296,Bachelor of Science in Physiotherapy ,Woman
1377,Tebogo,Dlamini,3080449@students.wits.ac.za,Student,3080449,Bachelor of architectural studies,Man
1378,Kganya ,Ramakau ,2675612@students.wits.ac.za,Student,2675612,Bcom Accounting ,Woman
1379,Dimpho ,Morifi ,2826032@students.wits.ac.za,Student,2826032,Bachelor of Education ,Woman
1380,Ngalava ,Mabasa,2853967@students.wits.ac.za,Student,2853967,Bsc Chemical Engineering ,Woman
1381,Amogelang ,Chokoe ,2432646@students.wits.ac.za,Student,2432646,BSc Physiotherapy ,Woman
1382,Khazimla,Tonisi,2602183@students.wits.ac.za,Student,2602183,BSC in Civil engineering ,Woman
1383,Dzunisa,Chauke,2853404@students.wits.ac.za,Student,2853404,Accounting science ,Man
1384,Yongama ,Ntloko,2671127@students.wits.ac.za,Student,2671127,Bachelor of Arts in Digital Arts,Man
1385,Moyahabo ,Masenya ,2330450@students.ac.za,Student,2330460,Master of Science Molecular and Cell Biology ,Woman
1386,Alulutho ,Mabongo ,1500222@students.wits.ac.za,Student,1500222,Bachelor of Science ,Man
1387,Lebogang,Malatjie ,2840668@students.wits.ac.za,Student,2840668,Bachelor of science in mathematics and finance ,Woman
1388,Botlhale ,Nkuna ,2940257@students.wits.ac.za,Student,2940257,BSc Geospatial Sciences ,Woman
1389,Liyema ,Manaka,2818841@students.wits.ac.za,Student,2818841,Bachelor of Arts,Woman
1390,Nirvana,Ramparsad,3013782@students.wits.ac.za,Student,3013782,Master of Management in Digital business ,Woman
1391,Ndumiso ,Mnguni ,3116787@students.wits.ac.za,Student,3116787,Bachelor of Accounting science ,Man
1392,Nkamogeleng ,Mafalo,2682767@students.wits.ac.za,Student,2682767,Bachelor of Science in Mechanical Engineering,Woman
1393,Neo,Malape,2974777@students.wits.ac.za,Student,2974777,BSc in Urban and Regional Planning ,Man
1394,Khanyisa,Sibitane,2879716@students.wits.ac.za,Student,2879716,BA International Relations and Psychology,Woman
1395,Faith ,Kodibona,2963733@students.wits.ac.za,Student,2963733,MBBCh,Woman
1396,Donald,Mkhwanazi ,Mkhwanazi@nationaldialogue.co.za,Guest,,,Man
1397,Thapelo ,Amad,LesegoMas@joburg.org.za,Guest Speaker,,,Man
1398,Lesego,Masina ,LesegoMas@joburg.org.za,Guest,,,Woman
1399,Mpilo,Mnguni,3087788@students.wits.ac.za,Student,3087788,Bcom Accounting ,Man
1400,Zwoitwaho ,Tshivhunga ,2835813@students.wits.ac.za,Student,2835813,Bachelor of Nursing ,Woman
1401,Matshego ,Maganyele ,maganyelematshego@gmail.com,Guest,,,Woman
1402,Aluwani ,Masakona ,2819801@students.wits.ac.za,Student,2819801,Bachelor of Social Work ,Woman
1403,Vuyokazi,Mgcineni,Korivp@gmail.com,Guest,,,Woman
1404,Mpho ,Gegana,1257041@students.wits.ac.za,Student,1257041,PhD in Geography,Man
1405,Oratile ,Wambi ,wambioratile@gmail.com,Student,2839933,Bachelor of Science ,Woman
1406,Baxolile ,Mbobo,2759596@students.wits.ac.za,Student,2759596,Bsc Construction studies ,Man
1407,Alizwa,Qhusheka,2691766@students.wits.ac.za,Student,2691766,Bachelor of Science,Woman
1408,Amir ,Abouelrous ,amirmabouelrous@gmail.com,Guest,,,Man
1409,Engelbrecht,Mangere,3121278@students.wits.ac.za,Student,3121278,Bachelor of Science in Electrical Engineering,Man
1410,Thuto,Selesho ,2885635@students.wits.ac.za,Student,2885635,BSc in Physics ,Man
1411,Sinazo ,Magopheni ,2711595@students.wits.ac.za,Student,2711595,Bachelor of Science ,Woman
1412,Selaelo ,Mokgotho,2805253@students.wits.ac.za,Student,2805253,Bachelor of science ,Woman
1413,Celimpilo,Mahlalela ,rowencel0@gmail.com,Student,2720025,Bachelor of Science,Man
1414,Amir ,Abouelrous ,amirmabouelrous@gmail.com,Guest,,,Man
1415,Vanessa Mpho,Matlala,1668712@students.wits.ac.za,Student,1668712,M Ed,Woman
1416,Palesa ,Seganye,1573774@students.wits.ac.za,Student,1573774,Master of Science,Woman
1417,Phampha,Ramodike,2430326@students.wits.ac.za,Student,2420326,Bachelor of Medicine and Surgery,Man
1418,Sphiwe,Fana,phiwefana24@gmail.com,Student,2540004,BSc in Construction Studies ,Woman
1419,Kwazikwenkosi ,Gumede,2581228@students.wits.ac.za,Student,2581228,Bachelor of medicine and bachelor of surgery (MBBCh),Woman
1420,Nhlalonhle ,Ndlovu,2809276@students.wits.ac.za,Student,2809276,MBBCh,Woman
1421,Zusambese ,Mathiso ,2850915@students.wits.ac.za,Student,2850915,B Clinical Medical Practice ,Woman
1422,Londeka,Nkomo,2541496@students.wits.ac.za,Student,2541496,Bachelor of Education ,Woman
1423,Brain ,Makofane ,2560188@students.wits.ac.za,Student,2560188,Bachelor of honors education ,Man
1424,Mokone,Mokone,2997642@students.wits.ac.za,Student,2997642,Bachelor of Health Sciences,Man
1425,Sibusiso ,Dube,2576278@students.wits.ac.za,Student,2576278,Medicine ,Man
1426,Othandwayo ,Dibela ,2974843@students.wits.ac.za,Student,2974843,Bachelor of Sciences in  Chemical engineering ,Woman
1427,Boitlamo,Matsunyane ,2657669@students.wits.ac.za,Student,2657669,Bachelor of Accounting Science,Man
1428,Lwandile ,Phungula ,3015370@students.wits.ac.za,Student,3015370,Bachelor of arts ,Man
1429,Realeboga ,Komme,2945487@students.wits.ac.za,Student,2945487,Bachelor of Science ( Property Studies),Woman
1430,Khanyisile ,Mkhaliphi ,2997779@students.wits.ac.za,Student,2997779,BA law ,Woman
1431,Silindokuhle ,Mayekisa,2972422@students.wits.ac.za,Student,2972422,Bachelor of Nursing ,Woman
1432,Alizwa ,Mamkeli ,3131259@students.wits.ac.za,Student,3131259,Bachelor of Arts ,Woman
1433,Yolisa ,Gedezana ,3024933@students.wits.ac.za,Student,3024933,Bachelor of Science ,Woman
1434,Alusizo ,Nkosi ,3124484@students.wits.ac.za,Student,3124484,BEngSc in Digital Arts ,Woman
1435,Blessing,Mubvafhi,3085155@students.wits.ac.za,Student,3085155,Bachelor of Science,Man
1436,Letang,Mokomane,3060851@students.ac.za,Student,3060851,BSc Mining Engineering ,Woman
1437,Anelisa,Cele,3129994@students.wits.ac.za,Student,3129994,Bachelor of Arts,Woman
1438,Orifha ,Netsianda ,orifhanetsianda8@gmail.com,Student,2572358,Bachelor of According sciences,Woman
1439,Engetelo ,Makhubele,3069877@students.wits.ac.za,Student,3069877,Bachelor of Science in biology ,Woman
1440,Frank,Quisselo,3085433@students.wits.ac.za,Student,3085433,Bachelor of Arts (Law Major),Non-binary
1441,Agcobile ,Mtshakazana,3062734@students.wits.ac.za,Student,3062734,Bcom Accounting ,Woman
1442,Abongwe,Gwadiso,3142911@wits.student.ac.za,Student,3142911,Bachelor of Arts,Woman
1443,Hlumela ,Goxo,2097215@students.wits.ac.za,Student,2097215,LLB,Woman
1444,Sumayah Mbene ,Diop,3147608@students.wits.ac.za,Student,3147608,PG LLB,Woman
1445,Trevor ,Munyonga ,3074588@students.wits.ac.za,Student,3074588,Bachelor of Accounting Science ,Man
1446,Blessing ,Mathabela,2605212@students.wits.ac.za,Student,2605212,Bachelor of Laws ,Woman
1447,Ofentse,Bogopane ,waronab4@gmail.com,Student,2676456,Bachelor of Arts in Law ,Woman
1448,Mawande ,Zulu,2906388@students.wits.ac.za,Student,2906388,Bachelor of Arts in psychology and media studies ,Woman
1449,Temogo,Moeng,3008861@students.wits.ac.za,Student,3008861,Bachelor of Arts ,Man
1450,Lebogang Jade ,Mohlaka ,jademohlaka@gmail.com,Student,2799673,Bachelor of Laws 4 year stream ,Woman
1451,Ongeziwe ,Khuphiso,3130910@students.wits.ac.za,Student,3130910,Bachelor of Arts,Woman
1452,Thoba,Mthembu,thoba.mthembu@wits.ac.za,Wits Staff Member,,,Man
1453,Tsakane ,Nkuna,2751993@students.wits.ac.za,Student,2751993,Bachelor of Humanities ,Woman
1454,Tebogo ,Mabidilala ,2848931@students.wits.ac.za,Student,2848931,Bachelor of Laws ,Woman
1455,Reabetswe,Tsolo,2821685@students.wits.ac.za,Student,2821685,Bachelor of Laws,Man
1456,Olwethu ,Mdyesha ,2716982@students.wits.co.za,Student,2716982,LLB (graduate),Woman
1457,Mbalenhle ,Magagula,2682909@students.wits.ac.za,Student,2682909,Bachelor of Laws ,Woman
1458,Allen Anele ,Sibandze,3174253@students.wits.ac.za,Student,3174253,LLB,Man
1459,Lesego ,Sibiya ,2711272@students.wits.ac.za,Student,2711272,Postgraduate LLB,Man
1460,Mikateko,Mathebula,2709746@students.wits.ac.za,Student,2709746,Bachelor of laws LLB,Man
1461,Lanzar ,Williams ,2816589@students.wits.ac.za,Student,2816589,Bachelor of Laws,Man
1462,Thato,Molimo,2965946@students.wits.ac.za,Student,2965946,Bachelor Arts (Major in Law),Man
1463,Sbusiso ,Ndzukulu,2973552@students.wits.ac.za,Student,2973552,Bachelor of Laws,Man
1464,Dineo ,Koetepe,2593286@students.wits.ac.za,Student,2593286,Bachelor of Education ,Woman
1465,woritonda ,Ramalata ,2812861@students.wits.ac.za,Student,2812861,Ebe-civil,Woman
1466,Nqobile ,Zilimbola ,896546@students.wits.ac.za,Student,896546,Master of Commerce in Finance ,Woman
1467,Kundai Evelyn ,Gwatidzo,firauzahgwatidzo@gmail.com,Student,3001902,BeD senior phase and fet,Woman
1468,Lathi-Thaa ,Rode,2956251@students.wits.ac.za,Student,2956251,BA law,Woman
1469,Dineo ,Makubung,2822665@students.wits.ac.za,Student,2822665,BA LAW ,Woman
1470,Thandolwethu ,Mbatha,2572873@students.wits.ac.za,Student,22572873,LLB,Woman
1471,Dhanishka,Singh,2678071@students.wits.ac.za,Student,2678071,LLB - law ,Prefer not to say
1472,Fumani Joas Junior,Mabaso,2855630@students.wits.ac.za,Student,2855630,Bachelor of Accounting Science,Man
1473,Iviwe,Mbolekwa ,3017233@students.wits.ac.za,Student,3017233,Bachelor of Arts,Man
1474,Nontando ,Dlamini ,2841322@students.wits.ac.za,Student,2841322,BA Law,Woman
1475,Donald ,Mkhwanazi ,donaldmkhwanazi71@gmail.com,Guest,,,Man
1476,Bontle,Bhengu,bontlebhengu1@students.wits.ac.za,Student,2699192,Bachelor of Laws (LLB),Woman
1477,Nkuthalo ,Yawa,2817013@students.wits.ac.za,Student,2817013 ,Bachelor of Laws,Man
1478,Lesedi,Radiokana,2982836@students.wits.ac.za,Student,2982836,Bachelor of Accounting Sciences ,Woman
1479,Otsile ,Sekati,2560970@students.wits.ac.za,Student,2560970,Bachelor of Laws LLB,Prefer not to say
1480,Nompumelelo ,Belle,2888257@students.wits.ac.za,Student,2888257,BA ,Woman
1481,NOLUNCUMO ,MAXENGANA,1845186@students.wits.ac.za,Student,1845186,Bachelor of Accounting Science ,Woman
1482,Tumi,Ntsane ,3012728@students.wits.ac.za,Student,3012728,Bcom PPE,Woman
1483,Sakhisizwe ,Magagula ,3134549@students.wits.ac.za,Student,3134549,Bcom Accounting ,Woman
1484,Simphiwe ,Shandu,2830512@students.wits.ac.za,Student,2830512,BA law,Woman
1485,NOLUNCUMO,MAXENGANA,1845186@students.wits.ac.za,Student,1845186,Bachelor of Accounting Science ,Woman
1486,Michelle ,Ngobeni ,2709978@students.wits.ac.za,Student,2709978,Bachelor of science ,Woman
1487,Mongezi,Maluleka,mongezimaluleka29@gmail.com,Guest,,,Man
1488,Gomolemo ,Sello ,3081606@students.wits.ac.za,Student,3081606,BCom PPE,Man
1489,Pumelela ,Mapukata,2685999@students.wits.ac.za,Student,2685999,Bachelor of Science ,Woman
1490,Angell M. ,Nthoi,Angell.nthoi@gmail.com,Guest,,,Man
1491,Tshiamo ,Modise ,2955208@students.wits.ac.za,Student,2955208,BA(Law),Woman
1492,Vuyelwa ,Masebe,vuyelwamasebe095@gmail.com,Student,3161512,Bachelor of Arts in Psychology ,Woman
1493,Lerato ,Senyakoe,2712918@students.wits.ac.za,Student,2712918,Bachelor of Social work,Woman
1494,Kananelo,Nthao,2938853@students.wits.ac.za,Student,2938853,Bachelor of Commerce ,Woman
1495,Olwam,Cengimbo,2594906@students.wits.ac.za,Student,2594906,Bachelor of Laws (Postgraduate - 3 Yr Stream),Man
1496,Masego ,Nthoi,manukanyadd@gmail.com,Guest,,,Woman
1497,Bhekumuzi,Nkosi,2664808@students.wits.ac.za,Student,2664808,Postgraduate Diploma in Accountancy ,Man
1498,Amohelang,Chokwe,283280@students.wits.ac.za,Student,2832820,MBBcH ,Woman
1499,Phila ,Dhlamini,2583169@students.wits.ac.za,Student,2583269,Bachelor of laws ,Man
1500,Ntokozo , Nkabinde,nkabindentokozomcjoy2006@gmail.com,Student,2941176,Bachelor in Dental Science ,Woman
1501,Bayanda ,Goge ,3024618@students.wits.ac.za,Student,3024618,Bachelor of Law,Man
1502,Ofentse ,Otshabeng ,2954566@students.wits.ac.za,Student,2954566,Bachelor of laws ,Woman
1503,Ntokoto Present ,Babalala ,present.teekay@gmail.com,Student,2457956,Bachelor of Laws,Woman
1504,Keineetse ,Modise,2913303@students.wits.ac.za,Student,2913303,Batchelor of Arts ,Woman
1505,Aphelele,Ndumo,3089802@students.wits.ac.za,Student,3089802,Bachelor of Accounting Science,Woman
1506,Mulalo ,Randela ,3171063@students.wits.ac.za,Student,3171063,Bachelor of Laws,Woman
1507,Mmakgomo,Makwela,2568504@students.wits.ac.za,Student,2568504,Bachelor of Laws,Woman
1508,Gift,Mashala ,2671512@students.wits.ac.za,Student,2671512 ,Bcom accounting ,Man
1509,Palesa,Nonyane,2950305@students.wits.ac.za,Student,2950305,Bachelor of Arts,Woman
1510,Kholofelo ,Mphahlele ,2817939@students.wits.ac.za,Student,2817939,Bachelor of Medicine and Surgery,Woman
1511,Abulele,Qomfo,2917346@students.wits.ac.za,Student,2917346,BA,Woman
1512,Devine,Chepape,2813649@students.wits.ac.za,Student,2813649,MBBCh ,Woman
1513,Langelihle,Buthelezi ,2869096@students.wits.ac.za,Student,2869096,Bachelor of Laws ,Non-binary
1514,Wandile,Mabaso,2493421@students.wits.ac.za,Student,2493421,Postgraduate diploma in Accountancy ,Woman
1515,Neo,Bapela,2626289@students.wits.ac.za,Student,2626289,Bachelor of Education Honours,Non-binary
1516,Charles ,Zambezi ,2998111@students.wits.ac.za,Student,2998111,BSc Actuarial Science ,Man
1517,Emmanuel,Motlhabane ,2660984@students.wits.ac.za,Student,2660984,BSc Eng,Man
1518,Khodani ,Sadiki,2845733@students.wits.ac.za,Student,2845733 ,Mining Engineering ,Woman
1519,Keikanetswe ,Makhubela ,2847060@students.wits.ac.za,Student,2847060 ,Chemical Engineering ,Woman
1520,Blessing,Mncube,2436438@students.wits.ac.za,Student,2436438,LLB,Woman
1521,Keabetsoe ,Mphahlele,2809214@students.wits.ac.za,Student,2809214,Bachelor of Science ,Woman
1522,Thabile,Mogane,2710821@students.wits.ac.za,Student,2710821,Bachelor of Science ,Woman
1523,Liyabona,Baartman,baartmanliyabona@icloud.com,Student,2439204,Bachelor of Education ,Man
1524,Ntsepeng ,Lequoa ,2347329@students.wits.ac.za,Student,2347329,Bachelor of Education ,Woman
1525,Mapula Charmine ,Nkuna,2614034@students.wits.ac.za,Student,2614034,BMus,Woman
1526,Busisiwe ,Nhlapo,3129660@students.wits.ac.za,Student,3129660,Bachelor of science in occupational therapy ,Woman
1527,Emelia ,Ditle,emelia.ditle1@gmail.com,Student,2018046,LLB,Woman
1528,Karabo ,Maredi ,2097045@students.wits.ac.za,Student,2097045,Civil Engineering ,Man
1529,Patricia Siphokazi,Witbooi,pattywitbooi@gmail.com,Student,1767544,Bachelors of Law,Woman
1530,Lisakhanya ,Nongogo ,3027445@students.wits.ac.za,Student,3027445,Bachelor of Laws (LLB),Man
1531, Nkhensani ,Mapokgole ,2727372@students.wits.ac.za,Student,2727372,B.Ed,Woman
1532,Londeka ,Khanyile,londekakhanyile32@gmail.com,Guest,,,Woman
1533,Noluthando ,Yaka,3147794@students.wits.ac.za,Student,3147794,Bcom Accounting ,Woman
1534,Andisiwe,Nonjezi,2685681@students.wits.ac.za,Student,2685681,Bachelor of Science in Mining Engineering ,Woman
1535,Seatlasaone ,Assegaai ,3110678@students.wits.ac.za,Student,3110678,Bachelor of Science ,Man
1536,Zanil,Laloo,2439621@students.wits.ac.za,Student,2439621,LLB,Man
1537,Olerato,Mankuroane,2996784@students.wits.ac.za,Student,2996784,Bcmp,Woman
1538,Phuthego ,Modise,314155.students@gmail.com,Student,3141559,Bachelor of Law (LLB),Man
1539,Motlaupi,Sepuru,3087861@students.wits.ac.za,Student,3087861,Bachelor of Science ,Woman
1540,Gontse,Maledu,2811190@students.wits.ac.za,Student,2811190,Bachelor of Science,Non-binary
1541,Austin ,Boshego ,boshegoaustin22@gmail.com,Student,2843847,Bachelor of science ,Man
1542,Ankonisaho,Masivhege,2846020@students.wits.ac.za,Student,2846020,Bachelor of Pharmacy ,Man
1543,Amen Phambane,Phambane,amenphambane2007@gmail.com,Student,3019360,BA LAW,Man
1544,Wavhudi ,Tsibi ,2857020@students.wits.ac.za,Student,2857020,bachelor of science ,Non-binary
1545,Sivuyisiwe ,Magewu,3083821@students.wits.ac.za,Student,3083821,Bachelor of Science,Woman
1546,Otlotleng,Mogokonyane,2961927@students.wits.ac.za,Student,2961927,BA GENERAL,Woman
1547,ndivhuwo,Mandane,2841703@students.wits.ac.za,Student,2841703,Masters in environmental and energy economics,Man
1548,Esihle ,Beyile ,2799856@students.wits.ac.za,Student,2799856,Bachelor of Laws,Woman
1549,Thandolwethu ,Mabusela ,3102142@students.wits.ac.za,Student,3102142,Bachelor of Arts,Woman
1550,Siphelele ,Sithole ,2444370@students.wits.ac.za,Student,2444370,Master of Science ,Man
1551,Likhona,Baleni,3160158@students.wits.ac.za,Student,3160158,Bachelor of Laws ,Woman
1552,Kagiso ,Teffo,3092075@students.wits.ac.za,Student,3092075 ,Bachelor of Science in Computer Science ,Man
1553,Tshego ,Mokhuane ,3092845@students.wits.ac.za,Student,3092845,Construction Studies ,Woman
1554,Rhulani,Mashele,2500675@students.wits.ac.za,Student,2500675,Electrical engineering ,Woman
1555,Lerato,Mantashe,3119206@students.wits.ac.za,Student,3119206,Bachelor of Arts,Woman
1556,Nangi,Mokhua,mokhuanangi@gmail.com,Student,3139012,Bachelor of Arts ,Woman
1557,Ayabonga ,Gubese,3085047@students.wits.ac.za,Student,3085047,Bsc Property Studies,Woman
1558,Ayabonga ,Thwala,3160083@students.wits.ac.za,Student,3160083,Bachelor of Social Work ,Woman
1559,Bukho,Dzanibe ,3164794@students.wits.ac.za,Student,3164794,Bsc urban planning ,Woman
1560,Lesedi ,Moabi,3062906@students.wits.ac.za,Student,3062906,BA in Film and Television ,Woman
1561,Buhle,Kadeni ,3103914@students.wits.ac.za,Student,3103914,Bachelor of Arts General ,Man
1562,Chioma Lihleli ,Nzelu ,2714322@students.wits.ac.za,Student,2714322,BA(Hons) in Development Studies ,Woman
1563,Akhona ,Gulubela,nonhlegulubela@gmail.com,Student,943438,LLN,Woman
1564,Mahlodi,Mphasha,3007614@students.wits.ac.za,Student,3007614,Bachelor in Education ,Woman
1565,Ahmad,Mia,3064074@students.wits.ac.za,Student,3064074,Bachelor of Laws,Man
1566,Nonhle ,Masondo ,3096162@students.wits.ac.za,Student,3096162,Bachelor of Laws ,Woman
1567,Ditheto,Manakana ,3122959@students.wits.ac.za,Student,3122959,Bachelor of Pharmacy ,Man
1568,Naomi,Ayibu,3090254@students.wits.ac.za,Student,3090254,Bachelor of Accounting Science,Woman
1569,Ayanda ,Hlophe,2838824@students.wits.ac.za,Student,2838824,Bachelor of Accounting Science ,Woman
1570,Wanga,Sadiki,2845925@students.wits.ac.za,Student,2845925,BA Law,Woman
1571,Sinovuyo,Mpange ,2882426@students.wits.ac.za,Student,2882426,Bachelor of Education ,Man
1572,Motheo,Makhubela ,2869291@students.wits.ac.za,Student,2869291,Bachelor of science in urban and regional planning ,Man
1573,Dimakatso,Sirovha,2568303@students.wits.ac.za,Student,2568303,Bachelor of science in chemistry with chemical engineering ,Woman
1574,Mufunwa,Maumela,2903904@students.wits.ac.za,Student,2903904,BA Law Major,Woman
1575,Siphesihle ,Kunene,2800625@students.wits.ac.za,Student,2800625,Biological Sciences (BSc),Woman
1576,Godknows ,Maswanganye ,2687365@students.wits.ac.za,Student,2687365,Bachelor of Education ,Man
1577,Divhonele,Tshikhudo,divhonele@gmail.com,Student,3008737,BA Law Major,Man
1578,Atlehang,Mashatola,2854614@students.wits.ac.za,Student,2854614,Ba Law,Woman
1579,Mabotshe,More,2952003@students.wits.ac.za,Student,2952003,Bachelor of Architectural Studies ,Woman
1580,Temosho ,Magane ,2944471@students.wits.ac.za,Student,2944471,Bachelor of Education ,Woman
1581,Oratile,Kali,2964428@students.wits.ac.za,Student,2964428,Bachelor of Science in Occupational Therapy ,Woman
1582,Blessing,Khumalo,3093142@students.wits.ac.za,Student,3093142,Bachelor of laws,Man
1583,Amahle ,Myeni ,3145104@students.wits.ac.za,Student,3145104,Bachelor of Arts ,Woman
1584,Orefile,Murwa,2835637@students.wits.ac.za,Student,2835637,LLB,Woman
1585,Zintle,Tyilo,2688072@students.wits.ac.za,Student,2688072,BSc Eng (Chemical),Woman
1586,Anneroy,Diphalane ,1276877@students.wits.ac.za,Student,1276877,LLB ,Woman
1587,Kopano,Mpya,2945379@students.wits.ac.za,Student,2945379,Bachelor of Laws,Woman
1588,Dineo,Moremi,2691292@students.wits.ac.za,Student,2691292,Bachelor of Education ,Woman
1589,Netochukwu ,Radebe ,netochukwur@gmail.com,Student,3108759,Bachelor of Arts General ,Woman
1590,Phakisho ,Maja,1888623@students.wits.ac.za,Student,1888623,Msc Global Change,Man
1591,Lindokuhle ,Mtimkulu ,3011524@students.wits.ac.za,Student,3011524,Bachelor of Arts,Woman
1592,Omphile ,Seeco ,2903104@students.wits.ac.za,Student,2903104,Bachelor of Social work,Woman
1593,Kamohelo ,Mofokeng ,2668578@students.wits.ac.za,Student,2668578,BEd in Sen and FET,Man
1594,Mesuli,Mdlalose,2971878@students.wits.ac.za,Student,2971878,Bachelor of Laws,Man
1595,Itumeleng ,Bopape ,2711500@students.wits.ac.za,Student,2711500 ,Bachelor of engineering science ,Woman
1596,Joseph ,Chauque ,2891291@students.wits.ac.za,Student,2891291,Bachelor of Arts ,Man
1597,Nhlaluko Mandla,Mathebula ,2705654@students.wits.ac.za,Student,2705654,Bachelor of arts ,Man
1598,Kwandingcebo,Sithole,kwandi2007@gmail.com,Student,2970758,Bachelor of Science,Man
1599,Koketso,Kgafela ,2559558@students.wits.ac.za,Student,2559558,B Ed Hons,Man
1600,Ompha,Mukundamago ,2696598@students.wits.ac.za,Student,2696598,Chemical Engineering ,Woman
1601,Emihle ,Koltana,2709691@students.wits.ac.za,Student,2709691,Bachelor of Economics Sciences (Honours),Woman
1602,Zolani,Xulu,2332159@students.wits.ac.za,Student,2332159,Master of Science in Data Science ,Man
1603,Noxolo ,Mahlangu ,noxololerato2003@gmail.com,Student,2555611,Bachelor of Science in Chemical Engineering ,Woman
1604,Makoena,Mothibi,2654977@students.wits.ac.za,Student,2654977,Bachelor of Economic Science Honours,Man
1605,Kagiso Boitumelo,Mohulatsi,2554623@students.wits.ac.za,Student,2554623,Bachelor of Laws(LLB),Man
1606,Tshwarelo ,Rapelang ,3153673@students.wits.ac.za,Student,3153673,Bachelor of Accounting Science ,Man
1607,Asanda,Mkhonza,asandamkhonza14@gmail.com,Student,2894317,Bachelor of Arts ,Woman
1608,Katlego ,Sibiya ,2950643@students.wits.ac.za,Student,2950643,BSc in Geospatial Science,Woman
1609,Craig ,Pahla,3134056@students.wits.ac.za,Student,3134056,Bsc URP,Man
1610,Kuhle,Ogbonna,1422738@students.wits.ac.za,Student,1422738,LLB,Woman
1611,Ledile ,Tsweleng ,2995541@students.wits.ac.za,Student,2995541,Bachelor of Science in Computer Science ,Woman
1612,Siphiwemusa ,Majola,3058477@students.wits.ac.za,Student,3058477,Bsc(Eng) in Metallurgy and Materials ,Man
1613,El-joy,MALULEKE ,eljoymaluleke6@gmaill.com,Student,3147361,Bachelor of commerce ,Man
1614,Sisipho ,Mbali,2688935@students.wits.ac.za,Student,2688935,Bachelor of education in intermediate phase ,Woman
1615,December ,Komana,2862515@students.wits.ac.za,Student,2862515,Bachelor of education ,Man
1616,Tshegofatso ,Mamba ,tshegofatsoentlemamba@gmail.com,Student,2881527,Bachelor of Education ,Woman
1617,Amyoli,Somdaka,2950086@students.wits.ac.za,Student,2950086,MBBCh,Woman
1618,Eva,Mojela ,2079424@students.wits.ac.za,Student,2079424,LLB,Woman
1619,Keneilwe Motsoeneng,Motsoeneng,3131806@students.wits.ac.za,Student,3131806,3 year LLB stream,Woman
1620,Emmanuel,Ndlovu,ndlovuel31@gmail.com,Student,1965164,BSc Engineering (Electrical),Man
1621,Rebaone ,Ngema,3006645@students.wits.ac.za,Student,3006645,Bachelor of Laws,Woman
1622,Amogelang ,Monama ,2701905@students.wits.ac.za,Student,2701905,Bachelor of Education ,Woman
1623,Gift,Maluleke ,2944276@students.wits.ac.za,Student,2944276,Bachelor of Laws (LLB),Woman
1624,Asemile,Ntisana,2837002@students.wits.ac.za,Student,2837002,BHSc in Health systems sciences ,Woman
1625,Londeka ,Mhlongo ,2610454@students.wits.ac.za,Student,2610454 ,LLB ,Woman
1626,Ipeleng ,Molopyane ,2143597@students.wits.ac.za,Student,2143597,Bachelor of Laws ,Woman
1627,Aobakwe,Letlape,2611055@students.wits.ac.za,Student,2611055,LLB,Prefer not to say
1628,Lehlogonolo ,Malebe ,2989070@students.wits.ac.za,Student,2989070,Bachelor of science in occupational therapy ,Woman
1629,Isabel ,Maluleke,2993004@students.wits.ac.za,Student,2993004,BHSc Biomedical Sciences ,Woman
1630,Bongekile,Shungube,.3075680@students.wits.ac.za,Student,3075680,Bachelor of Accounting Science,Woman
1631,Rethabile ,Sothoane ,2689908@students.wits.ac.za,Student,2689908,Bachelor of Education ,Woman
1632,Kabelo ,Rapoo,kabelorapoo4@gmail.com,Guest,,,Man
1633,Tshiamo ,Moshe ,2957624@students.wits.ac.za,Student,2957624,Accounting Science ,Man
1634,Thabang,Maffa,2941552@students.wits.ac.za,Student,2941552,Bachelor of Arts,Man
1635,Phathutshedzo ,Ntuli ,3085561@students.wits.ac.za,Student,3085561,Bachelor of Arts (Law Major),Man
1636,Hela ,Mandyanda ,mandyandaavela@gmail.com,Student,2586334,Honours in Development Studies ,Woman
1637,Noluthando,Mkhize ,thando_k17@icloud.com,Student,2749167,Masters of Arts in Cultural Policy and Management ,Woman
1638,Sandile ,Cindi ,2732161@students.wits.ac.za,Student,2732161,Bachelor of Science in Engineering(Electrical engineering),Man
1639,Nobuhle ,Makhubu,3033877@students.wits.ac.za,Student,3033877,Bachelor of Arts in Law,Woman
1640,Iviwe,Njovane,2954520@students.wits.ac.za,Student,2954520,MBBCh,Man
1641,Zama,Phakathi ,2969578@students.wits.ac.za,Student,2969578,Bachelor of education ,Woman
1642,Snqobile ,Dlamini ,2968439@students.wits.ac.za,Student,2968439,Bachelor of Health Science in Biomedical science,Woman
1643,Nkosinathi,Tshabalala,nkosinathikingslytshabalala@gmail.com,Student,2465030,Bsc,Man
1644,Masego ,Fume ,masegofume@gmail.com,Student,3122655,Bachelor of Health Science ,Woman
1645,Phatsimo,Modise,2554295@students.wits.ac.za,Student,2554295,Bachelor of Pharmacy,Woman
1646,Angel ,Mokoena ,3175253@students.wits.ac.za,Student,3175253,BA Hons in Development Studies ,Woman
1647,Nonhlanhla,Ntuli ,3002897@students.wits.ac.za,Student,3002897,Bachelor of Accounting Science ,Woman
1648,Gontse,Kgatlhane,3145709@studentse.wits.ac.za,Student,3145709,BA LAW,Man
1649,Moosa,Letageng,3052003@students.wits.ac.za,Student,3052003,Master of Arts in Social Development ,Woman
1650,Reabetsoe ,Hlalele,2954047@students.wits.ac.za,Student,2954047,Bachelor of Arts in Law ,Woman
1651,BONGEKILE BRIDGET,SILINDA ,bongekilebridget20@gmail.com,Student,2558124,BACHELOR OF LAW ,Woman
1652,Kgauhelo,Maduna,3037951@students.wits.ac.za,Student,3037951,Bachelor of Education ,Woman
1653,Nhlonipho ,Danisa ,2580548@students.wits.ac.za,Student,2580548,Bachelor of Commerce ,Man
1654,Isabel ,Maluleke ,2993004@students.wits.ac.za,Student,2993004,BHSc Biomedical Sciences ,Woman
1655,Sebabatso ,Mohloki ,2661308@students.wits.ac.za,Student,2661308,BSc Honours in Quantity Surveying ,Woman
1656,Seabo,Koali,2708583@students.wits.ac.za,Student,2708583,Bsc Civil Engineering ,Woman
1657,Lerato Hilda,Mahlangu ,3010284@students.wits.ac.za,Student,3010284,Master of Management in Governance (Management and Governance),Woman
1658,Otlotleng ,Dikutle,2851499@students.wits.ac.za,Student,2851499,Bachelor of science in Mining Engineering,Woman
1659,Refilwe Motaung,Motaung,2387367@students.witsac.za,Student,2387367,LLB,Woman
1660,Siyabulela.,Mke,3008849@students.wits.ac.za,Student,3008849,Bacher of Education in Senior and FET,Woman
1661,Markesha ,Seguru,2996028@students.wits.ac.za,Student,2996028,Bachelor of Science(Civil Engineering) ,Woman
1662,Nonhlanhla ,Mbhele ,3165045@students.wits.ac.za,Student,3165045,Bachelor of Science ,Woman
1663,Sisonke ,Socikwa ,2428173@students.wits.ac.za,Student,2428173,Bachelor of Science Biomedical Engineering ,Woman
1664,Maletsema ,Dlamini ,2979566@students.wits.ac.za,Student,2979566,Bachelor of health sciences ,Woman
1665,Unarine,Munyai,2942092@students.wits.ac.za,Student,2942092,BSc Civil Engineering ,Man
1666,Nsovo,Sondlani ,2549011@students.wits.ac.za,Student,2549011,Bsc civil Engineering ,Woman
1667,Jeanel,Mtetwa,3127012@students.wits.ac.za,Student,3127012,Bachelor of Accounting Science ,Woman
1668,Dimpho ,Modika,dimpho.k.modika@gmail.com,Student,2964398,Bachelor of Arts (Law Major),Woman
1669,Thabiso,Mokoena,2997248@students.wits.ac.za,Student,2997248,Bachelor of Science,Woman
1670,Maropeng Valentine ,Chaba,2804660@students.wits.ac.za,Student,2804660,Bachelor of Medicine and Bachelor of Surgery ,Woman
1671,Kuhle,Dini,2560667@students.wits.ac.za,Student,2560667,Bachelor of Laws,Woman
1672,Lekang,Makhubedu ,3106227@students.wits.ac.za,Student,3106227@students.wits.ac.za,MBBCH,Man
1673,Miyelane ,Hlongwane ,2974038@students.wits.ac.za,Student,2974038,Bachelor of Education ,Woman
1674,Jostino,Mbiza,2576522@students.wits.ac.za,Student,2576522,Bachelor of Laws,Man
1675,Letlhogonolo ,Radiokana ,3010205@students.wits.ac.za,Student,3010205,Bachelor of science ,Man
1676,Nobuhle ,Moyo ,2675534@students.wits.ac.za,Student,2675534,Bachelor of Science in Engineering ,Woman
1677,Kgotlelelo,Mohlala ,2592921@students.wits.ac.za,Student,2592921,Bachelor of Accounting Science ,Woman
1678,Nothando ,Dhlongolo ,2447744@students.wits.ac.za,Student,2447744,MSc GIS and Remote Sensing,Woman
1679,Kwena ,Sebola,2459266@students.wits.ac.za,Student,2459266,Bachelor of education ,Man
1680,Katlego Annah,Shiburi ,2822168@students.wits.ac.za,Student,2822168,BHSC(biomedical science),Woman
1681,Celani,Letlalo,2596228@students.wits.ac.za,Student,2596228,LAW,Man
1682,Anelisa,Nomvalo,anelisanomvalo36@gmail.com,Student,3132964,Honours Business Finance ,Woman
1683,Amogelang ,Mokotedi ,2582041@students.wits.ac.za,Student,2582041,Postgraduate Diploma in Law,Woman
1684,Liyema,Velaphi ,2336372@students.wits.ac.za,Student,2336372,Bachelor of Arts (Law),Non-binary
1685,Sibongokuhle,Mathabela,mathabelanicole@gmail.com,Student,2865442,Bachelor of Education ,Woman
1686,Katlego,Moshidi,3129715@students.wits.ac.za,Student,3129715,Bachelor of Science Physiotherapy ,Woman
1687,Ntethelelo ,Nhleko ,3022149@students.wits.ac.za,Student,3022149,Bachelor of Education ,Man
1688,Malebo,Mosikili,2961355@students.wits.ac.za,Student,2961355,Bachelor of Education ,Woman
1689,Moleboge ,Mashilwane ,2854643@students.wits.ac.za,Student,2854643,Bachelor of Health Sciences ,Woman
1690,Vuyolwethu,Ntuli,2949377@students.wits.ac.za,Student,2949377,"Bachelor of Commerce, Spec Law",Woman
1691,Lesedi,Molefe,1396479@students.wits.ac.za,Student,1396479,Postgraduate Diploma in Tax Law,Woman
1692,Nhlamulo ,Baloyi ,726942@students.wits.ac.za,Student,726942,PGDip Eng (Mechanical Engineering),Man
1693,Lesedi,Petlele,rlpetlele@gmail.com,Guest,,,Man
1694,Thandeka,Qwesha,2680838@students.wits.ac.za,Student,2680838,BSc Mechanical Engineering ,Woman
1695,Omphile Onalenna ,Sethiba ,3113914@students.wits.ac.za,Student,3113914,Bachelor of Science ,Woman
1696,Pheliswa,Ndamase,2721411@students.wits.ac.za,Student,2721421,Bachelor of laws (LLB),Woman
1697,Siphamandla,Rumo,2711378@students.wits.ac.za,Student,2711378,Postgraduate diploma in Specialised Accountancy,Man
1698,Simikahle Sibani ,Dlamini ,2969917@students.wits.ac.za,Student,2969917,Mechanical engineering ,Man
1699,Lesedi,Mabye,3116988@students.witsac.za,Student,3116988,Bachelor of Engineering ,Woman
1700,Mokgadi Liticia ,Pilusa ,3073128@students.wits.ac.za,Student,3073128,BSc in Mining Engineering ,
1701,Bulelwa,Fihlela,3000374@students.wits.ac.za,Student,3000374,Bachelor of arts,Woman
1702,Bokamoso ,Segopa ,3092451@students.wits.ac.za,Student,3092451,Bachelor of Science in Biological Sciences ,Woman
1703,Mayenziwe ,Nxumalo,2368475@students.wits.ac.za,Student,2368475,Bachelor of Laws,Woman
1704,Njabulo ,Nyembezi ,nyembezinjabulo4@gmail.com,Student,3146098,BSc Industrial engineering ,Man
1705,Kamogelo,Ndlovu,2821314@students.wits.ac.za,Student,2821314,Bachelor of Science (Chemical Engineering) ,Man
1706,Sibongile ,Motsapole ,2972979@students.wits.ac.za,Student,2972979,Bachelor of Science in Occupational Therapy ,Woman
1707,Tshegofatso,Motaung,2895354@students.wits.ac.za,Student,2895354,Bachelor of Science in Mining Engineering ,Man
1708,Jabulani,Radebe,3091991@students.wits.ac.za,Student,3091991,Bachelor of Science ,Man
1709,Samgelo ,Mahlangu ,3012019@students.wits.ac.za,Student,3012019,Bcom accounting ,Man
1710,Selisha ,Gwabini,2434977@students.wits.ac.za,Student,2434977,Bachelor of Laws,Woman
1711,Yiva ,Honono,2954216@students.wits.ac.za,Student,2954216,LLB,Woman
1712,Nthabiseng ,Maile ,2330405@students.wits.ac.za,Student,2330405,Bachelor of Laws,Woman
1713,Lusanda,Mkhize,3076144@students.wits.ac.za,Student,3076144,Bsc  Computer Science ,Man
1714,Kagiso,Mokgwatlheng,2858985@students.wits.ac.za,Student,2858985,Bachelor of Health Sciences,Man
1715,Katleho ,Mofokeng,2827497@students.wits.ac.za,Student,2827497,Bachelor of Science ,Man
1716,Lindelwa,Simelane ,2449148@students.wits.ac.za,Student,2449148,Bachelor of Science Honors ,Man
1717,Chioma ,Obionwu ,2947177@students.wits.ac.za,Student,2947177,Bachelor of Nursing ,Woman
1718,Lesedi,Netshitumi,2490447@students.wits.ac.za,Student,2490447,Bcom Hons Business Finance,Woman
1719,Itebogengneo ,Buthelezi ,2963993@students.wits.ac.za,Student,2963993,Bachelor of Clinical medical practice ,Woman
1720,Kwazi ,Mntambo,2443072@students.wits.ac.za,Student,2443072,Bachelor of Laws ,Woman
1721,Kholofelo ,Mphahlele ,2817939@students.wits.ac.za,Student,2817939,Bachelor of Medicine and Surgery,Woman
1722,Nande ,Maswazi,2703417@students.wits.ac.za,Student,2703417,LLB,Woman
1723,Kgotlelelo,Madigoe,3082687@students.wits.ac.za,Student,3082687,Bachelor of Education ,Woman
1724,Ntokozo,Ngwenya,3013370@students.wits.ac.za,Student,3013370,Bachelor of Education ,Woman
1725,Itani,Selowa,2963775@students.wits.ac.za,Student,2963775,Bachelor of Accounting science ,Man
1726,Vuyolwethu,Kakancu,2329045@students.wits.ac.za,Student,2329045,Doctor of Philosophy,Man
1727,Motselisi,Molelekwa ,2700913@students.wits.ac.za,Student,2700913,Bachelor of Health Sciences,Woman
1728,Unothando,Ngozo,2544546@students.wits.ac.za,Student,2544546,BHSc Hons Anatomical Pathology,Woman
1729,Asiphesona ,Vena,3071372@students.wits.ac.za,Student,3071372,Bcom in Accounting ,Man
1730,George ,Ledwaba,3005694@students.wits.ac.za,Student,3005694,Bachelor of Education ,Man
1731,Tetelo,Maja,3022547@students.wits.ac.za,Student,3022547,Bachelor of Education ,Man
1732,Asanele ,Austin ,Asaneleaustinskepe@gmail.com,Student,2961928,Bachelor of Arts ,Man
1733,Sikelelekile,Pahlana ,sikepahlana7@gmail.com,Student,2584098,Honours in Bachelor of Arts in Journalism ,Woman
1734,Jure,Penov,penov.jure@gmail.com,Guest,,,Man
1735,Mihle ,Ndaleni,3080513@students.wits.ac.za,Student,3080513,Bsc in civil engineering ,Woman
1736,Kanapathy,Ramasamy,harinamananda.kks@gmail.com,Guest,,,Man
1737,Mbali,Nkonyana,Nkonyana.mbali@gmail.com,Student,2392528,LLB,Woman
1738,Jessica ,Marutha ,jessicamarutha863@gmail.com,Student,3100094,Bachelor of Arts ( Law major),Woman
1739,Wanda,Cobbinah,wanda.cobbinah@icloud.com,Student,2668043,BA Geography ,Woman
1740,Andile ,Thwala ,2982507@students.wits.ac.za,Student,2982507,BSc Eng,Woman
1741,Dillon,Sheppard,3175291@students.wits.ac.za,Student,3175391,Bachelor of Arts,Man
1742,Nokukhanya ,Nkosi,2946426@students.wits.ac.za,Student,2946426,Bachelor of Accounting Science,Woman
1743,Ian,Wessels,2962415@students.wits.ac.za,Student,2962415,Bachelor of Science,Man
1744,Likho,Mbuka,likholikho416@gmail.com,Guest,,,Man
1745,Simbonge,Ntethana,3002557@students.wits.ac.za,Student,3002557,Bachelor of Commerce (Accounting),Man
1746,Vuyo,Daki,dakivuyohappy@gmail.com,Student,2627114,Bachelor of Science in Chemical Engineering ,Man
1747,Sibu ,Mgidi ,Mgiditercy@gmail.com,Student,1141573 ,Bachelor of Science ,Man
1748,Aluve ,Nkothobe ,3168965@students.wits.ac.za,Student,3168965,Bachelor of Laws,Man
1749,Patricia ,Williams ,2959126@students.wits.ac.za,Student,2959126,Bsc construction studies ,Woman
1750,Awonke ,Mtala ,3148880@students.wits.ac.za,Student,0632322962,Bachelor of Arts ,Man
1751,Lesetja,Sekhaolelo ,3020695@students.wits.ac.za,Student,3020695,LLB,Man
1752,Claire ,Baloyi,3108180@students.wits.ac.za,Student,3108180,BA Law,Woman
1753,Conga,Nangu,2959654@students.wits.ac.za,Student,2959654,Bachelor of Arts (Law Major),Man
1754,Refiloe Neo Mokokoane,2917841,2917841@students.wits.ac.za,Student,2917841,Bachelor of arts Law major,Woman
1755,Thato ,Molale,2943721@students.wits.ac.za,Student,2943721,Bcom Accounting ,Woman
1756,Enhle ,Ramadiehe ,3031409@students.wits.ac.za,Student,3031409,BA GENERAL ,Woman
1757,Atlegang,Mogweemang,3162501@students.wits.ac.za,Student,3162501,Bachelor of Arts,Woman
1758,Moyahabo ,Rakgwale ,2976769@students.wits.ac.za,Student,2976769 ,Bachelor of Accounting Science ,Woman
1759,Lindokuhle ,Mashigo ,3085885@students.wits.ac.za,Student,3085885,Bachelor of Science ,Woman
1760,Tshilidzi ,Mamphiswana,2665241@students.wits.ac.za,Student,2665241,Bcom General,Man
1761,Daniel ,Matabane ,2740871@students.wits.ac.za,Student,2740871,Bachelor of Laws (3 year stream),Man
1762,Asahluma,Moni,moniasahluma76@gmail.com,Student,2955264,Bachelor of Accounting Science ,Woman
1763,Amanda,Matseke,3022439@students.wits.ac.za,Student,3022439,Bcom general,Woman
1764,Unam,Baraza,2657617@students.wits.ac.za,Student,2657617,Bachelor of Pharmacy ,Woman
1765,Owami,Mabunda ,owamimabunda1@gmail.com,Student,3071890,Bachelor of Accounting Sciences ,Woman
1766,lihlonele lethu magopeni,magopeni,2817413@students.wits.ac.za,Student,2817413,Mbbch,Non-binary
1767,Banoyolo ,Bonga ,3105075@students.wits.ac.za,Student,3105075,BSc(Electrical Engineering),Man
1768,Thabang ,Monama ,jmonama082@gmail.com,Guest,,,Man
1769,Omphemetse,Dingiswayo,2695934@students.wits.ac.za,Student,2695934,Bachelor of Laws,Woman
1770,Jade ,Saffi ,jadesaffi3@gmail.com,Student,2589466,Bachelor of laws ,Woman
1771,Naledi,Motsi,2838050@students.wits.ac.za,Student,2838050,Bachelor of Science (Eng) in Civil Engineering ,Woman
1772,Lisakhanya ,Mpengesi ,2593920@students.wits.ac.za,Student,2593920,Bachelor of Science ,Woman
1773,Sibusiso ,Mpange,2428839@students.wits.ac.za,Student,2428839,Bachelor of laws ,Man
1774,Katlego,Kekae,1862218@students.wits.ac.za,Student,1862218,BSc Engineering ,Man
1775,Pandemela,Mathoma,2565504@students.wits.ac.za,Student,2565504,BA Law,Non-binary
1776,Khensani,Mbiza,3084988@students.wits.ac.za,Student,3084988,Bachelor of Education ,Woman
1777,Oratile ,Sehularo,3073710@students.wits.ac.za,Student,3073710,BSc Electrical Engineering,Man
1778,Nwabisa,Mbewu,2542723@students.wits.ac.za,Student,2542723,Bachelor of Laws,Woman
1779,Muvhumbi ,Ralufuluvhi ,2666429@students.wits.ac.za,Student,2666429,Bachelor of Science ,Man
1780,Olebogeng ,Baleseng,2481684@students.wits.ac.za,Student,2481684,Bachelor of Commerce ,Man
1781,Lethabo,Mahlatjie,lethamahlatjie@gmail.com,Student,2963149,Bachelor of Science Biological Science,Woman
1782,Nicholas ,Nkosi,3080815@students.wits.ac.za,Student,3080815,Medicine,Non-binary
1783,Brain,Makofane,2560188@students.wits.ac.za,Student,2560188,Bachelor of Education Honours,Man
1784,Thandoluhle ,Ngomane ,thandoluhlengomane@gmail.com,Student,3139256,LLB,Woman
1785,Vuyo,Biyo,2685564@students.wits.ac.za,Student,2685564,Bachelor of Education in Senior Phase and FET,Man
1786,Milani ,Zenzile,3079578@students.wits.ac.za,Student,3079577,Bachelor of Arts ,Woman
1787,Dimpho Raesetja,Ledwaba,3037591@students.wits.ac.za,Student,3037591,BEd in Foundation Phase Teaching ,Woman
1788,Edah,Mtika,1867992@students.wits.ac.za,Student,1867992,LLB,Woman
1789,Thabo,Moloto,3064704@students.wits.ac.za,Student,3064704,Bachelor of Science ,Man
1790,Nomonde,Mkhwanazi,2495788@students.wits.ac.za,Student,2495788,Postgrad,Woman
1791,Lindokuhle,Mlombo,2596895@students.wits.ac.za,Student,2596895,Bachelor of Laws,Woman
1792,Paballo,Chekoanw,2947680@students.wits.ac.za,Student,2947680,Bachelor of Science ,Woman
1793,Angel,Matadi ,3147722@students.wits.ac.za,Student,3147722,Bachelor of accounting science ,Woman
1794,Loyiso ,Sinyanya ,2788593@students.wits.ac.za,Student,2788593,BSc in Chemical Engineering ,Man
1795,Juliet,Kgoedi,3164544@students.wits.ac.za,Student,3164544,Bachelor of Laws,Woman
1796,Amahle,Nkosi ,2954786@STUDENTS.WITS.AC.ZA,Student,2954786,Mining Engineering ,Woman
1797,Fortunate,Malepe ,2975171@students.wits.ac.za,Student,2975171,LLB,Woman
1798,Phutha-Bogale,Malotane,2983185@students.wits.ac.za,Student,2983185,BSc Construction Studies ,Man
1799,Aida Khaulisuano,Timbe,aidakhaulisuanotimbe@gmail.com,Student,2979954,Bachelor of Arts,Woman
1800,Dakalo ,Mononela ,dakalomononela32@gmail.com,Student,3097123,Bachelor of science ,Man
1801,Akhona ,Mbatha ,3078176@students.wits.ac.za,Student,3078176 ,BSc Mining Engineering ,Woman
1802,Sbusiso ,Thembekwayo ,2820163@students.wits.ac.za,Student,2820163,Bachelor of Health Science ,Man
1803,Keabetswe ,Mabusela ,2805763@students.wits.ac.za,Student,2805763,Bachelor of Social work ,Woman
1804,Sanele,Manzini,2550362@students.wits.ac.za,Student,2550362,Bachelor of Education ,Woman
1805,Matsie,Maake ,2661061@students.wits.ac.za,Student,2661061,Bachelor of Commerce ,Woman
1806,Theo,Khanye,2821003@students.wits.ac.za,Student,2821003,Bachelor of health science,Woman
1807,Lwandile,Ntuli,2651583@students.wits.ac.za,Student,2651583,Bachelor of Education,Woman
1808,Asiphe,Makasie,3033743@students.wits.ac.za,Student,3033743,Bachelor of Science ,Woman
1809,Lina,Masindi,2680297@students.wits.ac.za,Student,2680297,Bachelor of education ,Woman
1810,Kgosi ,Masenye ,2743174@students.wits.ac.za,Student,2743174,Bcom Information Systems ,Man
1811,Uthimna ,Ndlangalavu ,2701597@students.wits.ac.za,Student,2701597,Bachelor of Arts ,Woman
1812,Thinasonke,Sikhakhane,2540390@students.wits.ac.za,Student,2540390,BHSc Biomedical Sciences Pharmacology Honours ,Woman
1813,Owam ,Leleki,owamleleki@gmail.com,Student,2710681,Bachelor of science ,Woman
1814,Asiphe,Makasie,3033743@students.wits.ac.za,Student,3033743,Bachelor of Science ,Woman
1815,Ayola,Sotyato,sotyatoayola@gmail.com,Student,3004483,Bachelor of Science-Biological Sciences ,Woman
1816,Temoso Graydone,Makgopa,2598040@students.wits.ac.za,Student,2598040,Bachelor of Science in Mechanical Engineering,Man
1817,Nkosinathi ,Kongola ,2593926@students.wits.ac.za,Student,2593926,Bachelor of science in Electrical engineering ,Man
1818,Letlhogonolo,Radiokana,3010205@students.wits.ac.za,Student,3010205,Bachelor of Science,Man
1819,Rotakala ,Ntombondo ,2347443@students.wits.ac.za,Student,2347443,Mbbch,Woman
1820,Mohammed ,Gori ,2580962@students.wits.ac.za,Student,2580962,Bachelor of Science ,Man
1821,Akhona,Zuma,2975793@students.wits.ac.za,Student,2975793,Bachelor of social worker,Woman
1822,Luscious Tamisani,Munyai,1876781@students.wits.ac.za,Student,1876781,Bachelor's of science in Electrical Engineering ,Woman
1823,Blessing,Matjokotja,2971896@students.wits.ac.za,Student,2971896,Bachelor of Accounting Science,Man
1824,Bohlale ,Makhongoane ,3038090@students.wits.ac.za,Student,3038090,LLB,Woman
1825,Anita ,Ngubevana ,2835637@students.wits.ac.za,Wits Staff Member,,,Woman
1826,Inga,Dlamini ,2720510@students.wits.ac.za,Student,2720510,Bachelor of Science ,Man
1827,Miresho ,Ramaliba ,2803039@students.wits.ac.za,Student,2803039,Bachelor of Accounting science ,Woman
1828,Mathapelo ,Monatisa ,3000384@students.wits.ac.za,Student,3000384,Bachelor of Laws,Woman
1829,Kgomotso ,Shoke ,2716880@students.wits.ac.za,Student,2716880,Bachelor of Science Engineering ,Man
1830,Ndamulelo,Phalanndwa,2952950@students.wits.ac.za,Student,2952950,Master of Arts,Man
1831,Khanyisile ,Ntuli ,2975421@students.wits.ac.za,Student,2975421,Bachelor of Pharmacy ,Woman
1832,Ntando,Phakathi,2953014@students.wits.ac.za,Student,2953014,Bachelor of Education ,Woman
1833,Ndivhuwo ,Tshivhase ,3015880@students.wits.ac.za,Student,3015880,Bsc,Man
1834,Aobakwe,Tsatsi,2968316@students.wits.ac.za,Student,2968316,MBBCh,Man
1835,Bonginkosi,Simelane,2978100@students.wits.ac.za,Student,2978100,BSc in Civil and Environmental Engineering,Man
1836,Lethabo,Mkhize,mkhizelethabo6@gmail.com,Student,2805856,Bachelor of Medicine and Bachelor of Surgery ,Non-binary
1837,Siphokazi ,Ngwenya ,Siphokazingwenya2006@gmail.com,Student,2977596,Bachelor of pharmacy ,Woman
1838,Amahle,Meyiwa,2988077@students.wits.ac.za,Student,2988077,Bachelor of Pharmacy ,Woman
1839,Sinethemba ,Lukhele ,2851495@students.wits.ac.za,Student,2851495,Bachelor of education ,Man
1840,OWETHU,BIYELA,3126768@students.wits.ac.za,Student,3126768,BA LAW,Prefer not to say
1841,Yonela,Mthombeni,2942042@students.wits.ac.za,Student,2942042,Bachelor of Nursing ,Woman
1842,Lungile,Lewis,2960254@students.wits.ac.za,Student,2960254,Master of Arts in media studies ,Woman
1843,Nandi ,Mkhize ,2977524@students.wits.ac.za,Student,2977524,Bachelor of Pharmacy ,Woman
1844,Kelebogile ,Mogopadi ,2945956@students.wits.ac.za,Student,2945956,Bachelor of education ,Woman
1845,Modupi,Mamabolo ,2979426@students.wits.ac.za,Student,2979426,Bachelor of science in Mechanical engineering ,Man
1846,Syanda,Binda,2999300@students.wits.ac.za,Student,2999300,Bachelor of Arts ,Man
1847,Zoleka,Mgcina,2593811@students.wits.ac.za,Student,2593811,Bsc Biological science ,Woman
1848,Zinhlezonke ,Bhebhe ,2813981@students.wits.ac.za,Perfomer,2813981,Bachelor science ,Man
1849,Sibahlenkosini ,Thwala,2943046@students.wits.ac.za,Student,2943046,Bachelor of Arts General,Woman
1850,Sithenkosi Mazana,2940621,2940621@students.wits.ac.za,Student,2940621,Bachelor of Medicine and Bachelor of Surgery,Man
1851,Delpha ,Skosana,2137367@students.wits.ac.za,Student,2137367,Bachelor of Science ,Woman
1852,Poelano ,Khotseng ,3155830@students.wits.ac.za,Student,3155830,B.Ed in Senior phase and FET Teaching ,Man
1853,Philasande,Ngubelanga,2734916@studenys.wits.ac.za,Student,2734916,Bachelor of Science in Engineering (chemical),Woman
1854,Azania ,Nxumalo ,3125506@students.wits.ac.za,Student,3125506,BA Film and Television ,Woman
1855,Letlhogonolo,Molalapata,3021735@students.wits.ac.za,Student,3021735,BSc Engineering (Civil),Woman
1856,Angel,Mokoena ,3175253@students.wits.ac.za,Student,3175253,Ba Hons in Development studies ,Woman
1857,Idimma Miracle,Oguchi,2664977@students.wits.ac.za,Student,2664977,Bachelor of Nursing,Woman
1858,Nomthandazo ,Mpofu ,2816282@students.wits.ac.za,Student,2816282,Bachelor of health science ,Woman
1859,Samukelisiwe ,Simelane ,2658613@students.wits.ac.za,Student,2658613,Bachelor of Science in Chemical Engineering ,Woman
1860,Ziyanda,Nhlapo,2944011@students.wits.ac.za,Student,2944011,Bachelor of Pharmacy ,Woman
1861,Masego ,Magaela,2578016@students.wits.ac.za,Student,2578016,Bachelor of Science in Geology ,Woman
1862,Isenathi ,Ndzoboyi,2944672@students.wits.ac.za,Student,2944672,Bachelor of Pharmacy,Woman
1863,Luxolo ,Ndiki,3023859@students.wits.ac.za,Student,3023859,Bachelor of Law,Man
1864,Boitumelo ,Ngubeni,2955555@students.wits.ac.za,Student,2955555,"Bachelor of Science,Engineering (Mechanical)",Woman
1865,Ntombizodwa ,Maseko,2951737@students.wits.ac.za,Student,2951737,BSc in Engineering,Woman
1866,Dimakatso,Sirovha,2568303@students.wits.ac.za,Student,2568303,Bachelor and f science chemistry with chemical engineering ,Woman
1867,Mokatau ,Kgoloko,2322592@students.wits.ac.za,Student,2322592,Bachelor of Laws,Woman
1868,Kagisho ,Thotse,2914881@students.wits.ac.za,Student,2914881,Bachelor of Accounting Science ,Woman
1869,Luthando ,Mbana ,luthando.mbana@iej.org.za,Guest,,,Man
1870,Siphelele,Robiyane,2867141@students.wits.ac.za,Student,2867141,Bachelor of Medicine and Surgery ,Man
1871,Nonhle ,Chikudo ,3145913@students.wits.ac.za,Student,3145913 ,Postdiploma in law ,Woman
1872,Buhlebenkosi,Mokwena,2665193@students.wits.ac.za,Student,2665193,Bachelor of Science in Mining Engineering,Woman
1873,Dinalane ,Makola,2702438@students.wits.ac.za,Student,2702438 ,Bachelor of Education ,Woman
1874,Moyaabo ,Selamolela ,3092938@students.wits.ac.za,Student,3092938,Bachelor of Science ,Woman
1875,Gontse ,Moloko ,2988872@students.wits.ac.za,Student,2988872,Bachelor of Pharmacy ,Woman
1876,Akum,Zoko,3063007@students.wits.ac.za,Student,3063007,Bachelor of Accounting Sciences ,Woman
1877,Matshidiso,Mokhele,2839305@students.wits.ac.za,Student,2839305,Bcom Accounting,Woman
1878,Mhle ,Vuso,2864766@students.wits.ac.za,Student,2864766,Bachelor of commerce in accounting ,Woman
1879,Letlhogonolo ,Khoza ,3080837@students.wits.ac.za,Student,3080837,Bachelor of Science in Biological Sciences ,Man
1880,Mphoyanga ,Monyae ,2856605@students.wits.ac.za,Student,2856605,Bachelor of Health Sciences ,Man
1881,Thandiswa,Nyawo ,2591662@students.wits.ac.za,Student,2591662,Bachelor of Science ,Woman
1882,Ikgomotseng ,Ntau ,2180541@students.wits.ac.za,Student,2180541,PGCE ,Woman
1883,Mukhethwa ,Mpande ,2968934@students.wits.ac.za,Student,2968934,Bachelor of health sciences ,Woman
1884,Zisanda ,Mbokane ,2582075@students.wits.ac.za,Student,2582075,Bachelor of health science ,Woman
1885,Kamohelo,Moalusi,3073413@students.wits.ac.za,Student,3073413,BA General,Man
1886,Keotshepile ,Maine,1917066@students.wits.ac.za,Student,1917066,BHSc,Woman
1887,Xikombelo ,Mathedimosa ,3022114@students.wits.ac.za,Student,3022114,Bachelor of Science ,Woman
1888,Sanelisiwe ,Philander,sanelisiwephilander@gmail.com,Student,3034747,Bachelor of Arts (Law Major),Woman
1889,Siyabonga ,Mosibi,3114893@students.wits.ac.za,Student,3114893,Bachelor of Science in Engineering(Electrical),Man
1890,Palesa,Makhalima,palesa.makhalima@gmail.com,Student,3008846,Bachelor or Arts Applied Drama and Theatre,Woman
1891,Neo Bapela,Bapela,2626288@students.wits.ac.za,Student,2626289,Bachelor of Education ,Non-binary
1892,Otlotleng,Tshabadira,2811066@students.wits.ac.za,Student,2811066,Bachelor of Accounting Science,Woman
1893,Innocentia ,Ntobela ,2826716@students.wits.ac.za,Student,2826716,Llb,Woman
1894,Mihlali,Blayi,blayiluckymihlali@gmail.com,Student,3090647,Bachelor of accounting science,Man
1895,Mashao ,Satekge ,2561625@students.wits.ac.za,Student,2561625,BSc (Hons) in Electrical Engineering ,Man
1896,Innocentia ,Ntobela ,2826716@students.wits.ac.za,Student,2826716,Llb,Woman
1897,Nqabakazi ,Ngqola ,1072494@students.wits.ac.za,Student,1072494,PGCE ,Woman
1898,Dimpho ,Mabuku,2821247@students.wits.ac.za,Student,2821247,BA law ,Woman
1899,Nilza Simao,MACUACU,1390107@students.wits.ac.za,Student,1390107,LLB,Woman
1900,Njabulo ,Banda,3141545@students.wits.ac.za,Student,3141545,Bachelor of Education in Senior phase and fet,Woman
1901,Minenhle ,Madela,2446789@students.wits.ac.za,Student,2446789,Bachelor of Laws,Woman
1902,Phahamo ,Mokubung,2953371@students.wits.ac.za,Student,2953371,Bachelor of Arts,Woman
1903,Lungelo ,Hlophe,2966258@students.wits.ac.za,Student,2966258,Bachelor of Education ,Man
1904,Manqoba,Zwane,1604401@students.wits.ac.za,Guest Speaker,,,Man
1905,Minentle,Mpahleni ,3081676@students.wits.ac.za,Student,3081676 ,Bachelor of accounting science ,Man
1906,ORATILWE ANASTACIA,MALISHA,2626246@students.wits.ac.za,Student,2626246,BA LAW,Woman
1907,Dshamilja,Roshani,dshamilja.roshani@gmail.com,Student,2131443,MA Journalism,Non-binary
1908,Chuma ,Jara,2943331@students.wits.ac.za,Student,2943331,Bachelor of Science,Woman
1909,Ukhanye,Mwexo,2588583@students.wits.ac.za,Student,2588583,Post Graduate Diploma in Accounting,Woman
1910,Ntokozo ,Ncama ,2833052@students.wits.ac.za,Student,2833052 ,BSc Geology ,Woman
1911,Leagilwe Basetsana ,Mathibe ,3175222@students.wits.ac.za,Student,3175222,Bachelor of Arts (General),Woman
1912,Panashe ,Malatsi,3019752@students.wits.ac.za,Student,3019752,Bachelor of Commerce,Man
1913,Kgothatso ,Phaho ,2965106@students.wits.ac.za,Student,2965106,Bcom accounting ,Woman
1914,MTHOBISI,NENE,3154570@STUDENTS.WITS.AC.ZA,Student,3164570,BACHELOR OF ARTS,Man
1915,Othandwayo ,Dibela,2974843@students.wits.ac.za,Student,2974843,Chemical Engineering ,Woman
1916,Orefemetse ,Mapapanyane ,2806067@students.wits.ac.za,Student,2806067,BSc Mining Engineering ,Woman
1917,Lebo ,Sethosa ,lebosethosa1@gmail.com,Student,3026082,Bachelor of education ,Woman
1918,Nonkanyezi ,Gumede ,nonkanyezigumede@gmail.com,Student,2288353,Master of education ,Woman
1919,Vhuhwavho,Mugwedi,2566449@students.wits.ac.za,Student,2566449,Bsc Electrical & Information Engineering,Woman
1920,Katlego ,Mashinye ,296116@students.wits.ac.za,Student,2961161,MBBCH ,Woman
1921,Lethabo,Sefoka,2947206@students.wits.ac.za,Student,2947206,Bachelor of Laws ,Woman
1922,Norman ,Mpati ,2118182@students.wits.ac.za,Student,2118182,BCom Hons Business science ,Man
1923,Lethabo ,Lekokwane,3011751@students.wits.ac.za,Student,3011751,Bachelor of Education ,Man
1924,Lethukukhanya ,Mndawe ,2576838@students.wits.ac.za,Student,2576838,Bachelor of Accounting Science ,Woman
1925,Siyabulela ,Mke,3008849@students.wits.ac.za,Student,3008849,Bachelor of Education in Senior and FET Phase,Woman
1926,Lethabo ,Lekokwane,3011751@students.wits.ac.za,Student,3011751,Bachelor of Education ,Man
1927,Asanda ,Ngcobo,3012180@students.wits.ac.za,Student,3012180,Accounting science ,Man
1928,Maruping,Phasha ,2967422@students.wits.ac.za,Student,2967422,Bachelor of Accounting Science ,Man
1929,Sphephelo ,Mdunge,sphephelomdunge28@gmail.com,Student,1650243,LLB ,Woman
1930,Sinenhlanhla ,Mokalapa ,3173734@wits.students.ac.za,Student,3173734,Bachelor of arts majoring in law,Woman
1931,Tefo,Sinqaba,tfsinqabasnakhokonke@gmail.com,Student,2973331,Bachelor of Accounting Science ,Man
1932,Lulama ,Mthimunye ,2799472@students.wits.ac.za,Student,2799472,Bsc geology ,Woman
1933,Wilson,Xaba,wilsonmzuzu24@gmail.com,Student,219517289,Civil Engineering,Man
1934,Ntsepeng ,Lequoa ,2347329@students.wits.sc.za,Student,2347329,Bachelor of education ,Woman
1935,Lwandle ,Mbhele,2946231@students.wits.ac.za,Student,2946231,Bachelor of Science in Property studies,Woman
1936,Vuyo  ,Mbedu,2451117@students.wits.ac.za,Student,2451117,Economic Sciences ,Man
1937,Chinuere Grace,Uwakwem,2834125@students.wits.ac.za,Student,2834125,Bachelor of Accounting Science,Woman
1938,Kganyisa,Sechotlho,3096968@students.wits.ac.za,Student,3096968,Bachelor of Laws,Woman
1939,Siphesihle ,Gonya ,2825455@students.wits.ac.za,Student,2825455,Bachelor of Science Computer Science ,Man
1940,Somila ,Ngozi ,2864389@students.wits.ac.za,Student,2864389,Bachelor of Science ,Man
1941,Vhuthuhawe ,Tseisa ,3072939@students.wits.ac.za,Student,3072939,Bachelor of Accounting science ,Man
1942,Karabo Litabe,Litabe,2853282@students.wits.ac.za,Student,2853292,Bachelor of Science,Woman
1943,Amahle ,Thobela ,2563687@students.wits.ac.za,Student,2563687,Bachelor of economic science ,Woman
1944,Fortune ,Morapedi ,morapedifortunate2@gmail.com,Guest,,,Woman
1945,Nandi,Mpofu ,nandi.mpofu12@gmail.com,Student,2135232,Bachelor of digital arts ,Woman
1946,Khethokuhle ,Gamedze ,3068257@students.wits.ac.za,Student,3068257,Bachelor in Chemical engineering ,Man
1947,Nompumelelo ,Kumalo,2823025@students.wits.ac.za,Student,2823025,Bsc Urban and Regional Planning,Woman
1948,Onwaba ,Sobetwa ,onwabasobetwa@gmail.com,Student,2945380,Accounting Sciences ,Man
1949,Khayalethu,Vuma ,2980515@students.wits.ac.za,Student,2980515,BSc Computer Science ,Man
1950,Boikhutso ,Lepholletse ,khutsolep24@gmail.com,Student,2480635,Bachelor of science in engineering,Man
1951,Resego ,Bogosi ,2813315@students.wits.ac.za,Student,2813315,Bachelor of Science in Engineering Metallurgy and Materials ,Woman
1952,Paseka Lobang,Magaseng ,2837018@students.wits.ac.za,Student,2837018,BSC of Engineering (mining),Man
1953,Hamisha,Bhana,Hamisha.Bhana@wits.ac.za,Wits Staff Member,,,Woman
1954,Muneiwa,Themeli,2727664@students.wits.ac.za,Guest,,,Woman
1955,Lindokuhle ,Sibeko ,2669719@students.wits.ac.za,Student,2669719,BA Gen,Man
1956,Letlotlo,Marumo,letlotlomarumo97@gmail.com,Student,3067007,Bachelor of Accounting Science ,Man
1957,Sinakhokonke ,Nxumalo ,2627755@students.wits.ac.za,Student,2627755 ,Bachelor of Laws,Man
1958,Rodney,Munzhedzi ,2252181@students.wits.ac.za,Student,2252181,Bachelor of science in engineering ,Man
1959,Lwando ,Tancu,3094007@students.wits.ac.za,Student,3094007,Bcom Accounting,Man
1960,Asanda ,Khwela ,3038211@students.wits.ac.za,Student,3038211 ,Bachelor of Education ,Woman
1961,Joseph ,Nokaneng,2559496@students.wits.ac.za,Student,2559496,Bachelor of Science in Engineering (Electrical),Man
1962,Charlotte,Joja ,charlottenjoja@gmail.com,Wits Staff Member,,,Woman
1963,Luyanda ,Zungu ,2947227@students.ac.za,Student,2947227@student.wits.ac.za,Bachelor of Arts ,Woman
1964,Ntokozo ,Ntshangase ,3024164@students.wits.ac.za,Student,3024164,Bachelor of Commerce ,Man
1965,Kedibone ,Raselaya ,Kedibonea768@gmail.com,Student,2987447,Bachelor of education ,Woman
1966,Sandile,Sibanda,2889791@students.wits.ac.za,Guest Speaker,,,Man
1967,Tshepiso ,Pilane,itshepiso89@gmail.com,Student,2688818,Bachelor Of Science,Man
1968,Bongiwe ,Mbatha,2434180@students.wits.ac.za,Student,2434180,Bachelor of Laws,Woman
1969,Tshenolo ,Khasu,3035143@students.wits.ac.za,Student,3035143,Ba in law,Man
1970,Noluthando ,Nene,2351617@students.wits.ac.za,Student,2351617,LLB,Non-binary
1971,Portia ,Mosime,1146933@students.wits.ac.za,Student,1146933,MA in African Languages and Linguistics ,Woman
1972,Lebogang ,Skosana ,lebogangskosana18@gmail.com,Student,2604050,LLB,Woman
1973,Sinethemba,Jordan,2999813@students.wits.ac.za,Student,2999813,Bachelor of Education,Man
1974,Kamohelo ,Mofokeng ,2668578@students.wits.ac.za,Student,2668578,BEd in Senior and FET ,Man
1975,Boago,Lerapego,2505666@students.wits.ac.za,Student,2505666,Bachelor of Science in Engineering ,Man
1976,Wazingcebo ,Sithole,wazingcebosithole@gmail.com,Student,2970764,BSc in Computer Science ,Man
1977,Mbalenhle ,Ngwenya ,2868902@students.wits.ac.za,Student,2868902,Bachelor of science in Civil Engineering ,Woman
1978,Isikelele ,Mpoto ,2464298@students.wits.ac.za,Wits Staff Member,,,Woman
1979,Nandi ,de Beer,2506928@students.wits.ac.za,Student,2506928,BSc,Woman
1980,Karabo ,Tsotetsi,1361737@students.wits.ac.za,Student,1361737,Bachelor of Commerce Marketing ,Woman
1981,Dimpho,Sanyane,2662351@students.wits.ac.za,Student,2662351,Bachelor of medicine and surgery,Woman
1982,Realeboga,Nemurura,2440447@students.wits.ac.za,Student,2440447,LLB,Woman
1983,Mokone,Mokone,2997642@students.wits.ac.za,Student,2997642,Bachelor of Health Sciences,Man
1984,Londeka ,Ngema ,2553294@students.wits.ac.za,Student,2553294,LLB,Woman
1985,Nomvuselelo ,Phoswa,phoswanomvuselelo0@gmail.com,Student,1869047,Bachelor of Arts in music,Non-binary
1986,Mpho,Mokoka,2719303@students.wits.ac.za,Student,2719303,Bachelor of Education in Senior Phase and FET Teaching ,Woman
1987,Ndimpiwe ,Gosa,A0086801@wits.ac.za,Wits Staff Member,,,Man
1988,Matshidiso ,Mofokeng ,2663353@students.wits.ac.za,Student,2663353,Post graduate diploma in accounting ,Woman
1989,Khanyi ,Gumede,khanyigumede2010@gmail.com,Guest,,,Woman
1990,Puseletso ,Mphalo,2597271@students.wits.ac.za,Student,2597271,Bachelor of Education Honours,Woman
1991,Gugu,Somtunzi,gugusomtunzi60@gmail.com,Student,2587771,Masters ,Woman
1992,Marvellous ,Zwane,Marvellouszwane@gmail.com,Student,2252037,Doctor of philosophy in digital arts,Man
1993,Kabelo ,Thando,kbiikhumalo@gmail.com,Guest,,,Man
1994,Sandisiwe ,Ngcobo ,2957827@students.wits.ac.za,Student,2957827,Bachelor of science Engineering ,Woman
1995,Blessing,Bvuma,2829835@students.wits.ac.za,Student,2829835,Bachelor of Science ,Woman
1996,ZINHLE ,MACHIKA ,3145136@students.wits.ac.za,Student,3145136,Bachelor of Arts,Woman
1997,Fulufhelo ,Mavhungu ,3107327@students.wits.ac.za,Student,3107327 ,Bachelor of Education ,Man
1998,Bongani,Ngwenya,1851961@students.wits.ac.za,Student,1851961,Bachelor of Science in Engineering (Electrical),Man
1999,Khothatso ,Mogasoa ,mogasoakhothatso78@gmail.com,Student,3116588,Bachelor of Commerce in Accounting ,Man
2000,Refentse ,Magongoa ,3020022@students.wits.ac.za,Student,3020022,Bachelor of Education ,Woman
2001,Sfiso,Mbatha ,2076154@students.wits.ac.za,Student,2076154,BA Honours,Man
2002,Oratile ,Zulu,3148833@students.wits.ac.za,Student,3148833,Bachelor of Commerce ,Man
2003,Oratile ,Zulu,3148833@students.wits.ac.za,Perfomer,3148833,Bachelor of Commerce ,Man
2004,Lihle ,Manana ,2600692@students.wits.ac.za,Student,2600692 ,LLB ,Woman
2005,Michael ,Mokolokolo,2550301@students.wits.ac.za,Student,2550301,Bachelor of Education ,Man
2006,Oratile,Zulu,3148833@students.wits.ac.za,Student,3148833,Bachelor of Commerce ,Man
2007,Luthando,Nogeyisi,2687794@students.wits.ac.za,Student,2687794,Bachelor of Education ,Man
2008,Boikhutso ,Lepholletse ,khutsolep24@gmail.com,Perfomer,2480635,Bachelor of Science in Engineering (Metallurgy and Material Science),Man
2009,Oratile ,Zulu,3148833@students.wits.ac.za,Perfomer,3148833,Bachelor of Commerce ,Man
2010,Sinalo ,Vala,2901474@students.wits.ac.za,Student,2901474,Bachelor of Commerce in Accounting ,Woman
2011,Charmaine ,Gazide ,2714675@students.wits.ac.za,Student,2714675,Bachelor of commerce ,Woman
2012,Perseverance ,Malungana ,2871249@students.wits.ac.za,Student,2871249,Bachelor of Science in Engineering (Electrical),Man
2013,Matsiri,Mahlako,2662418@students.wits.ac.za,Student,2662418,MBBCH,Man
2014,Navhani ,Tshikosi,1835981@students.wits.ac.za,Wits Staff Member,,,Man
2015,Mvelelo,Macebele,mvelelo.richards@gmail.com,Guest,,,Man
2016,Seipati ,Nowe,2975076@students.wits.ac.za,Student,2975076,Bachelor of Accounting Science ,Woman
2017,Ntokozo ,Mabunda,862270@students.wits.co.za,Student,862270,BA Law,Woman
2018,Lerato ,Kadiaka ,2567806@students.wits.ac.za,Student,2567806,Bachelor of Education ,Woman
2019,Sazile,Hadebe,3034456@students.wits.ac.za,Student,3034456,Bachelor of Science in Geological Science ,Man
2020,Ayabonga ,Ndinga ,3061359@students.wits.ac.za,Student,3061359,Bachelor of Accounting science ,Man
2021,Likho ,Maguma ,2811996@students.wits.ac.za,Student,2811996,Bachelor of science ,Man
2022,Ndzalama ,Baloyi,2613149@students.wits.ac.za,Student,2613149,Bachelor of Education Hons,Woman
2023,Ntokozo,Mabunda,862270@students.wits.ac.za,Student,862270,BA LAW,Woman
2024,Snenhlanhla ,Zungu,3081753@students.wits.ac.za,Student,3081753,Bachelor of Arts ,Woman
2025,Julia,Ndlovu ,2906719@students.wits.ac.za,Student,2906719,BEd,Woman
2026,Shantell,Mbatha,1260544@students.wits.ac.za,Student,1260544,Master of Science,Woman
2027,Angel ,Mmotong ,2589432@students.wits.ac.za,Student,2589432,Bachelor of Science ,Non-binary
2028,Banele Thando ,KUNENE,2656186@students.wits.ac.za,Student,2656186,Bachelor of education ,Man
2029,Lesego ,Matiba ,2193661@students.wits.ac.za,Student,2193661,Postgraduate Certificate in Education ,Woman
2030,Memory ,Ntsonyana ,memory.matseko@gmail.com,Student,2702647,Master of Arts in e-Science ,Woman
2031,Aphiwe,Hlengwa,2556557@students.wits.ac.za,Student,2556557,Bachelor of Laws,Woman
2032,Lucky Vusi,Mthimunye,lucky.mthimunye@wits.ac.za,Wits Staff Member,,,Man
2033,Iona Reonette,Nyembe,308379@students.wits.ac.za,Student,3083179,Bachelor of Health Sciences ,Woman
2034,Ashley, Sihlangu,2873178@students.wits.ac.za,Student,2873178,Bachelor of Arts in Digital Arts,Woman
2035,Ntando ,Vukeya ,2668315@students.wits.ac.za,Student,2668315,Bachelor of Laws ,Woman
2036,Dimpho,Bojong,3013864@students.wits.ac.za,Student,3013864,Bachelor of Sciences in Engineering,Man
2037,Hlelokuhle ,Xaba ,3095299@students.wits.ac.za,Student,3095299,Bachelor of Accounting Sciences,Woman
2038,Ernest,Molelle,1478859@students.wits.ac.za,Student,1478859,Engineering,Man
2039,Lungile,Sibiya,3092584@students.wits.ac.za,Student,3092584,Bachelor of Accounting Sciences,Woman
2040,Bridjett ,Maphiri ,maphirisinenjongo@gmail.com,Guest,,,Woman
2041,Tshegofatso ,Matabane,1352192@students.wits.ac.za,Student,1352192,MA ,Woman
2042,Lesego,Kock,2683721@students.wits.ac.za,Student,2683721,Bachelor of Medicine and Surgery,Man
2043,Lehumo Jerry ,Mathedimossa,lehumojerry3@icloud.com,Student,2586961,Bachelor of Accounting Sciences,Man
2044,Vutshila ,Nkuna ,3133305@students.wits.ac.za,Student,3133305,Bachelor of Law,Woman
2045,Shekinah ,Mabhena ,2578918@students.wits.ac.za,Student,2578918,Bachelor of Science ,Woman
2046,Blessing ,Kodze,Blessingeleer@gmail.com,Student,2560370,BSc ,Man
2047,Banele Lindani,Sabela ,2704483@students.wits.ac.za,Student,2704483,Bachelor of Education,Man
2048,Tanya ,Stoltz,3120534@students.wits.ac.za,Student,3120534,BA Honours in Development Studies ,Woman
2049,Njabulo,Sekhosana,2613655@students.wits.ac.za,Student,2613655,Master of Laws,Woman
2050,Lebohang ,Mazibuko,2489638@students.wits.ac.za,Student,2489638,Bachelor of Arts,Woman
2051,Samkelo Ntando,Gwala,2899261@students.wits.ac.za,Student,2899261,Bachelor of Science,Man
2052,Dzunisani ,Khumalo ,2954462@students.wits.ac.za,Student,2954462,Bsc Actuarial Science ,Man
2053,Muhluri ,Baloyi,2544208@students.wits.ac.za,Student,2544208,Master of science ,Woman
2054,Nolwazi ,Mavuso,mavusonolwazi1@gmail.com,Student,2654890,Postgraduate diploma in accountancy ,Woman
2055,Smangaliso ,Mabada ,2460894@students.wits.ac.za,Student,2460894,Msc in science,Woman
2056,Blessing Xabiso ,Ndukwe ,2815801@students.wits.ac.za,Student,2815801,Bachelor ,Woman
2057,Anastasia,Mbangwa,3162724@students.wits.ac.za,Student,3162724,Bsc in Construction studies,Woman
2058,Vutivi,Tshabalala ,Vutivikeri@gmail.com,Guest,,,Woman
2059,Salome ,Mokumo ,2444271@students.wits.ac.za,Student,2444271,PGCE,Woman
2060,Okuhle ,Dlezi,2900100@students.wits.ac.za,Student,2900100,Bachelor of Laws,Woman
2061,Fikile Angel ,Ndlovu ,2626759@students.wits.ac.za,Student,2626759,Bachelor of Education ,Woman
2062,Khanyisile,Zwane,3143661@students.wits.ac.za,Student,3143661,Bachelor of Arts,Woman
2063,Damatria,Ntintili ,damatriantintili@gmail.com,Student,2654981,Bachelor of Arts ,Woman
2064,Sbusiso,Ketwa,3167906@students.wits.ac.za,Student,3167906,Bachelor of Arts ,Man
2065,Refentse,Manamela,2835966@students.wits.ac.za,Student,2835966,Bachelor of Science ,Man
2066,Nqobile ,Cele,2689817@students.wits.ac.zw,Student,2689817,BA Law,Woman
2067,Anele ,Sontenze,2581457@students.wits.ac.za,Student,2581457,Bachelor of Accounting Science ,Woman
2068,Ntebokgeng ,Peter,ntebokgengpeter@gmail.com,Student,2597941,Bachelor of Science in Construction Studies ,Woman
2069,Lutricia ,Nku6,2828151@students.wits.ac.za,Student,2828151,BSC Aeronautical Engineering ,Woman
2070,Sipho,Letageng,2703361@students.wits.ac.za,Student,2703361,Bachelor of Accounting science,Man
2071,Limnandi ,Paca,3093430@students.wits.ac.za,Student,3093430,Bachelor of Commerce,Man
2072,Limnandi ,Paca,3093430@students.wits.ac.za,Student,3093430,Bachelor of Commerce,Man
2073,Lincon Nhlahla,Maluleke,1842694@students.wits.ac.za,Student,1842694,MSc in Environmental Chemistry ,Man
2074,Tsholofelo ,Simango ,2694705@students.wits.ac.za,Student,2684705,BSc Biological Sciences ,Woman
2075,Cebolenkosi ,Malinga ,malinga.angel10@gmail.com,Student,2670319,Bachelor of Science in Chemical Engineering ,Woman
2076,Buhle-Ndivhuwo ,Mokgwakgwa,2862664@students.wits.ac.za,Student,2862664,BA in Film and Television,Woman
2077,Fikile,Teleko,2711870@students.wits.ac.za,Student,2711870,Bachelor of Sciences ,Woman
2078,Nkosingiphile ,Dlamini,2974625@students.wits.ac.za,Student,2974625,Bcom Law ,Man
2079,Moore Hope ,Letsoalo,2975807@students.wits.ac.za,Student,2975807,Bcom General ,Woman
2080,Shitsombe,Mahungu,2719450@students.wits.ac.za,Student,2719450,Bachelor of Science,Man
2081,Monde,Mcetywa,2671142@students.wits.ac.za,Student,2671142,Bachelor of Clinical Medical Practice ,Man
2082,Bridgette ,Tshohlang ,2552670@students.wits.ac.za,Student,2552670,Bachelor of Science in Mining Engineering ,Woman
2083,Zvikomborero ,Chivizhe,2862988@students.wits.ac.za,Student,2862988,Bachelor of Science in biological science ,Woman
2084,Damian,Nel,2950668@students.wits.ac.za,Student,2950668,Bachelor of Science,Man
2085,Anethemba ,Zondani ,2863485@students.wits.ac.za,Student,2863485,Bachelor of Arts ,Woman
2086,Bongani ,Sekgala,2553782@students.wits.ac.za,Student,2553782,BSc Mechanical Engineering ,Man
2087,Bokamoso,Mampe,2555317@students.wits.ac.za,Student,2555317,Bachelor of Science ,Woman
2088,Rachel ,Sibeko ,2681418@students.wits.ac.za,Student,2681418,Bcom Information Systems ,Woman
2089,Bocasho,Braaf,bocashopeterbraaf@gmail.com,Guest,,,Man
2090,Hope,Ramodike,2685470@students.wits.ac.za,Student,2685470,Bachelor of Science,Woman
2091,Maitse ,Motaung ,2738056@students.wits.ac.za,Student,2738056,Bachelor of Science,Man
2092,Bohlale ,Makhura ,2952730@students.wits.ac.za,Student,2952730,Bachelor of Science ,Man
2093,Jabulile ,Shongwe,2543474@students.wits.ac.za,Student,2543474,Bachelor of Nursing,Woman
2094,Takura ,Gapu,2955906@students.wits.ac.za,Student,2955906,Laws ,Man
2095,Bonolo ,Phasha ,2956539@students.wits.ac.za,Student,2956539,Bachelor of Medicine and Bachelor of Surgery ,Woman
2096,Keratile ,Teka ,2350967@students.wits.ac.za,Student,2350967,Bachelor of Education ,Woman
2097,Thoko,Kubheka,2952972@students.wits.ac.za,Student,2952972,Bachelor of Science,Woman
2098,Fredson ,Monyai ,1066613@students.wits.ac.za,Student,1066613,BSc Engineering ,Man
2099,Nothando ,Kunene ,nothandokunene.nk@gmail.com,Guest,,,Woman
2100,Mulimisi,Rammela,2838865@students.wits.ac.za,Student,2838865,Bachelor of Science ,Man
2101,Hussein,Kosan,2115920@students.wits.ac.za,Student,2115920,MSc in medicine ,Woman
2102,Selaelo ,Lehomo,2572859@students.wits.ac.za,Student,2572859,Bsc in Electrical Engineering ,Man
2103,Naganang ,Teka,3033058@students.wits.ac.za,Student,3033058,Bachelor of Arts,Woman
2104,George ,Ledwaba,3005694@students.wits.ac.za,Student,3005694,Bachelor of Education ,Man
2105,Bathandwa,Mpilo,3115358@students.wits.ac.za,Student,3115358,Bcom Accounting,Man
2106,Karabo,Baloyi,2873287@students.wits.ac.za,Student,2873287,MBBCH,Woman
2107,Kobela Confidence,Nakene,2801105@students.wits.ac.za,Student,2801105,Bachelor of Science ,Woman
2108,Clement ,Ndou,2883878@students.wits.ac.za,Student,2883878,BEd,Man
2109,Enno,Ottie,2998251@students.wits.ac.za,Student,2998251,Bachelor of Science,Woman
2110,Bongeka ,Xana,2825838@students.wits.ac.za,Student,2825838,Bachelor of Education ,Woman
2111,Tshiamo ,Molefe,2815749@students.wits.ac.za,Student,2815749,Bachelor of education ,Man
2112,Nompumelelo ,Mqutyulwa ,2817955@students.wits.ac.za,Student,2817955,Bachelor of Education ,Woman
2113,Wandile,Nkomonde,2715311@students.wits.ac.za,Student,2715311,Bachelor of Science Honours in Urban and Regional Planning,Man
2114,Lerato,Tsotetsi ,2857135@students.wits.ac.za,Student,2857135,BsC Physiotherapy ,Woman
2115,Ayanda,Thobane,ayandathobane477@gmail.com,Student,2458968,Master of Commerce,Woman
2116,Lwandile,Ntuli,2651583@students.wits.ac.za,Student,2651683,Bachelor of Education,Woman
2117,Omolemo,Maimela,2683894@students.wits.ac.za,Student,2683894,BSC mining engineering ,Woman
2118,Sindiswa ,Tilane,sindiswa.tilane@wits.ac.za,Wits Staff Member,,,Woman
2119,Lungile,Ndaba,2981034@students.wits.ac.za,Student,2981034,Bachelor of Science (Biological Sciences),Woman
2120,Dikeledi,Seleka,dseleka@dynamictimz.co.za,Guest,,,Woman
2121,Zipho,Ntuli,2852584@students.wits.ac.za,Student,2852584,Bachelor of Education,Woman
2122,Anele,Mazibuko,2989844@students.wits.ac.za,Student,2989844,Bcom Accounting,Woman
2123,Kgalalelo ,Seema,klseema.07@gmail.com,Student,3083517,Bachelor of Education ,Man
2124,Bakhona ,Mkhize ,2840684@students.wits.ac.za,Student,2840684,Bachelor of Medicine and Bachelor of Surgery ,Man
2125,Keotshepile ,Sentsho ,3106797@students.wits.ac.za,Student,3106797,BSc geology ,Man
2126,Presence ,Tshabango ,2574968@students.wits.ac.za,Student,2574968,Bachelor of Education ,Woman
2127,Sinoxolo,Somtshazo,2728095@students.wits.ac.za,Student,272895,Bachelor of Education ,Woman
2128,Xolani ,Molebatsi,2610240@students.wits.ac.za,Student,2610240,LLB,Man
2129,Mmathapelo,Nkoale,3005444@students.wits.ac.za,Student,3005444 ,Bachelor of Commerce ,Woman
2130,Asanda Nothile,Radebe,2839762@students.wits.ac.za,Student,2839762,Bachelor of science,Woman
2131,Nokuthula,Hadebe,2980505@students.wits.ac.za,Student,2980505,Bachelor of Science ,Woman
2132,Juans,Sithole,3024597@students.wits.ac.za,Student,3024597,Bachelor of arts,Woman
2133,Ayanda,Mvumbi,2826389@students.wits.ac.za,Student,2826389,BA general 3rd year,Man
2134,Kabelo ,Malatji ,2742265@students.wits.ac.za,Student,2742265,Bachelor of science ,Man
2135,Thaketjie,Matloa,2598764@students.wits.ac.za,Student,2598764,Bachelor of Commerce in Accounting ,Man
2136,Thando,Khoza,2954716@students.wits.ac.za,Student,2954716,BSc Chemical Engineering ,Woman
2137,Andiswa,Mdluli,2694214@students.wits.ac.za,Student,2694214,Bachelor of Health Sciences,Woman
2138,Takalani ,Mudau ,2661731@students.wits.ac.za,Student,2661731,Bachelor of Engineering Science,Woman
2139,Enkosi ,Ntlabati,3102919@students.wits.ac.za,Student,3102919,Medicine,Man
2140,Joshua,Pillay,2662244@students.wits.ac.za,Student,2662244,MBBCH ,Man
2141,Brian,Makena ,Brian.makena@wits.ac.za,Wits Staff Member,,,Man
2142,Refilwe,Phoshoko ,2985048@students.wits.ac.za,Student,2985048,Bachelor of Science in Occupational Therapy ,Woman
2143,Tshegofatso ,Motaung ,2895354@students.wits.ac.za,Student,2895354,BSc in Mining Engineering ,Man
2144,Zuziwe,Ndlela,2050427@students.wits.ac.za,Student,2050427,Master of Arts,Woman
2145,Mokgadi,Nare,2956429@students.wits.ac.za,Student,2956429,Bsc in Construction Studies ,Woman
2146,Diana,Anyadiegwu,2949133@students.wits.ac.za,Student,2949133,Bachelor of Medicine and Surgery,Woman
2147,Lisa,Mkhwanazi ,2995731@students.wits.ac.za,Student,2995731,Bachelor of Clinical Medical Practice ,Woman
2148,Uhone,Masia,uhonesitlhangu@gmail.com,Student,3120606,Mbbch,Man
2149,Lerato,Senyakoe,2712918@students.wits.ac.za,Student,2712918,Bachelor of Social Work,Woman
2150,Karabo,Ndou,2896761@students.wits.ac.za,Student,2896761,Science,Woman
2151,Benita,Mwambenu,Lumbwambenu@gmail.com,Student,2814310,Bachelor of Accounting Science ,Woman
2152,Tinaye,Madziya,2834969@students.wits.ac.za,Student,2834969,Bachelor of Science ,Woman
2153,Amahle,Zondo ,2696820@students.wits.ac.za,Student,2696820,BSc of Physiotherapist ,Woman
2154,Kaone,Modibedi,2451652@students.wits.ac.za,Student,2451652,Mining Engineering ,Man
2155,Kefilwe ,Heisi ,2848337@students.wits.ac.za,Student,2848337,Bachelor of Health Science ,Woman
2156,Blessing ,Thulo,2939501@students.wits.ac.za,Student,2939501,"Bachelor of Science, Chemical engineering ",Woman
2157,Ngcebo Nkanyezi,Mkhize,ngcebomkhize1@gmail.com,Student,3069290,Bachelors of lae,Woman
2158,Karabo ,Morajane ,2707162@students.wits.ac.za,Student,2707162,Bachelor of sc6,Woman
2159,Manelisi,Maile,3143854@students.wits.ac.za,Student,3143854,Bachelor of Accounting Science ,Man
2160,Bongiwe ,Dzingwa ,2720490@students.wits.ac.za,Student,2720490,Bachelor of Science (OT) ,Woman
2161,Emihle,Ntsendwana ,2855422@students.wits.ac.za,Student,2855422,Bachelor of Arts,Woman
2162,Dimpho,Makama,2662349@students.wits.ac.za,Student,2662349,Bsc Physiotherapy ,Woman
2163,Seanokeng ,Mathebe ,3084375@Students.wits.ac.za,Student,3084375,Bachelor of Accounting Science ,Woman
2164,Mulweli,Mudau,1482422@students.wits.ac.za,Student,1482422,Doctor of Philosophy,Man
2165,Ntsako ,Nkuna,nnkuna202@gmail.com,Guest,,,Man
2166,Neo,Mojapelo ,comfortneo74@gmail.com,Guest,,,Woman
2167,Lethabo ,Mongatane ,2867542@students.wits.ac.za,Student,2867542,Bachelor of education ,Woman
2168,Refilwe,Kgomo,3178821@students.wits.ac.za,Student,3178821,Masters in Heritage ,Woman
2169,Lesedi ,Mogotloane ,3038361@students.wits.ac.za,Student,3038361,Bachelor of Laws,Woman
2170,Litha ,Geza,3006514@students.wits.ac.za,Student,3006514,Bachelor of Accounting Science,Man
2171,Katlego ,Moruthane,2710344@students.wits.ac.za,Student,2710344,Bachelor of Eduaction in foundation phase ,Woman
2172,Lerato,Ndimande,2667898@students.wits.ac.za,Student,2667898,Bachelor of Science,Woman
2173,LeeAnn,Nkuna,2623623@students.wits.ac.za,Student,2623623,Bachelor of Education ,Woman
2174,Keletso,Rampeayi ,2917308@students.wits.ac.za,Student,2917308,Bachelor of Laws (LLB),Woman
2175,Tebogo ,Matlou,2943336@students.wits.ac.za,Student,2943336,Bachelor of Nursing ,Man
2176,Mapenane,Ramogayana,2991087@students.wits.ac.za,Student,2991087,Bachelor of education ,Woman
2177,Siphokuhle ,Zulu ,2107596@students.wits.ac.za,Student,2107596,Bachelor of Science in Electrical Engineering (Hons),Woman
2178,Surprise ,Ntambo ,2974030@students.wits.ac.za,Student,2974030,BSC Mechanical Engineering ,Man
2179,Buhlebenkosi,Masuku,bnmasuku@icloud.com,Student,3010661,BA law ,Woman
2180,Andile,Mbambo ,2972667@students.wits.ac.za,Student,2972667,Bachelor in engineering ,Man
2181,Luyanda,Mantshintshi ,3036844@students.wits.ac.za,Student,3036844,Metallurgical engineering ,Man
2182,Sibongakonke,Mahwayi,sbongakonkhes@gmail.com,Student,2949412,Bachelor in accounting science,Man
2183,Bontle,Mokgokolo,2713467@students.wits.ac.za,Student,2713467,Bachelor of Science (Construction Studies),Woman
2184,Ofentse ,Rakoo,2823020@students.wits.ac.za,Student,2823020,Bachelor of Science ,Woman
2185,Andile,Mbambo ,2972667@students.wits.ac.za,Student,2972667,Bachelor in engineering ,Man
2186,Uminathi ,Nxumalo ,umi.nxumalo@icloud.com,Student,2949399,Bachelor of arts ,Woman
2187,Paula,Goenha,2801511@students.wits.ac.za,Student,2801511,Bachelor of Nursing ,Woman
2188,Mpumelelo,Mashabane,2580608@Students.wits.ac.za,Student,2580608,Masters of Management,Woman
2189,Uminathi ,Nxumalo ,umi.nxumalo@icloud.com,Student,2949399,Bachelor of arts ,Woman
2190,Mbali ,Mgudlwa,mbalimgudlwa7@gmail.com,Student,2940216,Film and Television ,Woman
2191,Makoma,Mfopa,2769610@students.wits.ac.za,Student,2769610,Accounting ,Woman
2192,Khonjwangenhlahla ,Ndabandaba ,1437277@students.wits.ac.za,Student,1437277,Bachelor of law,Woman
2193,Nokwanda ,Makhaza ,3013505@students.wits.ac.za,Student,3013505,Bachelor of Accounting Science ,Woman
2194,Bahumi ,Thembo,bahumi03@icloud.com,Student,3174103,Bachelor of Arts ,Woman
2195,Musa,Sangqu,2992226@students.wits.ac.za,Student,2992226,BPharm,Man
2196,Paballo ,Kgotle,2439839@students.wits.ac.za,Student,2439839,Bachelor of Science in Occupational Therapy ,Woman
2197,Asande,Zikalala,2480764@students.wits.ac.za,Student,2480764,Metallurgical engineering ,Man
2198,Scebile ,Gumede,2860407@students.wits.ac.za,Student,2860407,Bachelor of Science Construction (in the field of property),Woman
2199,Mpumelelo,Ngubeni,2812429@students.wits.ac.za,Student,2812429,Mining Engineering ,Man
2200,Lushaka,Mushasha,2831443@students.wits.ac.za,Student,2831443,Bachelor of Education ,Man
2201,Tshenolo ,Molokwane ,tshenolomolokwane@gmail.com,Guest,,,Man
2202,Amahle ,Buthelezi,amahlesnenhlahla439@gmail.com,Student,3093423,bachelor of Accounting Science,Woman
2203,Phillemon ,Ramalepe,Phillemon.Ramalepe@wits.ac.za,Wits Staff Member,,,Man
2204,Realotsha ,Selatole ,2701645@students.wits.ac.za,Student,2701645,Bachelor of Health Science ,Woman
2205,LESLEY,Ramaila,2844464@students.wits.ac.za,Student,2844464,Bachelor of Education ,Man
2206,Ayabulela ,Sirayi,2455656@students.wits.ac.za,Student,2455656,Bachelor of Laws,Man
2207,Amahle,Chiya,2875143@students.wits.ac.za,Student,2875143,Bachelor of Education ,Woman
2208,Olga,Mphahlele ,olga.mphahlele94@gmail.com,Guest,,,Woman
2209,Kananelo ,Rakatane ,2836485@students.wits.ac.za,Student,2836485,Bachelor of education ,Man
2210,Kwindla,Deyi,kwindlanomalizo@gmail.com,Student,3060388,Bachelor of Arts ,Woman
2211,Moloko,Moloto,molokomoloto@gmail.com,Guest,,,Man
2212,Mxolisi,Mthiya,mxolisimthiyacosta@gmail.com,Student,2786139,Bachelor of Arts ,Man
2213,Lulama ,Dlamini ,2897499@students.wits.ac.za,Student,2897499,BSc in Construction Studies ,Woman
2214,Thato Palesa,Choabi,3072611@students.wits.ac.za,Student,3072611,Bachelor of Science ,Woman
2215,Mpumelelo ,Mashatola ,3110519@students.wits.ac.za,Student,3110519,Bachelor of commerce information systems ,Woman
2216,Lelethuthando ,Nikelo,2907914@students.wits.ac.za,Student,2907914,Bachelor of computer science ,Man
2217,Nkanyiso ,Dotye,2991842@students.wits.ac.za,Student,2991842,Bachelor of Education ,Man
2218,Tshegofatso ,Mangwedi,1343689@students.wits.ac.za,Student,1343689,Masters in anthropology ,Non-binary
2219,Gundo,Mukwevho ,2825883@students.wits.ac.za,Student,2825883,Bachelor of Medicine and Bachelor of Surgery ,Woman
2220,Zwoitwaho ,Tshivhunga ,2835813@students.wits.ac.za,Student,2835813,Bachelor of Nursing ,Woman
2221,Kabelo,Kekana,2990937@students.wits.ac.za,Student,2990937,Bachelor of Laws,Man
2222,Kaizer,Nkoana,1905147@atudent.wits.ac.za,Student,1905147,Master of Management,Man
2223,Lesego ,Solomons,2881394@students.wits.ac.za,Student,2881394,Bachelor of Arts,Woman
2224,Khanyisile ,Mabaso,3003519@students.wits.ac.za,Student,3003519,Accounting science ,Woman
2225,Maanda,Ndou,2828222@students.wits.ac.za,Student,2828222,BSc Mechanical Engineering ,Man
2226,Vukona ,Mashele,2962578@students.wits.ac.za,Student,2962578,Bachelor of Accountinh Science,Woman
2227,Nokukhanya,Ndaba,2538228@students.wits.ac.za,Student,2538228,Bachelor of Science in Chemical Engineering ,Woman
2228,Muneiwa Given ,Netshivhazwaulu ,2944797@students.wits.ac.za,Student,2944797,Bachelor of Science in Computer Science ,Man
2229,Amanda,Madlistobo,2973302@students.wits.ac.za,Student,2973302,Bachelor of Education ,Woman
2230,Fezeka,Khanyi,2459752@students.wits.ac.za,Student,2459752,MSc Epidemiology in Epidemiology and Biostatistics ,Woman
2231,Sibusiso ,Mahlaba ,2945572@wits.ac.za,Student,2945572,Bachelor of Commerce ,Man
2232,Princess ,Sibiya,2455481@students.wits.ac.za,Student,2455481,MBBCH,Woman
2233,Sibongakonke ,Ngwane,2644905@students.wits.ac.za,Student,2644905,Bachelor of science in Engineering ,Man
2234,Nakedi ,Mabeba,2663848@students.wits.ac.za,Student,2663848,Bachelor of science ,Man
2235,Lebohang ,Tladi,3013487@students.wits.ac.za,Guest,,,Man
2236,Ntokozo,Dlamini,2955545@students.wits.ac.za,Student,2955545,Bachelor of Science in Geology ,Woman
2237,Harsharan ,Bhana,2768704@students.wits.ac.za,Student,2768704,Bachelor of Science ,Man
2238,Sandile ,Cindi,sandileluyanda365@gmail.com,Student,2732161,Bachelor of Science in Engineering(Electrical Engineering),Man
2239,Simphiwe ,Masuku,3000131@students.wits.ac.za,Student,3000131,BA,Woman
2240,Sello ,Rannenyene,2906953@students.wits.ac.za,Student,2906953,Bachelor of Accounting science ,Man
2241,Lucky Vusi ,Mthimunye,lucky.mthimunye@wits.ac.za,Wits Staff Member,,,Man
2242,Imange ,Tambekile,2898526@students.wits.ac.za,Student,2898526,Mbbch,Woman
2243,Dembe ,Mashula,3089657@students.wits.ac.za,Student,3089657,Bcom in Accounting ,Woman
2244,Itumeleng,Motloung,2906956@students.wits.ac.za,Student,2906956,Bachelor of Laws (4Yrs),Woman
2245,Njabulo,Vilakazi,3070016@students.wits.ac.za,Student,3070016,Bachelor of Science ,Man
2246,Abigail ,Sekwati ,2720134@students.wits.ac.za,Student,2720134,Mining Engineering ,Woman
2247,Nosbusiso,Masimula,3062621@stydents.wits.ac.za,Perfomer,3062621,Bachelor of clinical medical practice ,Woman
2248,Seshoka,Ramohlale,2590153@students.wits.ac.za,Student,2590153,Bsc in Mining Engineering ,Woman
2249,Vukona,Mashele ,2962578@students.wits.ac.za,Student,2962578,Bachelor of Accounting Science,Woman
2250,Tshepiso  ,Moila,2330696@students.wits.ac.za,Student,2330696,BCTA/Accouting science ,Woman
2251,Lesego,Sekgogoba,2999427@students.wits.ac.za,Student,2999427,Bachelor of Education,Woman
2252,Nsuku Thato,Mhinga ,3136449@students.wits.ac.za,Student,3136449,Bachelor of Arts,Woman
2253,Bonolo,Cube,2659555@students.wits.ac.za,Student,2659555,Bachelor of Accounting Science,Woman
2254,Mbalenhle ,Baloyi ,mbalieghmbali050@gmail.com,Wits Staff Member,,,Woman
2255,Katleho,Masimole,2618663@students.wits.ac.za,Perfomer,2618663,Bsc ,Woman
2256,Gcinile ,Dlamini,1938324@students.wits.ac.za,Student,1938324,Bachelor of Medicine and Surgery ,Woman
2257,Soka,Shabalala,3171681@students.wits.ac.za,Student,3171681,Medicine,Prefer not to say
2258,Lunga ,NDLANGAMANDLA ,3106100@students.wits.ac.za,Student,3106100,Bachelor of Laws,Woman
2259,Muano ,Mudau ,patmuano@gmail.com,Student,2940949,Bachelor of Science ,Woman
2260,Martine ,Kabongo,2805874@students.wits.ac.za,Student,2805874,Bachelor of Medicine and Bachelor of Surgery ,Woman
2261,Khanyisile Aurora ,Mbata,2982467@students.wits.ac.za,Student,2982467,Bachelor of social work,Woman
2262,Mokgadi Edith,Chabalala,mokgadi.chab@gmail.com,Student,3185490,Post Graduate in Management leadership,Woman
2263,Tshegofatso ,Motong ,3024654@students.wits.ac.za,Perfomer,3024654,Bachelor of Laws,Woman
2264,Thobile,Mhlongo,2542656@students.wits.ac.za,Student,2542656,Bachelor of Medicine and Bachelor of Surgery,Woman
2265,Lilitha ,Khwebulana ,babylt896@gmail.com,Student,3071252,Bachelor of Science ,Man
2266,Sagwati ,Chauke ,sagwatishalomchauke@gmail.com,Student,2801995,Bachelor of  Accounting science ,Woman
2267,Oratilwe,Kotu,2658099@students.wits.ac.za,Student,2658099,Bachelor of Medicine and Surgery,Woman
2268,Reitumetse,Molepo,2997380@students.wits.ac.za,Student,2997380,Bachelor of Nursing,Woman
2269,Ofentse,Sekoto,2940898@students.wits.ac.za,Student,2940898,Bachelor of Arts ,Woman
2270,Nokwanda ,Xulu,3084425@students.wits.ac.za,Perfomer,3084425,Bachelor of Science In Engineering,Woman
2271,Sonwabile ,Shibane ,2593477@students.wits.ac.za,Student,2593477 ,Bachelor of Nursing ,Woman
2272,Koketso,Moshokwa,3071997@students.wits.ac.za,Student,3071997,Bachelor of Science in Chemical engineering,Woman
2273,Candice ,Nkata,2875705@students.wits.ac.za,Student,2875705,Bachelor of Arts ,Non-binary
2274,Nelson ,Mtshweni ,2965231@students.ac.za,Student,2965231,Bachelor of Science ,Man
2275,Mashudu,Matloha,2979165@students.wits.ac.za,Student,2979165,Bsc in Actuarial Science ,Man
2276,Sizakele ,Zulu,zulubs@gmail.com,Guest,,,Woman
2277,Sanele ,Mabaso,3107720@students.wits.ac.za,Student,3107720,Bachelor's of Accounting Science ,Woman
2278,Miyelani,Masonto,2967987@students.wits.ac.za,Student,2967987,BA Law Major,Woman
2279,Thembi ,Mathebul,thembi.mathebula@wits.ac.za,Wits Staff Member,,,Woman
2280,Ayanda ,Gasa,3084369@students.wits.ac.za,Student,3084369,BSc Biological sciences ,Man
2281,Asenathi ,Mpela ,2982966@students.wits.ac.za,Student,2982966 ,MBBCH ,Woman
2282,Ayabonga ,Majozi ,3075644@students.wits.ac.za,Student,3075644,BSc Physiotherapy ,Woman
2283,Motheo ,Tsoka ,3069709@students.wits.ac.za,Student,3069709,Bachelor of Accounting Science ,
2284,Sikuyo Yolula Moses ,Sithole,sitholesikuyoyolulamoses@gmail.com,Student,3120688,Bachelor of Science ,Man
2285,Lethabo,Mkhize,2805856@students.wits.ac.za,Student,2805856,Bachelor of Medicine and Bachelor of Surgery ,Non-binary
2286,Lehakwe ,Makhetha ,3000553@students.wits.ac.za,Student,3000553,Bachelor of Accounting Science ,Woman
2287,Mhlavase Angel ,Mhlongo ,3072105@students.wits.ac.za,Perfomer,3072105,Bachelor of Medicine and Bachelor of Surgery ,Woman
2288,Darnelle ,Henry ,2968694@students.wits.ac.za,Student,2968694,"Bachelor of Science, Aeronautical Engineering ",Woman
2289,Aneliso,Mtyida,2848249@students.wits.ac.za,Student,2848249,Bachelor of Nursing ,Woman
2290,Gift,Mokalapa,3088796@students.wits.ac.za,Student,3088796,Bachelor of Science ,Man
2291,Kutlwano ,Nkogatse ,2961662@students.wits.ac.za,Student,2961662,Bachelor of education ,Woman
2292,Oratile,Kaziwa,3121172@students.wits.ac.za,Student,3121172,Bachelor of Law,Man
2293,Mbali,Mthimunye ,mthimunyem413@gmail.com,Student,2559124,Bachelor of Commerce in Accounting ,Woman
2294,Thatohatsi,Lediga,ledigathatohatsi@gmail.com,Student,2943376,Bachelor of Science,Woman
2295,Mapula,Mantlhakga,2958463@students.wits.ac.za,Student,2958463,Bachelor of accounting science ,Woman
2296,mpho,mahlanya,3030291@students.wits.ac.za,Student,3030291,bachelor of education ,Woman
2297,Nosipho ,Mabuza,2999290@students.wits.ac.za,Student,2999290,Bachelor of Education ,Woman
2298,Lesedi ,Baloyi ,2966173@students.wits.ac.za,Student,2966173,Bachelor of medicine and surgery ,Man
2299,Thobani  ,Dlamini,2574188@students.wits.ac.za,Student,2574188,Bachelor of Laws,Man
2300,Banoyolo ,Bonga ,3105075@students.wits.ac.za,Student,3105075,Bsc(Electrical Engineering),Man
2301,Miguel ,Sibaya,3002170@students.wits.ac.za,Student,3002170,Bachelor of Science in Actuarial science and mathematical statistics ,Man
2302,Sibuselo ,Gama,2679884@students.wits.ac.za,Student,2679884,Bachelor of Science ,Woman
2303,Mukelani ,Mndaweni ,2991564@students.wits.ca.za,Student,2991564,Bachelor of education,Woman
2304,Philasande ,Dlamini ,dlaminiphilasande65@gmail.com,Student,2829615,Theatre and Performance ,Man
2305,Amahle ,Cele ,2955044@students.wits.ac.za,Student,2955044,Bachelor of Accounting Sciences ,Woman
2306,Phumudzo ,Shibyeni ,phumudzo311@gmail.com,Student,2977955,Bachelor of Pharmacy ,Woman
2307,Itumeleng ,Seotlo,2441587@students.wits.ac.za,Student,2441587,MBBCH,Woman
2308,Ofentse ,Rakoo,2823020@students.wits.ac.za,Student,2823020,Bachelor of Science ,Woman
2309,Blessing,Molamodi,3007394@students.wits.ac.za,Student,3007394,BSc,Man
2310,Abigail,Chambamba ,3096235@students.wits.ac.za,Student,3096235,Bachelors of Law,Woman
2311,Bryanna ,Abaidoo,2954337@students.wits.ac.za,Student,2954337,Bachelor of Arts,Woman
2312,Sandile ,Mkhwanazi ,2992186@students.wits.ac.za,Student,2992186,Bachelor of Pharmacy,Man
2313,Mmogo,Seipelo,seipelommogo@gmail.com,Student,2862548,Mining engineering ,Woman
2314,Anesu ,Zvinoera ,2971327@students.wits.ac.za,Student,2971327,Bachelor of Engineering ,Man
2315,Luyanda ,Mbele,2799436@students.wits.ac.za,Student,2799436,Bsc property studies ,Woman
2316,Amohelang,Chokwe,2832820@students.wits.ac.za,Student,2832820,MBBCH,Woman
2317,Kgaogelo ,Zaca,2994726@students.wits.ac.za,Student,2994726 ,Bachelor of Arts,Man
2318,Hafiswa,Ssempiira ,hssempiira@gmail.com,Student,225255152,Bachelor of Arts (Politics ans Economics),Woman
2319,Relebogile ,Hlungwani ,3011593@students.wits.ac.za,Student,3011593,Bachelor of Science in biological sciences ,Woman
2320,Nosisa,Dlamini,2450702@students.wits.ac.za,Student,2450703,Bachelor of Science in Electrical Engineering ,Woman
2321,Athenkosi ,Mvelisi ,3009334@students.wits.ac.za,Student,3009334,Bcom Accounting ,Woman
2322,Nxobile,Madonsela,2676703@students.wits.ac.za,Student,2676703,Bachelor of Education ,Woman
2323,Nande,Mthembu ,3033898@students.wits.ac.za,Student,3033898,BA Fine Arts,Woman
2324,Lesedi,Gumede ,3172260@students.wits.ac.za,Student,3172260,Bachelor of arts general ,Woman
2325,Xihlovo,Baloyi,3000490@students.wits.ac.za,Student,3000490,Bachelor of Arts ,Woman
2326,Fatima,Mathiba,3064797@students.wits.ac.za,Student,3064797,Bachelor of Health Sciences,Woman
2327,Tumane ,Mokoena,3068623@students.wits.ac.za,Student,3068623,Bachelor of Science ,Man
2328,Nonhlanhla ,Ngwenya ,2465135@students.wits.ac.za,Student,2465135,Bachelor of nursing science ,Woman
2329,Lutendo,Makgotlo,seldamakgotlo@gmail.com,Guest,,,Woman
2330,Thubelihle ,Nhlabatsi ,2940972@students.wits.ac.za,Student,2940972,BScEng Mining Engineering ,Man
2331,Vanessa ,Sitole ,3138033@students.wits.ac.za,Student,3138033,Bachelor of Health Science ,Woman
2332,Mphathiwesizwe ,Mkhonza ,2680413@students.wits.ac.za,Student,2680413,Bachelor of Science ,Woman
2333,Rose ,Makwela,2828061@students.wits.ac.za,Student,2828061,BA LAW,Woman
2334,Nakampe ,Mabapa ,3082215@students.wits.ac.za,Perfomer,3082215,Bed,Man
2335,Thabiso,Nkosi ,2947479@students.wits.ac.za,Student,2947479,BA Political science and International Relations ,Man
2336,Adivhaho ,Mphephu ,2686079@students.wits.ac.za,Student,2686079,Mining Engineering ,Man
2337,Keitumetse,Selomo,2944278@students.wits.ac.za,Student,2944278,Bsc Actuarial Science ,Man
2338,Lerato,Khutlane,2969256@students.wits.ac.za,Student,2969256,Bachelor of Accounting Science ,Woman
2339,Lehlohonolo ,Sakoane ,3011656@students.wits.ac.za,Perfomer,3011656,LLB,Man
2340,Unathi,Siwa,3113189@students.wits.ac.za,Student,3113189,Bachelor of Arts,Woman
2341,Naseeha ,Karodia,naseehakarodia24@gmail.com,Student,2812039,Bsc. Chemical Engineering,Woman
2342,Kamohelo ,Mtimkulu ,2956685@students.wits.ac.za,Student,2956685,Bachelor of Accounting Sciences ,Woman
2343,Mmasetshaba,Sebiloane,3068593@students.wits.ac.za,Perfomer,3068593,BSc Physiotherapy,Woman
2344,Simangaliso ,Magwaza,2953488@students.wits.ac.za,Student,2953488,Bachelor of Arts,Woman
2345,Owami,Malope,3096747@students.wits.ac.za,Student,3096747,Bachelor of Arts in Law,Man
2346,Kgabo ,Masoma,2880203@students.wits.ac.za,Student,2880203,Bachelor of Education ,Man
2347,Thembela,Mkhaliphi ,thembela.mkhaliphi@wits.ac.za,Wits Staff Member,,,Man
2348,Hope,Mphahlele,2616937@students.wits.ac.za,Student,2616937,Bachelor of commerce in accounting ,Woman
2349,Rofhiwa,Raphalalani,2718218@students.wits.ac.za,Student,2718218,Postgraduate diploma in specialised Accounting ,Woman
2350,Mohau,Mokoena ,2836545@students.wits.ac.za,Perfomer,2836545,Bsc Electrical Engineering ,Man
2351,Ofentse ,Raad ,2960382@students.wits.ac.za,Student,2960382,Bachelor of Accounting science ,Woman
2352,Oratile,Gaolefeloe,2715811@students.wits.ac.za,Student,2715811,Bachelor of Science in Physiotherapy,Woman
2353,Manelisi,Mlombo,3093709@students.wits.ac.za,Student,3093709,Bachelor of Accounting Science,Man
2354,Elelwani,Nevhufumba,1822063@students.wits.ac.za,Wits Staff Member,,,Woman
2355,Skhanyiso,Douw,2982863@students.wits.ac.za,Student,2982863,Bachelor of Health Sciences ,Woman
2356,Tshwarelo ,Mafuyeka,2621680@students.wits.ac.za,Student,2621680,Bachelor of Education ,Man
2357,Boitumelo ,Mokwena ,2597060@students.wits.ac.za,Perfomer,2597060,Bachelor of Hons in Education ,Woman
2358,Slindile ,Magubane ,2996500@students.wits.ac.za,Student,2996500,BSc Chemical Engineering ,Woman
2359,Mosininane,Moeng,2551917@students.wits.ac.za,Student,2551917,BSc Mining Engineering,Man
2360,Bophelo ,Lephoto,2739146@students.wits.ac.za,Student,2739146,Bachelor of Education ,Man
2361,Lumko ,Mnqonywa ,2853383@students.wits.ac.za,Student,2853383,Bachelor of Pharmacy ,Man
2362,Bokang ,Matane ,2993412@students.wits.ac.za,Student,2993412,Bachelor of Nursing,Woman
2363,Nompumelelo portia,Xulu,nxulu390@gmail.com,Guest,,,Woman
2364,Ashwin,Moyo,2844414@students.wits.ac.za,Student,2844414,BSc Engineering (Electrical),Man
2365,Lisekho ,Jabavu ,2662371@students.wits.ac.za,Student,2662371,Bachelor of Science ,Man
2366,Lesedi ,Makoala ,lesedibmakoala@gmail.com,Student,3172343,Bachelor of Arts,Woman
2367,Mhlavase Angel ,Mhlongo ,3072105@students.wits.ac.za,Perfomer,3072105,Bachelor of Medicine and Bachelor of Surgery ,Woman
2368,Nothando Paballo,Dlamini,nothandopabiii@icloud.com,Perfomer,3129751,Bsc in Occupational Therapy ,Woman
2369,Njabulo,Nkosi,3089421@students.wits.ac.za,Student,3089421,Bachelor of Science in Engineering,Man
2370,Banele,Sithetho,2801851@students.wits.ac.za,Student,2801851,Bachelor of Arts,Woman
2371,Kananelo,Mokoena,3066782@students.wits.ac.za,Perfomer,3066782,Bachelor of Accounting Science,Man
2372,Faith,Makatong ,2942588@students.wits.ac.za,Student,2942588,Bachelor of science in actuarial science ,Woman
2373,Lilitha ,Mda,2950673@students.wits.ac.za,Student,2950673,Bcom general,Woman
2374,Leago ,Mphahlele ,2684489@students.wits.ac.za,Student,2684489,Bachelor of Medicine and Bachelor of Surgery ,Woman
2375,Bandile ,Simelane ,2951455@students.wits.ac.za,Perfomer,2951455,Bachelor of Pharmacy ,Woman
2376,Sinakhokonke ,Zaca,2628355@students.wits.ac.za,Perfomer,2628355,Batchelor of Education,Woman
2377,Olona ,Tukwayo,2560189@students.wits.ac.za,Student,2560188,BA Law,Woman
2378,Unako ,Nombeleko,2704401@students.wits.ac.za,Student,2704401,Postgraduate Diploma in Management in the field of Business Admnistration,Woman
2379,Nomangwane ,Hlongwana ,2702405@students.wits.ac.za,Student,2702405,Bachelor of Education ,Woman
2380,Lahluma ,Hoboshe ,2963297@students.wits.ac.za,Student,2963297,BSc Physiotherapy ,Woman
2381,Sinqobile,Phakathi,2853416@students.wits.ac.za,Student,2853416,Bachelor of Laws,Woman
2382,Hlelokuhle,Balfour,2809038@students.wits.ac.za,Student,2809038,Bachelor in Audiology,Man
2383,Andiswa,Khumalo ,2588631@students.wits.ac.za,Student,2588631,Bachelor of Science ,Woman
2384,Yevedzo,Guruwo,2962869@students.wits.ac.za,Student,2962869,Bachelor of Laws,Woman
2385,kgomotso,chikane,3169204@students.wits.ac.za,Student,3169204,Bachelor of Arts ,Man
2386,Sithembile ,Mmolawa ,mmolawasithembile941@gmail.com,Guest,,,Man
2387,Mila ,langeni,2767831@students.wits.ac.za,Student,2767831,bachelor of accounting sciences,Woman
2388,Iman,Ahmed,imanjawwad202@gmail.com,Guest,,,Woman
2389,Bonolo ,Sibanda ,3094704@students.wits.ac.za,Student,3094704,Bsc Chemical Engineering ,Woman
2390,Siphosethu ,Mkhwebane,3124888@students.wits.ac.za,Student,3124888,Bachelor of Pharmacy,Woman
2391,Lilita ,Siyona,3099264@students.wits.ac.za,Student,3099264,Bachelor of Science in Chemical Engineering ,Woman
2392,Sibonelo,Nkombesi ,2603778@students.wits.ac.za,Student,2603778,Bachelor of science ,Man
2393,Katlego ,Matlala ,2953506@students.wits.ac.za,Student,2953506,Bachelor of Education ,Woman
2394,Benny,Bah-Buxton,2965171@students.wits.ac.za,Student,2965171,Bsc Actuarial Science,Man
2395,Disebo ,Mokoena ,2755734@students.wits.ac.za,Student,2755734,Bachelor of Arts in Digital Arts ,Woman
2396,Emile,Mteki,2943107@students.wits.ac.za,Student,2943107,Bachelor of Pharmacy,Non-binary
2397,Tshepa Hebann ,Phatshwane ,2588003@students.wits.ac.za,Student,2588003,Bachelor of Education ,Woman
2398,Nomkhosi ,Mabaso ,3101564@students.wits.ac.za,Student,3101564,Biological sciences ,Woman
2399,Nontobeko ,Macega,3010350@studwnts.wits.ac.za,Student,3010350,Bachelor of Education ,Woman
2400,Nhlanganiso,Tshabangu,2177455@students.wits.ac.za,Student,2177455,Bachelor of Arts in Digital Arts,Man
2401,Lumanyano,Mgoqi,2577448@students.wits.ac.za,Student,2577448,Bachelor of science in civil engineering ,Man
2402,Keitaotse ,Mmadi,2978044@students.wits.ac.za,Student,2978044,Bachelor of Education ,Woman
2403,Xuma,Zitha,Zithaxuma18@gmail.com,Student,2976383,Bcom Accounting ,Man
2404,Tshiamo,Nkadimeng,2801103@students.wits.ac.za,Student,2801103,Bachelor of Science in Chemical Engineering ,Woman
2405,Qaqamba,Tiyo,2818387@students.wits.ac.za,Student,2818387,Bachelor of Education ,Woman
2406,Manelisi ,Maile ,3143854@students.wits.ac.za,Perfomer,3143854,Bachelor of Accounting Science ,Man
2407,Success ,Mahlalela,2613074@students.wits.ac.za,Student,2613074,BSc Engineering (Mining),Man
2408,Goitsemang ,Letebele,2733536@Students.wits.ac.za,Student,2733536,BCom Honours ,Man
2409,Paballo,Shabangu,3108828@students.wits.ac.za,Perfomer,3108828,Bachelor of Health Science in Biomedical Sciences,Woman
2410,Eden,Naidoo,2809295@students.wits.ac.za,Student,2809295,Bachelor of Pharmacy,Woman
2411,Dineo ,Modisane ,3115519@students.wits.ac.za,Perfomer,3115519,Bachelor of clinical medical practise ,Woman
2412,Ofentse,Bogopane,2676456@students.wits.ac.za,Student,2676456,Bachelor of Arts in Law,Woman
2413,Aphile ,Ntombela,2900414@students.wits.ac.za,Student,2900413,Bachelor of Science general ,Woman
2414,Monica ,Zinto,1853923@students.wits.ac.za,Student,1853923,Mining Engineering ,Woman
2415,Johnson ,Gapu,2955906@students.wits.ac.za,Student,2955906,Bachelor of laws,Prefer not to say
2416,Buhlebenkosi ,Mokwena ,2665193@students.wits.ac.za,Student,2665193,Bachelor of Science in Mining Engineering ,Woman
2417,Lihlithemba,Masinga,Lihlemasinga266@gmail.com,Student,3116776,Bachelor of education ,Woman
2418,Tiyiselani,Ntimane,2890882@students.wits.ac.za,Student,2890882,Bachelor of Science in Biological sciences,Woman
2419,Tsholofelo ,Nowalaza ,Tsholosayda@gmail.com,Guest,,,Woman
2420,Khensani,Malokotsa,2810942@students.wits.ac.za,Student,2810942,Bachelor of Audiology,Woman
2421,Moloko,Makoeng,A0078165@wits.ac.za,Wits Staff Member,,,Woman
2422,Alinafe Iviwe ,Phiri,2824520@students.wits.ac.za,Student,2824520,Bachelor of Science,Woman
2423,Vanessa ,Mulaudzi ,3026674@students.wits.ac.za,Student,3026674,Bachelor of Laws ,Woman
2424,Phila ,September ,2666336@students.wits.ac.za,Student,2666336,Postgraduate diploma in data science ,Man
2425,Hlumelo,Modi,3084279@students.wits.ac.za,Student,3084279,Bachelor of Arts,Man
2426,Esethu,Goba,2872374@students.wits.ac.za,Student,2872374,BCMP,Woman
2427,Musawenkosi ,Mlangeni,Musawenkosi016@gmail.com,Perfomer,223029596,BA sports Science,Man
2428,Thandokuhle ,Xulu,Thandokuhle0708@gmail.com,Perfomer,2705242,LLB,Man
2429,Mukelwe ,Gina,mukelwe.gina2021@gmail.com,Perfomer,226170071,BA Public Management and Governance ,Woman
2430,Seabi ,Mabe,mabeseabi@gmail.com,Perfomer,224072807,Bachelor of Laws,Woman
2431,Palesa,Mhlanga,palesamhlanga1309@gmail.com,Perfomer,2875800,Bachelor of Education,Woman
2432,Mbalenhle ,Mabasa,mbalenhlegama770@gmail.com,Guest,,,Woman
2433,Tshegofatso Chanelle,Bokaba,bokabatshegofatso35@gmail.com,Perfomer,225058687,Bcom in Economics and Econometrics,Woman
2434,Nhlanhla ,Radebe,nonhlanhlaangel238@gmail.com,Perfomer,2872005,Bachelor of arts in theatre and performance ,Woman
2435,Siyamthanda ,Ngema,ngemasiyamthanda5@gmail.com,Perfomer,224053329,Sports Management ,Man
2436,Rethabile Mokere,Mokhola,mokholar@gmail.com,Perfomer,N/A,Bachelor of Laws (LLB),
2437,Aphelele,Kubisa,aphekubisa@gmail.com,Perfomer,224046885,Bcom Accounting,Man
2438,gift ,ntshangase ,giftntshangase275@gmail.com,Perfomer,12403843,no,Man
2439,Min'enhle ,Zondo ,2939917@students.wits.ac.za,Student,2939917 ,Bachelor of Education Intermediate Phase ,Woman
2440,Rethabile Mokere,Mokhola,mokholar@gmail.com,Perfomer,225115852,Bachelor of Laws (LLB),
2441,Qaqamba Kuhle ,Kani,qaqambakani44@gmail.com,Perfomer,226124903,Diploma in Transportation management ,Woman
2442,Barbara,Ramaila,2981772@students.wits.ac.za,Student,2981772,BSc Occupational Therapy ,Woman
2443,Refentse,Molefi,rmolefi@thrivestudentliving.co.za,Perfomer,9602220215085,Horizon Heights Student Life Manager ,Woman
2444,Hephzibah ,Banda,2957387@students.wits,Student,2957387,Bachelor of science ,Woman
2445,Karabo Onthatile ,Kgaje ,2898858@students.wits.ac.za,Student,2898858,Bachelor of Arts,Woman
2446,Nolihle,Ngcobo,3123348@students.wits.ac.za,Student,3123348,Bachelor of Commerce ,Woman
2447,Khethiwe ,Mhlanga,2655502@students.wits.ac.za,Student,2655502,Bachelor of arts ,Woman
2448,Lulama ,Mbhiza ,2975501@students.wits.ac.za,Student,2975501,Bachelor of Science,Man
2449,Eyam,Tshali,tshalieyam378@gmail.com,Student,225196255,Diploma in transportation management,Woman
2450,Lesedi,Makobe,lesedimakobe09@gmail.com,Student,2552980,Bachelor of Laws,Woman
2451,Bongiwe ,Sangweni ,bongiwesangweni05@gmail.com,Perfomer,225214418,Bachelor of commerce in finance ,Woman
2452,Nomandla ,Cebekhulu ,3135276@students.wits.ac.za,Student,3135276,BSc physiotherapy ,Woman
2453,Peabo ,Ndlovu ,2352494@students.wits.ac.za,Student,2352494,Bachelor of pharmacy ,Man
2454,Nomthandazo ,Mpofu,2816282@students.wits.ac.za,Student,2816282,Bachelor of health science ,Woman
2455,Sinethemba ,Funani,3169834@students.wits.ac.za,Student,3169834,PhD Mathematics,Man
2456,Siyabonga Melusi,Malindisa,2841376@students.wits.ac.za,Student,2841376,BSc Aeronautical Engineering,Man
2457,Queen ,Mutheiwana,285134@students.wits.ac.za,Student,2857134,BSc Mining Engineering,Woman
2458,Fezeka,Mbuthuma,2888501@students.wits.ac.za,Student,2888501,Bachelor of Arts (Law Major),Woman
2459,Godwill Ntsako,Shabalala,2562712@students.wits.ac.za,Student,2562712,Bachelor of Science,Man
2460,Mudanagundo,Ramantswana,2721287@students.wits.ac.za,Student,2721287,Bachelor of Science,Woman
2461,Luyanda,Fundama,luyandafundama@gmail.com,Guest,,,Woman
2462,Malwandla,Baloyi,3002771@students.wits.ac.za,Student,3002771,Bachelor of Arts,Woman
2463,Ntombifuthiienhle ,Mavuso,ntombifuthiienhle@gmail.com,Perfomer,224074036,Bachelor of Science,Woman
2464,Cebile ,Nxumalo ,Cebinx10@gmail.com,Student,2884557,Bachelor of Economic Science ,Woman
2465,Katlego ,Seduce ,sefubakatlego71@gmail.com,Student,2549625,Bachelor of Science ,Man
2466,Sesihle ,Mqikela ,3124285@students.wits.ac.za,Student,3124285,Bachelor of Pharmacy ,Woman
2467,Makhosazana ,Matshalela ,2995990@students.wits.ac.za,Student,2995990,Bachelor of Education,Woman
2468,Siyanda,Vilakazi,vilakazisiyanda92@gmail.com,Perfomer,225019526,Bcom accounting ,Woman
2469,Phumlani,Nophala,2816877@students.wits.ac.za,Student,2816877,BSc Mechanical Engineering,Man
2470,Kwande,Maluleke,3092264@students.wits.ac.za,Student,3092264,Bachelor of Arts General,Man
2471,Siphesihle,Matsane ,3158704@students.wits.ac.za,Student,3158704,Bachelor of Accounting sciences ,Man
2472,Esihle,Nkwanyana ,2801123@students.wits.ac.za,Student,2801123,Bachelor of Commerce,Woman
2473,Matimu ,Mlondzo ,2740158@students.wits.ac.za,Student,2740158 ,Bachelor of Laws,Man
2474,Sinovuyo ,Mchunu ,sikhombisomchunu@gmail.com,Perfomer,225022421,Bachelor of accounting ,Man
2475,Nkosinathi ,Nkolela ,2703710@students.wits.ac.za,Student,2703710,Bachelor of Laws ,Man
2476,Nsovo,Mathonsi,2711637@students.wits.ac.za,Student,2711637,MBChB,Man
2477,Kealeboga ,Mobita,3104983@students.wits.ac.za,Student,3104983,Bachelor of Accounting Sciences ,Woman
2478,Katlego ,Maoka,3151047@students.wits.ac.za,Student,3151047,Bachelor of Laws,Man
2479,Morongoa ,Rantao ,3099926@students.wits.ac.za,Student,3099926,Bachelor of Arts ,Woman
2480,Rhulani-Junior,Gana,jb484357@gmail.com,Perfomer,224111394,Bachelor of Accounting ,Man
2481,Dana,Zorkot,2875822@students.wits.ac.za,Student,2875822,Bachelor of Oral health Science,Woman
2482,Ndivho,Shilling,2690851@students.wits.ac.za,Student,2690851,BSc Honours Cybersecurity,Man
2483,Sinegugu ,Hlela ,zuziwesinegugu78@gmail.com,Student,225020516,Bachelor of law,Woman
2484,Candice,Kruger,2677209@students.wits.ac.za,Student,2677209,Bachelor of Science in Occupational Therapy,Woman
2485,Bokang Khanya ,Ramatsui,2092321@students.wits.ac.za,Student,2092321,Bachelor of Laws,Woman
2486,Moduka,Mohoboko,2616771@students.wits.ac.za,Student,2616771,Bachelor of Science,Man
2487,Jabulane,Makgalemele,2769243@students.wits.ac.za,Student,2769243,Bachelor of Science in Engineering,Man
2488,Siphosihle,Mbuyazi,Siphosihlembuyazi04@gmail.com,Student,Siphogifm,Civil engineering ,
2489,Thato,Mohapa,2852992@students.wits.ac.za,Student,2852992,Bachelor of Science ,Woman
2490,Reatisitswe,Moshoeshoe,2491509@students.wits.ac.za,Student,2491509,Bachelor of Arts in Fine Arts,Woman
2491,Lukhanyo ,Peter,2825705@students.wits.ac.za,Student,2825705,Bachelor of Education ,Man
2492,Rethabile ,Mofokeng ,A0079270@students.wits.ac.za,Wits Staff Member,,,Man
2493,Hans,Dladla,hansdladla@gmail.com,Student,883387,Honors in Education ,Man
2494,ThatoyaOne  ,Matlhatsi ,thatoyaonematlhatsi@icloud.com,Perfomer,26968018,Bachelor of Accounting Sciences,Man
2495,Yakhanani ,Eksteen,2883856@students.wits.ac.za,Student,2883856,Bachelor of Engineering ,Man
2496,KGOMOTSO,THANTSA,777188@students.wits.ac.za,Student,777188,Master of Education ,Man
2497,Kegoratile,Moabelo,2947414@students.wits.ac.za,Student,2947414,Bsc Biological Sciences,Woman
2498,Uthimna ,Ndlangalavu ,2701597@students.wits.ac.za,Student,2701597,Bachelor of Arts ,Woman
2499,Uluthando,Zuma,2332044@students.wits.ac.za,Student,2332044,BSc Construction Studies ,Woman
2500,ALUWANI,SIKHWIVHILU,1836528@students.wits.ac.za,Student,1836528,LLM,Woman
2501,Ntalo ,Mabasa,2822814@students.wits.ac.za,Student,2822814,BA Law,Woman
2502,Bulie,Ntsuntsha ,2939817@students.wits.ac.za,Student,2939817,BA Law,Woman
2503,Keletso,Tau,3099972@students.wits.ac.za,Student,3099972,Bachelor of Science,Man
2504,Keratilwe ,Mphahlele ,2827788@students.wits.ac.za,Student,2827788,Bachelor of Science ,Woman
2505,Pride,Segodi,pridesegodi231@gmail.com,Student,3072343,Bachelor of Science,Man
2506,Zizo,Ngcawe,zizongcawe217@gmail.com,Perfomer,225110893,Bcom in Business Management ,Woman
2507,Angelia,Leu,angeliarittileu@gmail.com,Guest,,,Woman
2508,Shaun,Masimini ,3019174@students.wits.ac.za,Student,3019174,Bachelor of Laws,Woman
2509,Bonganjalo ,Majozi ,2678282@students.wits.ac.za,Student,2678282,BHSc Biomedical Sciences ,Man
2510,Thabiso,Hadebe,2622079@students.wits.ac.za,Student,2622079,Bachelor of Education Honours ,Man
2511,Pranay ,Agarwal,2904809@students.wits.ac.za,Student,2904809,Bachelor of Science,Man
2512,Paballo ,Dibakwane ,2694256@students.wits.ac.za,Student,2694256,Bachelor of Arts honours ,Woman
2513,Kgaogelo,Malebati,2872272@students.wits.ac.za,Student,2872272,BSc Biological Sciences ,Woman
2514,Don,Iloh,3138008@students.wits.ac.za,Student,3138008,Bcom Accounting,Man
2515,Neo ,Izunobi,2437834@students.wits.ac.za,Student,2437834,Bachelor of Laws ,Man
2516,Sanele ,Mkize ,2668584@students.wits.ac.za,Student,2668584,BSc in Aeronautical Engineering ,Man
2517,Thokozani,Tsakana,0417115V@students.wits.ac.za,Wits Staff Member,,,Man
2518,Bokamoso ,Mokoto ,3094782@students.wits.ac.za,Student,3094782,Bachelor of Science ,Woman
2519,Andile ,Chonco,2357724@students.wits.ac.za,Student,2357724,Bachelor of Law,Woman
2520,Nokubonga ,Nene,2835836@students.wits.ac.za,Student,2835836,Bachelor of law,Woman
2521,Hlologelo,Malatji,Hlologelo.Malatji@wits.ac.za,Wits Staff Member,,,Man
2522,Bigboy,Madlala,548440@students.wits.ac.za,Student,548440,Doctor of Philosophy,Man
2523,Jerodine ,Marema,2764692@students.wits.ac.za,Student,2764692,BSc Geology,Woman
2524,adonis ,Ntuli ,adonisbhebhe77@gmail.com,Guest,,,Man
2525,Lukhanyo,Nondima,2594567@students.wits.ac.za,Student,2594567,BSc in Mechanical Engineering ,Man
2526,Ande,Ngcengce,2877454@students.wits.ac.za,Student,2877454,Bachelor of Science,Man
2527,Tshepo Elias,Rakumakoe,rakumakoe.tshepo@gmail.com,Wits Staff Member,,,Man
2528,Nondalo,Thembela,2731887@students.wits.ac.za,Guest,,,Woman
2529,Emihle ,Apleni,apleniemihle87@gmail.com,Student,2619464,Bachelor of Law,Woman
2530,Uyathandwa ,Ntutumbo ,2849889@students.wits.ac.za,Student,2849889,BPharm,Woman
2531,Tivekani MNISI,Mnisi,2656403@students.wits.ac.za,Student,2656403,BHSc,Woman
2532,Pheello ,Kimbili,Pjkimbili@icloud.com,Guest,,,Man
2533,Alan,Mabasa,www.alan.totalitarian@gmail.com,Guest,,,Man
2534,Ramudzuli ,Madzivhandila ,2867009@students.wits.ac.za,Student,2867009,ENGINEERING ,Man
2535,Reatlegile ,Motlhale,2429527@students.wits.ac.za,Student,2429517,BSc in Chemical Engineering ,Woman
2536,Boipelo,Tshitannye,3117520@students.wits.ac.za,Student,3117529,BsC Chemical engineering ,Woman
2537,Banele,Sibiya,Sibiyabanele26@gmail.com,Guest,,,Man
2538,Nompumelelo,Gwagwa,a0087629@wits.ac.za,Wits Staff Member,,,Woman
2539,Marie-Therese ,Eloko,2251020@students.wits.ac.za,Student,2251020,Bachelor of Science in Civil engineering ,Woman
2540,Dembe ,Libunyu ,2658852@students.wits.ac.za,Student,2658852 ,Bachelor of Pharmacy ,Woman
2541,Yakha,Maninjwa,2684684@students.wits.ac.za,Student,2684684,Bachelor of Science ,Man
2542,Aviwe,Mbaza,afmbaza@gmail.com,Guest,,,Woman
2543,Mmantome ,Molejane ,2952659@students.wits.ac.za,Student,2952659,Bachelor of Science in Occupational Therapy ,Woman
2544,Eloff,Kgoete ,eloffkg@gmail.com,Guest,,,Man
2545,Barack ,Idemudia ,2799394@students.wits.ac.za,Student,2799394,MBBCh,Man
2546,Ntsakiso Glan ,Maluleke,2663648@students.wits.ac.za,Student,2663648,Bachelor of Education ,Man
2547,Phumelele ,Mashele,458861@students.wits.ac.za,Student,458861,PhD in Science,Woman
2548,Paballo,Moorosi,2955612@students.wits.ac.za,Student,2955612,Bachelor of Commerce,Woman
2549,Siyamthanda ,Khoza,3150015@students.wits.ac.za,Student,3150015,BSC in Biological Sciences ,Man
2550,Donald ,Legodi,0217162k@students.wits.ac.za,Student,0217162k,Chemical Engineering ,Man
2551,Mpumelelo ,Ngonyama ,mpumelelongonyama0706@gmail.com,Perfomer,225069496,Bachelor of commerce in economics and econometrics ,Man
2552,Lwazi ,Lubisi,3059615@students.wits.ac.za,Student,3059615,Bcom law ,Woman
2553,Amahle,Myeni ,3145104@students.wits.ac.za,Student,3145104,Bachelor of Arts ,Woman
2554,AOBAKWE ,LETLAPE,leaobakwe@gmail.com,Perfomer,2611055,LLB ,Man
2555,Buhle,Shabalala,3029981@students.wits.ac.za,Student,3029981,Bachelor of Arts General,Woman
2556,Ayanda ,Sihlangu ,2561769@students.wits.ac.za,Student,2561769,Bachelor of Arts ,Woman
2557,Noluthando ,Yaka,3147794@students.wits.ac.za,Student,3147794,Bcom Accounting ,Woman
2558,Moitheri ,Losaba ,terrylosaba@gmail.com,Guest,,,Woman
2559,Mbuyelo ,Makaringe ,2967741@students.wits.ac.za,Student,2967741,Bachelor of medicine and Bachelor of surgery ,Woman
2560,Busisiwe ,Nhlabathi ,b.nhlabathi@gmail.com,Student,0701436a,PGCE ,Woman
2561,Evans ,Moukangwe ,3152405@students.wits.ac.za,Student,3152405,Bsc in Geological sciences ,Man
2562,Noxolo ,Ndlela ,thobekilenoxolo166@gmail.com,Student,3048885,Masters in Critical Diversity Studies ,Woman
2563,Ofentse ,Ramonnye ,3211859@students.wits.ac.za,Student,3211859,Chemical Engineering ,Man
2564,Aphelele,Makhaye,3072214@students.wits.ac.za,Student,3072214,BSc in Construction studies,Woman
2565,Rethabile ,Dibane,2591964@students.wits.ac.za,Student,2591964,Bachelor of Laws,Woman
2566,Rihangwele,Tshisikhawe,3173410@students.wits.ac.za,Student,3173410,BCom Accounting ,Woman
2567,Lorato ,Mathenjwa ,2402976@students.wits.ac.za,Student,2402976,Master of Commerce ,Woman
2568,Aphelele,Makhaye,3072214@students.wits.ac.za,Student,307221;,Bachelor of Science,Woman
2569,Nokuthula Victoria,Dube,victoria.dube@yahoo.com,Guest,,,Woman
2570,Kelly ,Nkutshweu ,2396564@students.wits.ac.za,Student,2396564,Master of Science ,Woman
2571,Thokozile ,Ngwenya ,thokozilengwenya@icloud.com,Guest,,,Woman
2572,Thamsanqa,Martiens,thamsanqa.martiens@gmail.com,Wits Staff Member,,,Man
2573,Tsholanang ,Rakgotho,rakgothotsholanang@gmail.com,Guest,,,Woman
2574,Thato,Nhlapo ,2661144@students.wits.ac.za,Student,2661144,Bachelor of Commerce ,Woman
2575,Siyanda,Msimango ,3137864@students.wits.ac.za,Student,3137864,Bachelor of Clinical Medical Practice ,Man
2576,Siyabonga,Mosibi,3114893@students.wits.ac.za,Student,3114893,Bachelor of Science In Engineering,Man
2577,Hope ,Mulungo ,2800238@students.wits.ac.za,Student,2800238,BSc Eng Chemical ,Man
2578,Gontse ,Mabasa,2844875@students.wits.ac.za,Student,2844875,Bachelor of Pharmacy ,Woman
2579,Samkelo ,Ndlovu ,3071652@students.wits.ac.za,Student,3071652 ,Bachelor of Science ,Man
2580,Noxolo ,Ntantala ,a0087628@wits.ac.za,Wits Staff Member,,,Woman